synonym_id,standard_term,synonym,relation_type,source_node_ids,confidence,review_status
synonym_49d974435b97,advisory committee,business,related_term,"[""personal_data_protection_act_2012_e857c5e9da_chunk_0008_ast""]",high,pending
synonym_8b7b52a069af,advisory committee,company,related_term,"[""personal_data_protection_act_2012_e857c5e9da_chunk_0008_ast""]",high,pending
synonym_d7254f0a50a8,advisory committee,data subject information,related_term,"[""personal_data_protection_act_2012_e857c5e9da_chunk_0008_ast""]",high,pending
synonym_7cf105c66546,advisory committee,organization,related_term,"[""personal_data_protection_act_2012_e857c5e9da_chunk_0008_ast""]",high,pending
synonym_708f001b0d21,advisory committee,personal information,related_term,"[""personal_data_protection_act_2012_e857c5e9da_chunk_0008_ast""]",high,pending
synonym_cc551aeb7fd1,advisory committee,个人信息,related_term,"[""personal_data_protection_act_2012_e857c5e9da_chunk_0008_ast""]",high,pending
synonym_366ef4101629,affected individual,data subject,related_term,"[""personal_data_protection_amendment_act_2020_d7cc5937b1_chunk_0023_ast"", ""personal_data_protection_act_2012_e857c5e9da_chunk_0054_ast""]",high,pending
synonym_6bbab02aa8c3,affected individual,data subject information,related_term,"[""personal_data_protection_amendment_act_2020_d7cc5937b1_chunk_0023_ast"", ""personal_data_protection_act_2012_e857c5e9da_chunk_0054_ast""]",high,pending
synonym_972252ca0d1b,affected individual,person,related_term,"[""personal_data_protection_amendment_act_2020_d7cc5937b1_chunk_0023_ast"", ""personal_data_protection_act_2012_e857c5e9da_chunk_0054_ast""]",high,pending
synonym_6ee5a997d8ea,affected individual,personal information,related_term,"[""personal_data_protection_amendment_act_2020_d7cc5937b1_chunk_0023_ast"", ""personal_data_protection_act_2012_e857c5e9da_chunk_0054_ast""]",high,pending
synonym_b3c92739b5ce,affected individual,个人信息,related_term,"[""personal_data_protection_amendment_act_2020_d7cc5937b1_chunk_0023_ast"", ""personal_data_protection_act_2012_e857c5e9da_chunk_0054_ast""]",high,pending
synonym_7b44bd3899e6,affected individual,自然人,related_term,"[""personal_data_protection_amendment_act_2020_d7cc5937b1_chunk_0023_ast"", ""personal_data_protection_act_2012_e857c5e9da_chunk_0054_ast""]",high,pending
synonym_b7f4e0804e3d,anonymised information,data subject information,related_term,"[""personal_data_protection_amendment_act_2020_d7cc5937b1_chunk_0154_ast""]",high,pending
synonym_2733739c1147,anonymised information,personal information,related_term,"[""personal_data_protection_amendment_act_2020_d7cc5937b1_chunk_0154_ast""]",high,pending
synonym_60b1afb789e9,anonymised information,个人信息,related_term,"[""personal_data_protection_amendment_act_2020_d7cc5937b1_chunk_0154_ast""]",high,pending
synonym_ab1ffcd1c5b1,appeal,data subject,related_term,"[""personal_data_protection_act_2012_e857c5e9da_chunk_0194_ast""]",high,pending
synonym_401776eff953,appeal,data subject information,related_term,"[""personal_data_protection_amendment_act_2020_d7cc5937b1_chunk_0137_ast""]",high,pending
synonym_3d1d8cebd200,appeal,person,related_term,"[""personal_data_protection_act_2012_e857c5e9da_chunk_0194_ast""]",high,pending
synonym_811561c710e8,appeal,personal information,related_term,"[""personal_data_protection_amendment_act_2020_d7cc5937b1_chunk_0137_ast""]",high,pending
synonym_b7760efb22f9,appeal,个人信息,related_term,"[""personal_data_protection_amendment_act_2020_d7cc5937b1_chunk_0137_ast""]",high,pending
synonym_0f694b0c542d,appeal,自然人,related_term,"[""personal_data_protection_act_2012_e857c5e9da_chunk_0194_ast""]",high,pending
synonym_230a84067783,Appeal Committee,business,related_term,"[""personal_data_protection_act_2012_e857c5e9da_chunk_0008_ast""]",high,pending
synonym_f0b8f9bcc7e9,Appeal Committee,company,related_term,"[""personal_data_protection_act_2012_e857c5e9da_chunk_0008_ast""]",high,pending
synonym_1eb1a8d8f65f,Appeal Committee,data subject information,related_term,"[""personal_data_protection_act_2012_e857c5e9da_chunk_0008_ast""]",high,pending
synonym_9c4145d87688,Appeal Committee,organization,related_term,"[""personal_data_protection_act_2012_e857c5e9da_chunk_0008_ast""]",high,pending
synonym_00d2fd8fa78d,Appeal Committee,personal information,related_term,"[""personal_data_protection_act_2012_e857c5e9da_chunk_0008_ast""]",high,pending
synonym_0e30855de3c3,Appeal Committee,个人信息,related_term,"[""personal_data_protection_act_2012_e857c5e9da_chunk_0008_ast""]",high,pending
synonym_7443c721482e,Appeal Panel,business,related_term,"[""personal_data_protection_amendment_act_2020_d7cc5937b1_chunk_0006_ast""]",high,pending
synonym_67f6e538b5f3,Appeal Panel,company,related_term,"[""personal_data_protection_amendment_act_2020_d7cc5937b1_chunk_0006_ast""]",high,pending
synonym_7784cd92f6e6,Appeal Panel,data subject,related_term,"[""personal_data_protection_amendment_act_2020_d7cc5937b1_chunk_0006_ast""]",high,pending
synonym_c6add364e7fd,Appeal Panel,data subject information,related_term,"[""personal_data_protection_amendment_act_2020_d7cc5937b1_chunk_0006_ast""]",high,pending
synonym_c0e6492cb30b,Appeal Panel,organization,related_term,"[""personal_data_protection_amendment_act_2020_d7cc5937b1_chunk_0006_ast""]",high,pending
synonym_ea2430a7548e,Appeal Panel,person,related_term,"[""personal_data_protection_amendment_act_2020_d7cc5937b1_chunk_0006_ast""]",high,pending
synonym_bdd89230d518,Appeal Panel,personal information,related_term,"[""personal_data_protection_amendment_act_2020_d7cc5937b1_chunk_0006_ast""]",high,pending
synonym_68ecb1a769a6,Appeal Panel,个人信息,related_term,"[""personal_data_protection_amendment_act_2020_d7cc5937b1_chunk_0006_ast""]",high,pending
synonym_2d54c6528470,Appeal Panel,自然人,related_term,"[""personal_data_protection_amendment_act_2020_d7cc5937b1_chunk_0006_ast""]",high,pending
synonym_e31610e34765,applicable contravention,business,related_term,"[""personal_data_protection_amendment_act_2020_d7cc5937b1_chunk_0059_ast"", ""personal_data_protection_amendment_act_2020_d7cc5937b1_chunk_0062_ast"", ""personal_data_protection_act_2012_e857c5e9da_chunk_0093_ast"", ""personal_data_protection_act_2012_e857c5e9da_chunk_0096_ast"", ""personal_data_protection_act_2012_e857c5e9da_chunk_0099_ast""]",high,pending
synonym_b081b572b33f,applicable contravention,company,related_term,"[""personal_data_protection_amendment_act_2020_d7cc5937b1_chunk_0059_ast"", ""personal_data_protection_amendment_act_2020_d7cc5937b1_chunk_0062_ast"", ""personal_data_protection_act_2012_e857c5e9da_chunk_0093_ast"", ""personal_data_protection_act_2012_e857c5e9da_chunk_0096_ast"", ""personal_data_protection_act_2012_e857c5e9da_chunk_0099_ast""]",high,pending
synonym_1feda29b9ef1,applicable contravention,data subject,related_term,"[""personal_data_protection_act_2012_e857c5e9da_chunk_0093_ast"", ""personal_data_protection_act_2012_e857c5e9da_chunk_0099_ast""]",high,pending
synonym_671ad6bd6a6d,applicable contravention,data subject information,related_term,"[""personal_data_protection_amendment_act_2020_d7cc5937b1_chunk_0059_ast"", ""personal_data_protection_amendment_act_2020_d7cc5937b1_chunk_0062_ast"", ""personal_data_protection_act_2012_e857c5e9da_chunk_0093_ast"", ""personal_data_protection_act_2012_e857c5e9da_chunk_0096_ast""]",high,pending
synonym_d55a89b1e01a,applicable contravention,organization,related_term,"[""personal_data_protection_amendment_act_2020_d7cc5937b1_chunk_0059_ast"", ""personal_data_protection_amendment_act_2020_d7cc5937b1_chunk_0062_ast"", ""personal_data_protection_act_2012_e857c5e9da_chunk_0093_ast"", ""personal_data_protection_act_2012_e857c5e9da_chunk_0096_ast"", ""personal_data_protection_act_2012_e857c5e9da_chunk_0099_ast""]",high,pending
synonym_837c6252563b,applicable contravention,person,related_term,"[""personal_data_protection_act_2012_e857c5e9da_chunk_0093_ast"", ""personal_data_protection_act_2012_e857c5e9da_chunk_0099_ast""]",high,pending
synonym_69fa35ff7a6a,applicable contravention,personal information,related_term,"[""personal_data_protection_amendment_act_2020_d7cc5937b1_chunk_0059_ast"", ""personal_data_protection_amendment_act_2020_d7cc5937b1_chunk_0062_ast"", ""personal_data_protection_act_2012_e857c5e9da_chunk_0093_ast"", ""personal_data_protection_act_2012_e857c5e9da_chunk_0096_ast""]",high,pending
synonym_6973dee96bfd,applicable contravention,个人信息,related_term,"[""personal_data_protection_amendment_act_2020_d7cc5937b1_chunk_0059_ast"", ""personal_data_protection_amendment_act_2020_d7cc5937b1_chunk_0062_ast"", ""personal_data_protection_act_2012_e857c5e9da_chunk_0093_ast"", ""personal_data_protection_act_2012_e857c5e9da_chunk_0096_ast""]",high,pending
synonym_1db1ead90cb0,applicable contravention,自然人,related_term,"[""personal_data_protection_act_2012_e857c5e9da_chunk_0093_ast"", ""personal_data_protection_act_2012_e857c5e9da_chunk_0099_ast""]",high,pending
synonym_16e7359fd06b,applicable country,business,related_term,"[""personal_data_protection_amendment_act_2020_d7cc5937b1_chunk_0030_ast""]",high,pending
synonym_458fc326333f,applicable country,company,related_term,"[""personal_data_protection_amendment_act_2020_d7cc5937b1_chunk_0030_ast""]",high,pending
synonym_f23c027fe575,applicable country,data subject,related_term,"[""personal_data_protection_amendment_act_2020_d7cc5937b1_chunk_0030_ast""]",high,pending
synonym_2c547718b3b3,applicable country,data subject information,related_term,"[""personal_data_protection_amendment_act_2020_d7cc5937b1_chunk_0030_ast""]",high,pending
synonym_b979e87f080c,applicable country,organization,related_term,"[""personal_data_protection_amendment_act_2020_d7cc5937b1_chunk_0030_ast""]",high,pending
synonym_454a5c2f4da0,applicable country,person,related_term,"[""personal_data_protection_amendment_act_2020_d7cc5937b1_chunk_0030_ast""]",high,pending
synonym_a25f0174204a,applicable country,personal information,related_term,"[""personal_data_protection_amendment_act_2020_d7cc5937b1_chunk_0030_ast""]",high,pending
synonym_a113efd6fb85,applicable country,个人信息,related_term,"[""personal_data_protection_amendment_act_2020_d7cc5937b1_chunk_0030_ast""]",high,pending
synonym_2ff55755424e,applicable country,自然人,related_term,"[""personal_data_protection_amendment_act_2020_d7cc5937b1_chunk_0030_ast""]",high,pending
synonym_894f39c85f3c,applicable date,authorisation,related_term,"[""personal_data_protection_amendment_act_2020_d7cc5937b1_chunk_0012_ast""]",high,pending
synonym_0f9ac7a8c7dc,applicable date,business,related_term,"[""personal_data_protection_amendment_act_2020_d7cc5937b1_chunk_0012_ast""]",high,pending
synonym_f8096bdb7ae1,applicable date,company,related_term,"[""personal_data_protection_amendment_act_2020_d7cc5937b1_chunk_0012_ast""]",high,pending
synonym_23f3e3fd9b45,applicable date,data subject,related_term,"[""personal_data_protection_amendment_act_2020_d7cc5937b1_chunk_0012_ast""]",high,pending
synonym_dadc6d2251ef,applicable date,data subject information,related_term,"[""personal_data_protection_amendment_act_2020_d7cc5937b1_chunk_0012_ast""]",high,pending
synonym_72dd321ca391,applicable date,organization,related_term,"[""personal_data_protection_amendment_act_2020_d7cc5937b1_chunk_0012_ast""]",high,pending
synonym_d42195ee4860,applicable date,permission,related_term,"[""personal_data_protection_amendment_act_2020_d7cc5937b1_chunk_0012_ast""]",high,pending
synonym_75e80d6cf253,applicable date,person,related_term,"[""personal_data_protection_amendment_act_2020_d7cc5937b1_chunk_0012_ast""]",high,pending
synonym_b0ce9e8d31e0,applicable date,personal information,related_term,"[""personal_data_protection_amendment_act_2020_d7cc5937b1_chunk_0012_ast""]",high,pending
synonym_8f924f2c1141,applicable date,个人信息,related_term,"[""personal_data_protection_amendment_act_2020_d7cc5937b1_chunk_0012_ast""]",high,pending
synonym_98950699e9ab,applicable date,同意,related_term,"[""personal_data_protection_amendment_act_2020_d7cc5937b1_chunk_0012_ast""]",high,pending
synonym_84aab7e7392a,applicable date,自然人,related_term,"[""personal_data_protection_amendment_act_2020_d7cc5937b1_chunk_0012_ast""]",high,pending
synonym_07acc7719518,applicable message,data subject,related_term,"[""personal_data_protection_act_2012_e857c5e9da_chunk_0083_ast""]",high,pending
synonym_83ef73773d5a,applicable message,person,related_term,"[""personal_data_protection_act_2012_e857c5e9da_chunk_0083_ast""]",high,pending
synonym_298630e164b6,applicable message,自然人,related_term,"[""personal_data_protection_act_2012_e857c5e9da_chunk_0083_ast""]",high,pending
synonym_48e1edcf6b6b,applicable telephone number,data subject,related_term,"[""personal_data_protection_act_2012_e857c5e9da_chunk_0083_ast""]",high,pending
synonym_89728de19ad4,applicable telephone number,person,related_term,"[""personal_data_protection_act_2012_e857c5e9da_chunk_0083_ast""]",high,pending
synonym_1e076d6103fc,applicable telephone number,自然人,related_term,"[""personal_data_protection_act_2012_e857c5e9da_chunk_0083_ast""]",high,pending
synonym_ca57a2540aa0,appointed day,data subject information,related_term,"[""personal_data_protection_amendment_act_2020_d7cc5937b1_chunk_0172_ast""]",high,pending
synonym_4e0216680da6,appointed day,personal information,related_term,"[""personal_data_protection_amendment_act_2020_d7cc5937b1_chunk_0172_ast""]",high,pending
synonym_c3ad3fcc1973,appointed day,个人信息,related_term,"[""personal_data_protection_amendment_act_2020_d7cc5937b1_chunk_0172_ast""]",high,pending
synonym_d89154aa934e,approved exchange,data subject,related_term,"[""companies_act_1967_c8232023ef_chunk_0948_ast""]",high,pending
synonym_5ec44e9ae3ed,approved exchange,person,related_term,"[""companies_act_1967_c8232023ef_chunk_0948_ast""]",high,pending
synonym_9652b5449046,approved exchange,自然人,related_term,"[""companies_act_1967_c8232023ef_chunk_0948_ast""]",high,pending
synonym_a3947029839c,Authority,business,related_term,"[""personal_data_protection_act_2012_e857c5e9da_chunk_0010_ast""]",high,pending
synonym_018949b738f0,Authority,company,related_term,"[""personal_data_protection_act_2012_e857c5e9da_chunk_0010_ast""]",high,pending
synonym_f604fb6ede15,Authority,data subject,related_term,"[""personal_data_protection_act_2012_e857c5e9da_chunk_0010_ast""]",high,pending
synonym_b0085466b1f6,Authority,organization,related_term,"[""personal_data_protection_act_2012_e857c5e9da_chunk_0010_ast""]",high,pending
synonym_2990a60e0179,Authority,person,related_term,"[""personal_data_protection_act_2012_e857c5e9da_chunk_0010_ast""]",high,pending
synonym_c3d9eb6677d2,Authority,自然人,related_term,"[""personal_data_protection_act_2012_e857c5e9da_chunk_0010_ast""]",high,pending
synonym_884cf4e89a3f,benefit plan,business,related_term,"[""personal_data_protection_act_2012_e857c5e9da_chunk_0010_ast""]",high,pending
synonym_6e0aba13dc99,benefit plan,company,related_term,"[""personal_data_protection_act_2012_e857c5e9da_chunk_0010_ast""]",high,pending
synonym_0df1a5d837d7,benefit plan,data subject,related_term,"[""personal_data_protection_act_2012_e857c5e9da_chunk_0010_ast""]",high,pending
synonym_99e692307d0c,benefit plan,organization,related_term,"[""personal_data_protection_act_2012_e857c5e9da_chunk_0010_ast""]",high,pending
synonym_2ef065b4694f,benefit plan,person,related_term,"[""personal_data_protection_act_2012_e857c5e9da_chunk_0010_ast""]",high,pending
synonym_38ed6652bfa2,benefit plan,自然人,related_term,"[""personal_data_protection_act_2012_e857c5e9da_chunk_0010_ast""]",high,pending
synonym_7b20a2ad5b57,business asset transaction,business,related_term,"[""personal_data_protection_amendment_act_2020_d7cc5937b1_chunk_0125_ast"", ""personal_data_protection_act_2012_e857c5e9da_chunk_0172_ast""]",high,pending
synonym_10f36038aec9,business asset transaction,company,related_term,"[""personal_data_protection_amendment_act_2020_d7cc5937b1_chunk_0125_ast"", ""personal_data_protection_act_2012_e857c5e9da_chunk_0172_ast""]",high,pending
synonym_03f792cd90aa,business asset transaction,data subject,related_term,"[""personal_data_protection_amendment_act_2020_d7cc5937b1_chunk_0125_ast"", ""personal_data_protection_act_2012_e857c5e9da_chunk_0172_ast""]",high,pending
synonym_59279e57c6ef,business asset transaction,data subject information,related_term,"[""personal_data_protection_amendment_act_2020_d7cc5937b1_chunk_0125_ast"", ""personal_data_protection_act_2012_e857c5e9da_chunk_0172_ast""]",high,pending
synonym_626c0c2b491f,business asset transaction,organization,related_term,"[""personal_data_protection_amendment_act_2020_d7cc5937b1_chunk_0125_ast"", ""personal_data_protection_act_2012_e857c5e9da_chunk_0172_ast""]",high,pending
synonym_007719b5a03f,business asset transaction,person,related_term,"[""personal_data_protection_amendment_act_2020_d7cc5937b1_chunk_0125_ast"", ""personal_data_protection_act_2012_e857c5e9da_chunk_0172_ast""]",high,pending
synonym_07ef476b43a8,business asset transaction,personal information,related_term,"[""personal_data_protection_amendment_act_2020_d7cc5937b1_chunk_0125_ast"", ""personal_data_protection_act_2012_e857c5e9da_chunk_0172_ast""]",high,pending
synonym_fbfac926e75a,business asset transaction,个人信息,related_term,"[""personal_data_protection_amendment_act_2020_d7cc5937b1_chunk_0125_ast"", ""personal_data_protection_act_2012_e857c5e9da_chunk_0172_ast""]",high,pending
synonym_9771f76c3156,business asset transaction,自然人,related_term,"[""personal_data_protection_amendment_act_2020_d7cc5937b1_chunk_0125_ast"", ""personal_data_protection_act_2012_e857c5e9da_chunk_0172_ast""]",high,pending
synonym_32405ad1117d,business contact information,business,related_term,"[""personal_data_protection_act_2012_e857c5e9da_chunk_0010_ast""]",high,pending
synonym_a4d80f4b8cef,business contact information,company,related_term,"[""personal_data_protection_act_2012_e857c5e9da_chunk_0010_ast""]",high,pending
synonym_375c661521e5,business contact information,data subject,related_term,"[""personal_data_protection_act_2012_e857c5e9da_chunk_0010_ast""]",high,pending
synonym_eb2ea5e355aa,business contact information,organization,related_term,"[""personal_data_protection_act_2012_e857c5e9da_chunk_0010_ast""]",high,pending
synonym_772861774dc4,business contact information,person,related_term,"[""personal_data_protection_act_2012_e857c5e9da_chunk_0010_ast""]",high,pending
synonym_f465c84ca9fc,business contact information,自然人,related_term,"[""personal_data_protection_act_2012_e857c5e9da_chunk_0010_ast""]",high,pending
synonym_02ed24ae533d,commencement date,data subject,related_term,"[""companies_act_1967_c8232023ef_chunk_0570_ast""]",high,pending
synonym_be4fb8f1c183,commencement date,person,related_term,"[""companies_act_1967_c8232023ef_chunk_0570_ast""]",high,pending
synonym_80dd8d528aa0,commencement date,自然人,related_term,"[""companies_act_1967_c8232023ef_chunk_0570_ast""]",high,pending
synonym_7ade9a6c722e,Commission,business,related_term,"[""personal_data_protection_act_2012_e857c5e9da_chunk_0011_ast""]",high,pending
synonym_d577799055c8,Commission,company,related_term,"[""personal_data_protection_act_2012_e857c5e9da_chunk_0011_ast""]",high,pending
synonym_8331e065bcc9,Commission,data subject,related_term,"[""personal_data_protection_act_2012_e857c5e9da_chunk_0011_ast""]",high,pending
synonym_9e87c4c13bfa,Commission,data subject information,related_term,"[""personal_data_protection_act_2012_e857c5e9da_chunk_0011_ast""]",high,pending
synonym_3490319b9235,Commission,organization,related_term,"[""personal_data_protection_act_2012_e857c5e9da_chunk_0011_ast""]",high,pending
synonym_fddad7a018ad,Commission,person,related_term,"[""personal_data_protection_act_2012_e857c5e9da_chunk_0011_ast""]",high,pending
synonym_dcb7ed2b5c1f,Commission,personal information,related_term,"[""personal_data_protection_act_2012_e857c5e9da_chunk_0011_ast""]",high,pending
synonym_c14d16e40b77,Commission,个人信息,related_term,"[""personal_data_protection_act_2012_e857c5e9da_chunk_0011_ast""]",high,pending
synonym_b18efe93ca95,Commission,自然人,related_term,"[""personal_data_protection_act_2012_e857c5e9da_chunk_0011_ast""]",high,pending
synonym_15ea9f165b7e,Commissioner,business,related_term,"[""personal_data_protection_act_2012_e857c5e9da_chunk_0011_ast""]",high,pending
synonym_6ecc89de90d6,Commissioner,company,related_term,"[""personal_data_protection_act_2012_e857c5e9da_chunk_0011_ast""]",high,pending
synonym_258198801d1a,Commissioner,data subject,related_term,"[""personal_data_protection_act_2012_e857c5e9da_chunk_0011_ast""]",high,pending
synonym_9c54cf556b9e,Commissioner,data subject information,related_term,"[""personal_data_protection_act_2012_e857c5e9da_chunk_0011_ast""]",high,pending
synonym_1e5d3975de71,Commissioner,organization,related_term,"[""personal_data_protection_act_2012_e857c5e9da_chunk_0011_ast""]",high,pending
synonym_37bd71b963e7,Commissioner,person,related_term,"[""personal_data_protection_act_2012_e857c5e9da_chunk_0011_ast""]",high,pending
synonym_1bee8a7b1878,Commissioner,personal information,related_term,"[""personal_data_protection_act_2012_e857c5e9da_chunk_0011_ast""]",high,pending
synonym_9e3915b3a8b9,Commissioner,个人信息,related_term,"[""personal_data_protection_act_2012_e857c5e9da_chunk_0011_ast""]",high,pending
synonym_b2f6d58e1789,Commissioner,自然人,related_term,"[""personal_data_protection_act_2012_e857c5e9da_chunk_0011_ast""]",high,pending
synonym_8f1a848d8e73,Committee,data subject information,related_term,"[""entranslation_of_the_personal_data_protection_act_0_1c77b4099e_chunk_0008_ast""]",high,pending
synonym_38676dffcaea,Committee,personal information,related_term,"[""entranslation_of_the_personal_data_protection_act_0_1c77b4099e_chunk_0008_ast""]",high,pending
synonym_983f5be9a97d,Committee,个人信息,related_term,"[""entranslation_of_the_personal_data_protection_act_0_1c77b4099e_chunk_0008_ast""]",high,pending
synonym_62b9d3affd25,company,business,related_term,"[""companies_act_1967_c8232023ef_chunk_0761_ast""]",high,pending
synonym_b54e7f2b0239,company,company,related_term,"[""companies_act_1967_c8232023ef_chunk_0761_ast""]",high,pending
synonym_56ef4540640f,company,organization,related_term,"[""companies_act_1967_c8232023ef_chunk_0761_ast""]",high,pending
synonym_e62a796e9868,company record,digital record,related_term,"[""companies_act_1967_c8232023ef_chunk_1022_ast""]",high,pending
synonym_d051f1c168e1,company record,电子记录,related_term,"[""companies_act_1967_c8232023ef_chunk_1022_ast""]",high,pending
synonym_06f0aa22a58e,Competent Official,data subject information,related_term,"[""entranslation_of_the_personal_data_protection_act_0_1c77b4099e_chunk_0008_ast""]",high,pending
synonym_5a0306f5d225,Competent Official,personal information,related_term,"[""entranslation_of_the_personal_data_protection_act_0_1c77b4099e_chunk_0008_ast""]",high,pending
synonym_09bdc638e210,Competent Official,个人信息,related_term,"[""entranslation_of_the_personal_data_protection_act_0_1c77b4099e_chunk_0008_ast""]",high,pending
synonym_172e4151a5eb,consent,agreement,synonym,"[""companies_act_1967_c8232023ef_chunk_0017_ast"", ""companies_act_1967_c8232023ef_chunk_0074_ast"", ""companies_act_1967_c8232023ef_chunk_0101_ast"", ""companies_act_1967_c8232023ef_chunk_0102_ast"", ""companies_act_1967_c8232023ef_chunk_0103_ast"", ""companies_act_1967_c8232023ef_chunk_0170_ast"", ""companies_act_1967_c8232023ef_chunk_0171_ast"", ""companies_act_1967_c8232023ef_chunk_0189_ast"", ""companies_act_1967_c8232023ef_chunk_0191_ast"", ""companies_act_1967_c8232023ef_chunk_0212_ast"", ""companies_act_1967_c8232023ef_chunk_0256_ast"", ""companies_act_1967_c8232023ef_chunk_0258_ast"", ""companies_act_1967_c8232023ef_chunk_0312_ast"", ""companies_act_1967_c8232023ef_chunk_0314_ast"", ""companies_act_1967_c8232023ef_chunk_0317_ast"", ""companies_act_1967_c8232023ef_chunk_0319_ast"", ""companies_act_1967_c8232023ef_chunk_0320_ast"", ""companies_act_1967_c8232023ef_chunk_0357_ast"", ""companies_act_1967_c8232023ef_chunk_0437_ast"", ""companies_act_1967_c8232023ef_chunk_0439_ast"", ""companies_act_1967_c8232023ef_chunk_0454_ast"", ""companies_act_1967_c8232023ef_chunk_0542_ast"", ""companies_act_1967_c8232023ef_chunk_0559_ast"", ""companies_act_1967_c8232023ef_chunk_0572_ast"", ""companies_act_1967_c8232023ef_chunk_0573_ast"", ""companies_act_1967_c8232023ef_chunk_0647_ast"", ""companies_act_1967_c8232023ef_chunk_0720_ast"", ""companies_act_1967_c8232023ef_chunk_0721_ast"", ""companies_act_1967_c8232023ef_chunk_0722_ast"", ""companies_act_1967_c8232023ef_chunk_0828_ast"", ""companies_act_1967_c8232023ef_chunk_0836_ast"", ""companies_act_1967_c8232023ef_chunk_0837_ast"", ""companies_act_1967_c8232023ef_chunk_0845_ast"", ""companies_act_1967_c8232023ef_chunk_0850_ast"", ""companies_act_1967_c8232023ef_chunk_0892_ast"", ""companies_act_1967_c8232023ef_chunk_0900_ast"", ""companies_act_1967_c8232023ef_chunk_0901_ast"", ""companies_act_1967_c8232023ef_chunk_0930_ast"", ""companies_act_1967_c8232023ef_chunk_0931_ast"", ""companies_act_1967_c8232023ef_chunk_1008_ast"", ""companies_act_1967_c8232023ef_chunk_1009_ast"", ""companies_act_1967_c8232023ef_chunk_1030_ast"", ""companies_act_1967_c8232023ef_chunk_1033_ast"", ""companies_act_1967_c8232023ef_chunk_1040_ast"", ""entranslation_of_the_personal_data_protection_act_0_1c77b4099e_chunk_0002_ast"", ""entranslation_of_the_personal_data_protection_act_0_1c77b4099e_chunk_0013_ast"", ""entranslation_of_the_personal_data_protection_act_0_1c77b4099e_chunk_0021_ast"", ""entranslation_of_the_personal_data_protection_act_0_1c77b4099e_chunk_0022_ast"", ""entranslation_of_the_personal_data_protection_act_0_1c77b4099e_chunk_0023_ast"", ""entranslation_of_the_personal_data_protection_act_0_1c77b4099e_chunk_0024_ast"", ""entranslation_of_the_personal_data_protection_act_0_1c77b4099e_chunk_0025_ast"", ""entranslation_of_the_personal_data_protection_act_0_1c77b4099e_chunk_0026_ast"", ""entranslation_of_the_personal_data_protection_act_0_1c77b4099e_chunk_0029_ast"", ""entranslation_of_the_personal_data_protection_act_0_1c77b4099e_chunk_0030_ast"", ""entranslation_of_the_personal_data_protection_act_0_1c77b4099e_chunk_0031_ast"", ""entranslation_of_the_personal_data_protection_act_0_1c77b4099e_chunk_0033_ast"", ""entranslation_of_the_personal_data_protection_act_0_1c77b4099e_chunk_0034_ast"", ""entranslation_of_the_personal_data_protection_act_0_1c77b4099e_chunk_0037_ast"", ""entranslation_of_the_personal_data_protection_act_0_1c77b4099e_chunk_0038_ast"", ""entranslation_of_the_personal_data_protection_act_0_1c77b4099e_chunk_0039_ast"", ""entranslation_of_the_personal_data_protection_act_0_1c77b4099e_chunk_0042_ast"", ""entranslation_of_the_personal_data_protection_act_0_1c77b4099e_chunk_0044_ast"", ""entranslation_of_the_personal_data_protection_act_0_1c77b4099e_chunk_0046_ast"", ""entranslation_of_the_personal_data_protection_act_0_1c77b4099e_chunk_0048_ast"", ""entranslation_of_the_personal_data_protection_act_0_1c77b4099e_chunk_0053_ast"", ""entranslation_of_the_personal_data_protection_act_0_1c77b4099e_chunk_0075_ast"", ""entranslation_of_the_personal_data_protection_act_0_1c77b4099e_chunk_0105_ast"", ""entranslation_of_the_personal_data_protection_act_0_1c77b4099e_chunk_0106_ast"", ""entranslation_of_the_personal_data_protection_act_0_1c77b4099e_chunk_0107_ast"", ""entranslation_of_the_personal_data_protection_act_0_1c77b4099e_chunk_0116_ast"", ""personal_data_protection_amendment_act_2020_d7cc5937b1_chunk_0004_ast"", ""personal_data_protection_amendment_act_2020_d7cc5937b1_chunk_0009_ast"", ""personal_data_protection_amendment_act_2020_d7cc5937b1_chunk_0010_ast"", ""personal_data_protection_amendment_act_2020_d7cc5937b1_chunk_0012_ast"", ""personal_data_protection_amendment_act_2020_d7cc5937b1_chunk_0013_ast"", ""personal_data_protection_amendment_act_2020_d7cc5937b1_chunk_0014_ast"", ""personal_data_protection_amendment_act_2020_d7cc5937b1_chunk_0015_ast"", ""personal_data_protection_amendment_act_2020_d7cc5937b1_chunk_0016_ast"", ""personal_data_protection_amendment_act_2020_d7cc5937b1_chunk_0020_ast"", ""personal_data_protection_amendment_act_2020_d7cc5937b1_chunk_0036_ast""]",high,pending
synonym_027aa8dda17b,consent,authorisation,related_term,"[""companies_act_1967_c8232023ef_chunk_0017_ast"", ""companies_act_1967_c8232023ef_chunk_0074_ast"", ""companies_act_1967_c8232023ef_chunk_0101_ast"", ""companies_act_1967_c8232023ef_chunk_0102_ast"", ""companies_act_1967_c8232023ef_chunk_0103_ast"", ""companies_act_1967_c8232023ef_chunk_0170_ast"", ""companies_act_1967_c8232023ef_chunk_0171_ast"", ""companies_act_1967_c8232023ef_chunk_0189_ast"", ""companies_act_1967_c8232023ef_chunk_0191_ast"", ""companies_act_1967_c8232023ef_chunk_0212_ast"", ""companies_act_1967_c8232023ef_chunk_0256_ast"", ""companies_act_1967_c8232023ef_chunk_0258_ast"", ""companies_act_1967_c8232023ef_chunk_0312_ast"", ""companies_act_1967_c8232023ef_chunk_0314_ast"", ""companies_act_1967_c8232023ef_chunk_0317_ast"", ""companies_act_1967_c8232023ef_chunk_0319_ast"", ""companies_act_1967_c8232023ef_chunk_0320_ast"", ""companies_act_1967_c8232023ef_chunk_0357_ast"", ""companies_act_1967_c8232023ef_chunk_0437_ast"", ""companies_act_1967_c8232023ef_chunk_0439_ast"", ""companies_act_1967_c8232023ef_chunk_0454_ast"", ""companies_act_1967_c8232023ef_chunk_0542_ast"", ""companies_act_1967_c8232023ef_chunk_0559_ast"", ""companies_act_1967_c8232023ef_chunk_0572_ast"", ""companies_act_1967_c8232023ef_chunk_0573_ast"", ""companies_act_1967_c8232023ef_chunk_0647_ast"", ""companies_act_1967_c8232023ef_chunk_0720_ast"", ""companies_act_1967_c8232023ef_chunk_0721_ast"", ""companies_act_1967_c8232023ef_chunk_0722_ast"", ""companies_act_1967_c8232023ef_chunk_0828_ast"", ""companies_act_1967_c8232023ef_chunk_0836_ast"", ""companies_act_1967_c8232023ef_chunk_0837_ast"", ""companies_act_1967_c8232023ef_chunk_0845_ast"", ""companies_act_1967_c8232023ef_chunk_0850_ast"", ""companies_act_1967_c8232023ef_chunk_0892_ast"", ""companies_act_1967_c8232023ef_chunk_0900_ast"", ""companies_act_1967_c8232023ef_chunk_0901_ast"", ""companies_act_1967_c8232023ef_chunk_0930_ast"", ""companies_act_1967_c8232023ef_chunk_0931_ast"", ""companies_act_1967_c8232023ef_chunk_1008_ast"", ""companies_act_1967_c8232023ef_chunk_1009_ast"", ""companies_act_1967_c8232023ef_chunk_1030_ast"", ""companies_act_1967_c8232023ef_chunk_1033_ast"", ""companies_act_1967_c8232023ef_chunk_1040_ast"", ""entranslation_of_the_personal_data_protection_act_0_1c77b4099e_chunk_0002_ast"", ""entranslation_of_the_personal_data_protection_act_0_1c77b4099e_chunk_0013_ast"", ""entranslation_of_the_personal_data_protection_act_0_1c77b4099e_chunk_0021_ast"", ""entranslation_of_the_personal_data_protection_act_0_1c77b4099e_chunk_0022_ast"", ""entranslation_of_the_personal_data_protection_act_0_1c77b4099e_chunk_0023_ast"", ""entranslation_of_the_personal_data_protection_act_0_1c77b4099e_chunk_0024_ast"", ""entranslation_of_the_personal_data_protection_act_0_1c77b4099e_chunk_0025_ast"", ""entranslation_of_the_personal_data_protection_act_0_1c77b4099e_chunk_0026_ast"", ""entranslation_of_the_personal_data_protection_act_0_1c77b4099e_chunk_0029_ast"", ""entranslation_of_the_personal_data_protection_act_0_1c77b4099e_chunk_0030_ast"", ""entranslation_of_the_personal_data_protection_act_0_1c77b4099e_chunk_0031_ast"", ""entranslation_of_the_personal_data_protection_act_0_1c77b4099e_chunk_0033_ast"", ""entranslation_of_the_personal_data_protection_act_0_1c77b4099e_chunk_0034_ast"", ""entranslation_of_the_personal_data_protection_act_0_1c77b4099e_chunk_0037_ast"", ""entranslation_of_the_personal_data_protection_act_0_1c77b4099e_chunk_0038_ast"", ""entranslation_of_the_personal_data_protection_act_0_1c77b4099e_chunk_0039_ast"", ""entranslation_of_the_personal_data_protection_act_0_1c77b4099e_chunk_0042_ast"", ""entranslation_of_the_personal_data_protection_act_0_1c77b4099e_chunk_0044_ast"", ""entranslation_of_the_personal_data_protection_act_0_1c77b4099e_chunk_0046_ast"", ""entranslation_of_the_personal_data_protection_act_0_1c77b4099e_chunk_0048_ast"", ""entranslation_of_the_personal_data_protection_act_0_1c77b4099e_chunk_0053_ast"", ""entranslation_of_the_personal_data_protection_act_0_1c77b4099e_chunk_0075_ast"", ""entranslation_of_the_personal_data_protection_act_0_1c77b4099e_chunk_0105_ast"", ""entranslation_of_the_personal_data_protection_act_0_1c77b4099e_chunk_0106_ast"", ""entranslation_of_the_personal_data_protection_act_0_1c77b4099e_chunk_0107_ast"", ""entranslation_of_the_personal_data_protection_act_0_1c77b4099e_chunk_0116_ast"", ""personal_data_protection_amendment_act_2020_d7cc5937b1_chunk_0004_ast"", ""personal_data_protection_amendment_act_2020_d7cc5937b1_chunk_0009_ast"", ""personal_data_protection_amendment_act_2020_d7cc5937b1_chunk_0010_ast"", ""personal_data_protection_amendment_act_2020_d7cc5937b1_chunk_0012_ast"", ""personal_data_protection_amendment_act_2020_d7cc5937b1_chunk_0013_ast"", ""personal_data_protection_amendment_act_2020_d7cc5937b1_chunk_0014_ast"", ""personal_data_protection_amendment_act_2020_d7cc5937b1_chunk_0015_ast"", ""personal_data_protection_amendment_act_2020_d7cc5937b1_chunk_0016_ast"", ""personal_data_protection_amendment_act_2020_d7cc5937b1_chunk_0020_ast"", ""personal_data_protection_amendment_act_2020_d7cc5937b1_chunk_0036_ast""]",high,pending
synonym_7f627bc3d41d,consent,authorisation,synonym,"[""companies_act_1967_c8232023ef_chunk_0017_ast"", ""companies_act_1967_c8232023ef_chunk_0074_ast"", ""companies_act_1967_c8232023ef_chunk_0101_ast"", ""companies_act_1967_c8232023ef_chunk_0102_ast"", ""companies_act_1967_c8232023ef_chunk_0103_ast"", ""companies_act_1967_c8232023ef_chunk_0170_ast"", ""companies_act_1967_c8232023ef_chunk_0171_ast"", ""companies_act_1967_c8232023ef_chunk_0189_ast"", ""companies_act_1967_c8232023ef_chunk_0191_ast"", ""companies_act_1967_c8232023ef_chunk_0212_ast"", ""companies_act_1967_c8232023ef_chunk_0256_ast"", ""companies_act_1967_c8232023ef_chunk_0258_ast"", ""companies_act_1967_c8232023ef_chunk_0312_ast"", ""companies_act_1967_c8232023ef_chunk_0314_ast"", ""companies_act_1967_c8232023ef_chunk_0317_ast"", ""companies_act_1967_c8232023ef_chunk_0319_ast"", ""companies_act_1967_c8232023ef_chunk_0320_ast"", ""companies_act_1967_c8232023ef_chunk_0357_ast"", ""companies_act_1967_c8232023ef_chunk_0437_ast"", ""companies_act_1967_c8232023ef_chunk_0439_ast"", ""companies_act_1967_c8232023ef_chunk_0454_ast"", ""companies_act_1967_c8232023ef_chunk_0542_ast"", ""companies_act_1967_c8232023ef_chunk_0559_ast"", ""companies_act_1967_c8232023ef_chunk_0572_ast"", ""companies_act_1967_c8232023ef_chunk_0573_ast"", ""companies_act_1967_c8232023ef_chunk_0647_ast"", ""companies_act_1967_c8232023ef_chunk_0720_ast"", ""companies_act_1967_c8232023ef_chunk_0721_ast"", ""companies_act_1967_c8232023ef_chunk_0722_ast"", ""companies_act_1967_c8232023ef_chunk_0828_ast"", ""companies_act_1967_c8232023ef_chunk_0836_ast"", ""companies_act_1967_c8232023ef_chunk_0837_ast"", ""companies_act_1967_c8232023ef_chunk_0845_ast"", ""companies_act_1967_c8232023ef_chunk_0850_ast"", ""companies_act_1967_c8232023ef_chunk_0892_ast"", ""companies_act_1967_c8232023ef_chunk_0900_ast"", ""companies_act_1967_c8232023ef_chunk_0901_ast"", ""companies_act_1967_c8232023ef_chunk_0930_ast"", ""companies_act_1967_c8232023ef_chunk_0931_ast"", ""companies_act_1967_c8232023ef_chunk_1008_ast"", ""companies_act_1967_c8232023ef_chunk_1009_ast"", ""companies_act_1967_c8232023ef_chunk_1030_ast"", ""companies_act_1967_c8232023ef_chunk_1033_ast"", ""companies_act_1967_c8232023ef_chunk_1040_ast"", ""entranslation_of_the_personal_data_protection_act_0_1c77b4099e_chunk_0002_ast"", ""entranslation_of_the_personal_data_protection_act_0_1c77b4099e_chunk_0013_ast"", ""entranslation_of_the_personal_data_protection_act_0_1c77b4099e_chunk_0021_ast"", ""entranslation_of_the_personal_data_protection_act_0_1c77b4099e_chunk_0022_ast"", ""entranslation_of_the_personal_data_protection_act_0_1c77b4099e_chunk_0023_ast"", ""entranslation_of_the_personal_data_protection_act_0_1c77b4099e_chunk_0024_ast"", ""entranslation_of_the_personal_data_protection_act_0_1c77b4099e_chunk_0025_ast"", ""entranslation_of_the_personal_data_protection_act_0_1c77b4099e_chunk_0026_ast"", ""entranslation_of_the_personal_data_protection_act_0_1c77b4099e_chunk_0029_ast"", ""entranslation_of_the_personal_data_protection_act_0_1c77b4099e_chunk_0030_ast"", ""entranslation_of_the_personal_data_protection_act_0_1c77b4099e_chunk_0031_ast"", ""entranslation_of_the_personal_data_protection_act_0_1c77b4099e_chunk_0033_ast"", ""entranslation_of_the_personal_data_protection_act_0_1c77b4099e_chunk_0034_ast"", ""entranslation_of_the_personal_data_protection_act_0_1c77b4099e_chunk_0037_ast"", ""entranslation_of_the_personal_data_protection_act_0_1c77b4099e_chunk_0038_ast"", ""entranslation_of_the_personal_data_protection_act_0_1c77b4099e_chunk_0039_ast"", ""entranslation_of_the_personal_data_protection_act_0_1c77b4099e_chunk_0042_ast"", ""entranslation_of_the_personal_data_protection_act_0_1c77b4099e_chunk_0044_ast"", ""entranslation_of_the_personal_data_protection_act_0_1c77b4099e_chunk_0046_ast"", ""entranslation_of_the_personal_data_protection_act_0_1c77b4099e_chunk_0048_ast"", ""entranslation_of_the_personal_data_protection_act_0_1c77b4099e_chunk_0053_ast"", ""entranslation_of_the_personal_data_protection_act_0_1c77b4099e_chunk_0075_ast"", ""entranslation_of_the_personal_data_protection_act_0_1c77b4099e_chunk_0105_ast"", ""entranslation_of_the_personal_data_protection_act_0_1c77b4099e_chunk_0106_ast"", ""entranslation_of_the_personal_data_protection_act_0_1c77b4099e_chunk_0107_ast"", ""entranslation_of_the_personal_data_protection_act_0_1c77b4099e_chunk_0116_ast"", ""personal_data_protection_amendment_act_2020_d7cc5937b1_chunk_0004_ast"", ""personal_data_protection_amendment_act_2020_d7cc5937b1_chunk_0009_ast"", ""personal_data_protection_amendment_act_2020_d7cc5937b1_chunk_0010_ast"", ""personal_data_protection_amendment_act_2020_d7cc5937b1_chunk_0012_ast"", ""personal_data_protection_amendment_act_2020_d7cc5937b1_chunk_0013_ast"", ""personal_data_protection_amendment_act_2020_d7cc5937b1_chunk_0014_ast"", ""personal_data_protection_amendment_act_2020_d7cc5937b1_chunk_0015_ast"", ""personal_data_protection_amendment_act_2020_d7cc5937b1_chunk_0016_ast"", ""personal_data_protection_amendment_act_2020_d7cc5937b1_chunk_0020_ast"", ""personal_data_protection_amendment_act_2020_d7cc5937b1_chunk_0036_ast""]",high,pending
synonym_29b4f23c3487,consent,business,related_term,"[""personal_data_protection_amendment_act_2020_d7cc5937b1_chunk_0009_ast"", ""personal_data_protection_amendment_act_2020_d7cc5937b1_chunk_0010_ast"", ""personal_data_protection_amendment_act_2020_d7cc5937b1_chunk_0012_ast"", ""personal_data_protection_amendment_act_2020_d7cc5937b1_chunk_0013_ast"", ""personal_data_protection_amendment_act_2020_d7cc5937b1_chunk_0014_ast"", ""personal_data_protection_amendment_act_2020_d7cc5937b1_chunk_0015_ast"", ""personal_data_protection_amendment_act_2020_d7cc5937b1_chunk_0016_ast"", ""personal_data_protection_amendment_act_2020_d7cc5937b1_chunk_0020_ast"", ""personal_data_protection_amendment_act_2020_d7cc5937b1_chunk_0036_ast"", ""personal_data_protection_amendment_act_2020_d7cc5937b1_chunk_0067_ast"", ""personal_data_protection_amendment_act_2020_d7cc5937b1_chunk_0110_ast"", ""personal_data_protection_amendment_act_2020_d7cc5937b1_chunk_0133_ast"", ""personal_data_protection_amendment_act_2020_d7cc5937b1_chunk_0135_ast"", ""personal_data_protection_amendment_act_2020_d7cc5937b1_chunk_0143_ast"", ""personal_data_protection_act_2012_e857c5e9da_chunk_0030_ast"", ""personal_data_protection_act_2012_e857c5e9da_chunk_0031_ast"", ""personal_data_protection_act_2012_e857c5e9da_chunk_0032_ast"", ""personal_data_protection_act_2012_e857c5e9da_chunk_0033_ast"", ""personal_data_protection_act_2012_e857c5e9da_chunk_0035_ast"", ""personal_data_protection_act_2012_e857c5e9da_chunk_0036_ast"", ""personal_data_protection_act_2012_e857c5e9da_chunk_0037_ast"", ""personal_data_protection_act_2012_e857c5e9da_chunk_0038_ast"", ""personal_data_protection_act_2012_e857c5e9da_chunk_0039_ast"", ""personal_data_protection_act_2012_e857c5e9da_chunk_0040_ast"", ""personal_data_protection_act_2012_e857c5e9da_chunk_0041_ast"", ""personal_data_protection_act_2012_e857c5e9da_chunk_0042_ast"", ""personal_data_protection_act_2012_e857c5e9da_chunk_0043_ast"", ""personal_data_protection_act_2012_e857c5e9da_chunk_0044_ast"", ""personal_data_protection_act_2012_e857c5e9da_chunk_0047_ast"", ""personal_data_protection_act_2012_e857c5e9da_chunk_0050_ast"", ""personal_data_protection_act_2012_e857c5e9da_chunk_0100_ast"", ""personal_data_protection_act_2012_e857c5e9da_chunk_0153_ast"", ""personal_data_protection_act_2012_e857c5e9da_chunk_0157_ast"", ""personal_data_protection_act_2012_e857c5e9da_chunk_0177_ast"", ""personal_data_protection_act_2012_e857c5e9da_chunk_0180_ast"", ""personal_data_protection_act_2012_e857c5e9da_chunk_0182_ast"", ""personal_data_protection_act_2012_e857c5e9da_chunk_0184_ast""]",high,pending
synonym_083b40ea3b5c,consent,company,related_term,"[""personal_data_protection_amendment_act_2020_d7cc5937b1_chunk_0009_ast"", ""personal_data_protection_amendment_act_2020_d7cc5937b1_chunk_0010_ast"", ""personal_data_protection_amendment_act_2020_d7cc5937b1_chunk_0012_ast"", ""personal_data_protection_amendment_act_2020_d7cc5937b1_chunk_0013_ast"", ""personal_data_protection_amendment_act_2020_d7cc5937b1_chunk_0014_ast"", ""personal_data_protection_amendment_act_2020_d7cc5937b1_chunk_0015_ast"", ""personal_data_protection_amendment_act_2020_d7cc5937b1_chunk_0016_ast"", ""personal_data_protection_amendment_act_2020_d7cc5937b1_chunk_0020_ast"", ""personal_data_protection_amendment_act_2020_d7cc5937b1_chunk_0036_ast"", ""personal_data_protection_amendment_act_2020_d7cc5937b1_chunk_0067_ast"", ""personal_data_protection_amendment_act_2020_d7cc5937b1_chunk_0110_ast"", ""personal_data_protection_amendment_act_2020_d7cc5937b1_chunk_0133_ast"", ""personal_data_protection_amendment_act_2020_d7cc5937b1_chunk_0135_ast"", ""personal_data_protection_amendment_act_2020_d7cc5937b1_chunk_0143_ast"", ""personal_data_protection_act_2012_e857c5e9da_chunk_0030_ast"", ""personal_data_protection_act_2012_e857c5e9da_chunk_0031_ast"", ""personal_data_protection_act_2012_e857c5e9da_chunk_0032_ast"", ""personal_data_protection_act_2012_e857c5e9da_chunk_0033_ast"", ""personal_data_protection_act_2012_e857c5e9da_chunk_0035_ast"", ""personal_data_protection_act_2012_e857c5e9da_chunk_0036_ast"", ""personal_data_protection_act_2012_e857c5e9da_chunk_0037_ast"", ""personal_data_protection_act_2012_e857c5e9da_chunk_0038_ast"", ""personal_data_protection_act_2012_e857c5e9da_chunk_0039_ast"", ""personal_data_protection_act_2012_e857c5e9da_chunk_0040_ast"", ""personal_data_protection_act_2012_e857c5e9da_chunk_0041_ast"", ""personal_data_protection_act_2012_e857c5e9da_chunk_0042_ast"", ""personal_data_protection_act_2012_e857c5e9da_chunk_0043_ast"", ""personal_data_protection_act_2012_e857c5e9da_chunk_0044_ast"", ""personal_data_protection_act_2012_e857c5e9da_chunk_0047_ast"", ""personal_data_protection_act_2012_e857c5e9da_chunk_0050_ast"", ""personal_data_protection_act_2012_e857c5e9da_chunk_0100_ast"", ""personal_data_protection_act_2012_e857c5e9da_chunk_0153_ast"", ""personal_data_protection_act_2012_e857c5e9da_chunk_0157_ast"", ""personal_data_protection_act_2012_e857c5e9da_chunk_0177_ast"", ""personal_data_protection_act_2012_e857c5e9da_chunk_0180_ast"", ""personal_data_protection_act_2012_e857c5e9da_chunk_0182_ast"", ""personal_data_protection_act_2012_e857c5e9da_chunk_0184_ast""]",high,pending
synonym_f1b955d9418d,consent,data subject,related_term,"[""companies_act_1967_c8232023ef_chunk_0437_ast"", ""companies_act_1967_c8232023ef_chunk_0454_ast"", ""companies_act_1967_c8232023ef_chunk_0542_ast"", ""personal_data_protection_amendment_act_2020_d7cc5937b1_chunk_0009_ast"", ""personal_data_protection_amendment_act_2020_d7cc5937b1_chunk_0010_ast"", ""personal_data_protection_amendment_act_2020_d7cc5937b1_chunk_0012_ast"", ""personal_data_protection_amendment_act_2020_d7cc5937b1_chunk_0013_ast"", ""personal_data_protection_amendment_act_2020_d7cc5937b1_chunk_0014_ast"", ""personal_data_protection_amendment_act_2020_d7cc5937b1_chunk_0015_ast"", ""personal_data_protection_amendment_act_2020_d7cc5937b1_chunk_0016_ast"", ""personal_data_protection_amendment_act_2020_d7cc5937b1_chunk_0020_ast"", ""personal_data_protection_amendment_act_2020_d7cc5937b1_chunk_0036_ast"", ""personal_data_protection_amendment_act_2020_d7cc5937b1_chunk_0067_ast"", ""personal_data_protection_amendment_act_2020_d7cc5937b1_chunk_0099_ast"", ""personal_data_protection_amendment_act_2020_d7cc5937b1_chunk_0103_ast"", ""personal_data_protection_amendment_act_2020_d7cc5937b1_chunk_0110_ast"", ""personal_data_protection_amendment_act_2020_d7cc5937b1_chunk_0111_ast"", ""personal_data_protection_amendment_act_2020_d7cc5937b1_chunk_0130_ast"", ""personal_data_protection_amendment_act_2020_d7cc5937b1_chunk_0133_ast"", ""personal_data_protection_amendment_act_2020_d7cc5937b1_chunk_0135_ast"", ""personal_data_protection_act_2012_e857c5e9da_chunk_0030_ast"", ""personal_data_protection_act_2012_e857c5e9da_chunk_0031_ast"", ""personal_data_protection_act_2012_e857c5e9da_chunk_0032_ast"", ""personal_data_protection_act_2012_e857c5e9da_chunk_0033_ast"", ""personal_data_protection_act_2012_e857c5e9da_chunk_0035_ast"", ""personal_data_protection_act_2012_e857c5e9da_chunk_0036_ast"", ""personal_data_protection_act_2012_e857c5e9da_chunk_0037_ast"", ""personal_data_protection_act_2012_e857c5e9da_chunk_0038_ast"", ""personal_data_protection_act_2012_e857c5e9da_chunk_0039_ast"", ""personal_data_protection_act_2012_e857c5e9da_chunk_0040_ast"", ""personal_data_protection_act_2012_e857c5e9da_chunk_0041_ast"", ""personal_data_protection_act_2012_e857c5e9da_chunk_0042_ast"", ""personal_data_protection_act_2012_e857c5e9da_chunk_0043_ast"", ""personal_data_protection_act_2012_e857c5e9da_chunk_0044_ast"", ""personal_data_protection_act_2012_e857c5e9da_chunk_0047_ast"", ""personal_data_protection_act_2012_e857c5e9da_chunk_0050_ast"", ""personal_data_protection_act_2012_e857c5e9da_chunk_0100_ast"", ""personal_data_protection_act_2012_e857c5e9da_chunk_0133_ast"", ""personal_data_protection_act_2012_e857c5e9da_chunk_0137_ast"", ""personal_data_protection_act_2012_e857c5e9da_chunk_0153_ast"", ""personal_data_protection_act_2012_e857c5e9da_chunk_0157_ast"", ""personal_data_protection_act_2012_e857c5e9da_chunk_0158_ast"", ""personal_data_protection_act_2012_e857c5e9da_chunk_0177_ast"", ""personal_data_protection_act_2012_e857c5e9da_chunk_0180_ast"", ""personal_data_protection_act_2012_e857c5e9da_chunk_0182_ast"", ""personal_data_protection_act_2012_e857c5e9da_chunk_0184_ast""]",high,pending
synonym_7212eabb3a29,consent,data subject information,related_term,"[""entranslation_of_the_personal_data_protection_act_0_1c77b4099e_chunk_0002_ast"", ""entranslation_of_the_personal_data_protection_act_0_1c77b4099e_chunk_0021_ast"", ""entranslation_of_the_personal_data_protection_act_0_1c77b4099e_chunk_0022_ast"", ""entranslation_of_the_personal_data_protection_act_0_1c77b4099e_chunk_0023_ast"", ""entranslation_of_the_personal_data_protection_act_0_1c77b4099e_chunk_0025_ast"", ""entranslation_of_the_personal_data_protection_act_0_1c77b4099e_chunk_0026_ast"", ""entranslation_of_the_personal_data_protection_act_0_1c77b4099e_chunk_0029_ast"", ""entranslation_of_the_personal_data_protection_act_0_1c77b4099e_chunk_0030_ast"", ""entranslation_of_the_personal_data_protection_act_0_1c77b4099e_chunk_0031_ast"", ""entranslation_of_the_personal_data_protection_act_0_1c77b4099e_chunk_0034_ast"", ""entranslation_of_the_personal_data_protection_act_0_1c77b4099e_chunk_0037_ast"", ""entranslation_of_the_personal_data_protection_act_0_1c77b4099e_chunk_0038_ast"", ""entranslation_of_the_personal_data_protection_act_0_1c77b4099e_chunk_0039_ast"", ""entranslation_of_the_personal_data_protection_act_0_1c77b4099e_chunk_0042_ast"", ""entranslation_of_the_personal_data_protection_act_0_1c77b4099e_chunk_0044_ast"", ""entranslation_of_the_personal_data_protection_act_0_1c77b4099e_chunk_0046_ast"", ""entranslation_of_the_personal_data_protection_act_0_1c77b4099e_chunk_0048_ast"", ""entranslation_of_the_personal_data_protection_act_0_1c77b4099e_chunk_0053_ast"", ""entranslation_of_the_personal_data_protection_act_0_1c77b4099e_chunk_0105_ast"", ""entranslation_of_the_personal_data_protection_act_0_1c77b4099e_chunk_0107_ast"", ""entranslation_of_the_personal_data_protection_act_0_1c77b4099e_chunk_0116_ast"", ""personal_data_protection_amendment_act_2020_d7cc5937b1_chunk_0004_ast"", ""personal_data_protection_amendment_act_2020_d7cc5937b1_chunk_0009_ast"", ""personal_data_protection_amendment_act_2020_d7cc5937b1_chunk_0010_ast"", ""personal_data_protection_amendment_act_2020_d7cc5937b1_chunk_0012_ast"", ""personal_data_protection_amendment_act_2020_d7cc5937b1_chunk_0013_ast"", ""personal_data_protection_amendment_act_2020_d7cc5937b1_chunk_0014_ast"", ""personal_data_protection_amendment_act_2020_d7cc5937b1_chunk_0015_ast"", ""personal_data_protection_amendment_act_2020_d7cc5937b1_chunk_0016_ast"", ""personal_data_protection_amendment_act_2020_d7cc5937b1_chunk_0020_ast"", ""personal_data_protection_amendment_act_2020_d7cc5937b1_chunk_0036_ast"", ""personal_data_protection_amendment_act_2020_d7cc5937b1_chunk_0110_ast"", ""personal_data_protection_amendment_act_2020_d7cc5937b1_chunk_0111_ast"", ""personal_data_protection_amendment_act_2020_d7cc5937b1_chunk_0130_ast"", ""personal_data_protection_amendment_act_2020_d7cc5937b1_chunk_0133_ast"", ""personal_data_protection_amendment_act_2020_d7cc5937b1_chunk_0135_ast"", ""personal_data_protection_amendment_act_2020_d7cc5937b1_chunk_0143_ast"", ""personal_data_protection_act_2012_e857c5e9da_chunk_0002_ast"", ""personal_data_protection_act_2012_e857c5e9da_chunk_0007_ast"", ""personal_data_protection_act_2012_e857c5e9da_chunk_0030_ast"", ""personal_data_protection_act_2012_e857c5e9da_chunk_0031_ast"", ""personal_data_protection_act_2012_e857c5e9da_chunk_0032_ast"", ""personal_data_protection_act_2012_e857c5e9da_chunk_0033_ast"", ""personal_data_protection_act_2012_e857c5e9da_chunk_0035_ast"", ""personal_data_protection_act_2012_e857c5e9da_chunk_0036_ast"", ""personal_data_protection_act_2012_e857c5e9da_chunk_0037_ast"", ""personal_data_protection_act_2012_e857c5e9da_chunk_0038_ast"", ""personal_data_protection_act_2012_e857c5e9da_chunk_0039_ast"", ""personal_data_protection_act_2012_e857c5e9da_chunk_0040_ast"", ""personal_data_protection_act_2012_e857c5e9da_chunk_0041_ast"", ""personal_data_protection_act_2012_e857c5e9da_chunk_0042_ast"", ""personal_data_protection_act_2012_e857c5e9da_chunk_0043_ast"", ""personal_data_protection_act_2012_e857c5e9da_chunk_0044_ast"", ""personal_data_protection_act_2012_e857c5e9da_chunk_0047_ast"", ""personal_data_protection_act_2012_e857c5e9da_chunk_0050_ast"", ""personal_data_protection_act_2012_e857c5e9da_chunk_0087_ast"", ""personal_data_protection_act_2012_e857c5e9da_chunk_0157_ast"", ""personal_data_protection_act_2012_e857c5e9da_chunk_0158_ast"", ""personal_data_protection_act_2012_e857c5e9da_chunk_0177_ast"", ""personal_data_protection_act_2012_e857c5e9da_chunk_0180_ast"", ""personal_data_protection_act_2012_e857c5e9da_chunk_0182_ast"", ""personal_data_protection_act_2012_e857c5e9da_chunk_0184_ast""]",high,pending
synonym_a352512ee61a,consent,organization,related_term,"[""personal_data_protection_amendment_act_2020_d7cc5937b1_chunk_0009_ast"", ""personal_data_protection_amendment_act_2020_d7cc5937b1_chunk_0010_ast"", ""personal_data_protection_amendment_act_2020_d7cc5937b1_chunk_0012_ast"", ""personal_data_protection_amendment_act_2020_d7cc5937b1_chunk_0013_ast"", ""personal_data_protection_amendment_act_2020_d7cc5937b1_chunk_0014_ast"", ""personal_data_protection_amendment_act_2020_d7cc5937b1_chunk_0015_ast"", ""personal_data_protection_amendment_act_2020_d7cc5937b1_chunk_0016_ast"", ""personal_data_protection_amendment_act_2020_d7cc5937b1_chunk_0020_ast"", ""personal_data_protection_amendment_act_2020_d7cc5937b1_chunk_0036_ast"", ""personal_data_protection_amendment_act_2020_d7cc5937b1_chunk_0067_ast"", ""personal_data_protection_amendment_act_2020_d7cc5937b1_chunk_0110_ast"", ""personal_data_protection_amendment_act_2020_d7cc5937b1_chunk_0133_ast"", ""personal_data_protection_amendment_act_2020_d7cc5937b1_chunk_0135_ast"", ""personal_data_protection_amendment_act_2020_d7cc5937b1_chunk_0143_ast"", ""personal_data_protection_act_2012_e857c5e9da_chunk_0030_ast"", ""personal_data_protection_act_2012_e857c5e9da_chunk_0031_ast"", ""personal_data_protection_act_2012_e857c5e9da_chunk_0032_ast"", ""personal_data_protection_act_2012_e857c5e9da_chunk_0033_ast"", ""personal_data_protection_act_2012_e857c5e9da_chunk_0035_ast"", ""personal_data_protection_act_2012_e857c5e9da_chunk_0036_ast"", ""personal_data_protection_act_2012_e857c5e9da_chunk_0037_ast"", ""personal_data_protection_act_2012_e857c5e9da_chunk_0038_ast"", ""personal_data_protection_act_2012_e857c5e9da_chunk_0039_ast"", ""personal_data_protection_act_2012_e857c5e9da_chunk_0040_ast"", ""personal_data_protection_act_2012_e857c5e9da_chunk_0041_ast"", ""personal_data_protection_act_2012_e857c5e9da_chunk_0042_ast"", ""personal_data_protection_act_2012_e857c5e9da_chunk_0043_ast"", ""personal_data_protection_act_2012_e857c5e9da_chunk_0044_ast"", ""personal_data_protection_act_2012_e857c5e9da_chunk_0047_ast"", ""personal_data_protection_act_2012_e857c5e9da_chunk_0050_ast"", ""personal_data_protection_act_2012_e857c5e9da_chunk_0100_ast"", ""personal_data_protection_act_2012_e857c5e9da_chunk_0153_ast"", ""personal_data_protection_act_2012_e857c5e9da_chunk_0157_ast"", ""personal_data_protection_act_2012_e857c5e9da_chunk_0177_ast"", ""personal_data_protection_act_2012_e857c5e9da_chunk_0180_ast"", ""personal_data_protection_act_2012_e857c5e9da_chunk_0182_ast"", ""personal_data_protection_act_2012_e857c5e9da_chunk_0184_ast""]",high,pending
synonym_0e103b9a3130,consent,permission,related_term,"[""companies_act_1967_c8232023ef_chunk_0017_ast"", ""companies_act_1967_c8232023ef_chunk_0074_ast"", ""companies_act_1967_c8232023ef_chunk_0101_ast"", ""companies_act_1967_c8232023ef_chunk_0102_ast"", ""companies_act_1967_c8232023ef_chunk_0103_ast"", ""companies_act_1967_c8232023ef_chunk_0170_ast"", ""companies_act_1967_c8232023ef_chunk_0171_ast"", ""companies_act_1967_c8232023ef_chunk_0189_ast"", ""companies_act_1967_c8232023ef_chunk_0191_ast"", ""companies_act_1967_c8232023ef_chunk_0212_ast"", ""companies_act_1967_c8232023ef_chunk_0256_ast"", ""companies_act_1967_c8232023ef_chunk_0258_ast"", ""companies_act_1967_c8232023ef_chunk_0312_ast"", ""companies_act_1967_c8232023ef_chunk_0314_ast"", ""companies_act_1967_c8232023ef_chunk_0317_ast"", ""companies_act_1967_c8232023ef_chunk_0319_ast"", ""companies_act_1967_c8232023ef_chunk_0320_ast"", ""companies_act_1967_c8232023ef_chunk_0357_ast"", ""companies_act_1967_c8232023ef_chunk_0437_ast"", ""companies_act_1967_c8232023ef_chunk_0439_ast"", ""companies_act_1967_c8232023ef_chunk_0454_ast"", ""companies_act_1967_c8232023ef_chunk_0542_ast"", ""companies_act_1967_c8232023ef_chunk_0559_ast"", ""companies_act_1967_c8232023ef_chunk_0572_ast"", ""companies_act_1967_c8232023ef_chunk_0573_ast"", ""companies_act_1967_c8232023ef_chunk_0647_ast"", ""companies_act_1967_c8232023ef_chunk_0720_ast"", ""companies_act_1967_c8232023ef_chunk_0721_ast"", ""companies_act_1967_c8232023ef_chunk_0722_ast"", ""companies_act_1967_c8232023ef_chunk_0828_ast"", ""companies_act_1967_c8232023ef_chunk_0836_ast"", ""companies_act_1967_c8232023ef_chunk_0837_ast"", ""companies_act_1967_c8232023ef_chunk_0845_ast"", ""companies_act_1967_c8232023ef_chunk_0850_ast"", ""companies_act_1967_c8232023ef_chunk_0892_ast"", ""companies_act_1967_c8232023ef_chunk_0900_ast"", ""companies_act_1967_c8232023ef_chunk_0901_ast"", ""companies_act_1967_c8232023ef_chunk_0930_ast"", ""companies_act_1967_c8232023ef_chunk_0931_ast"", ""companies_act_1967_c8232023ef_chunk_1008_ast"", ""companies_act_1967_c8232023ef_chunk_1009_ast"", ""companies_act_1967_c8232023ef_chunk_1030_ast"", ""companies_act_1967_c8232023ef_chunk_1033_ast"", ""companies_act_1967_c8232023ef_chunk_1040_ast"", ""entranslation_of_the_personal_data_protection_act_0_1c77b4099e_chunk_0002_ast"", ""entranslation_of_the_personal_data_protection_act_0_1c77b4099e_chunk_0013_ast"", ""entranslation_of_the_personal_data_protection_act_0_1c77b4099e_chunk_0021_ast"", ""entranslation_of_the_personal_data_protection_act_0_1c77b4099e_chunk_0022_ast"", ""entranslation_of_the_personal_data_protection_act_0_1c77b4099e_chunk_0023_ast"", ""entranslation_of_the_personal_data_protection_act_0_1c77b4099e_chunk_0024_ast"", ""entranslation_of_the_personal_data_protection_act_0_1c77b4099e_chunk_0025_ast"", ""entranslation_of_the_personal_data_protection_act_0_1c77b4099e_chunk_0026_ast"", ""entranslation_of_the_personal_data_protection_act_0_1c77b4099e_chunk_0029_ast"", ""entranslation_of_the_personal_data_protection_act_0_1c77b4099e_chunk_0030_ast"", ""entranslation_of_the_personal_data_protection_act_0_1c77b4099e_chunk_0031_ast"", ""entranslation_of_the_personal_data_protection_act_0_1c77b4099e_chunk_0033_ast"", ""entranslation_of_the_personal_data_protection_act_0_1c77b4099e_chunk_0034_ast"", ""entranslation_of_the_personal_data_protection_act_0_1c77b4099e_chunk_0037_ast"", ""entranslation_of_the_personal_data_protection_act_0_1c77b4099e_chunk_0038_ast"", ""entranslation_of_the_personal_data_protection_act_0_1c77b4099e_chunk_0039_ast"", ""entranslation_of_the_personal_data_protection_act_0_1c77b4099e_chunk_0042_ast"", ""entranslation_of_the_personal_data_protection_act_0_1c77b4099e_chunk_0044_ast"", ""entranslation_of_the_personal_data_protection_act_0_1c77b4099e_chunk_0046_ast"", ""entranslation_of_the_personal_data_protection_act_0_1c77b4099e_chunk_0048_ast"", ""entranslation_of_the_personal_data_protection_act_0_1c77b4099e_chunk_0053_ast"", ""entranslation_of_the_personal_data_protection_act_0_1c77b4099e_chunk_0075_ast"", ""entranslation_of_the_personal_data_protection_act_0_1c77b4099e_chunk_0105_ast"", ""entranslation_of_the_personal_data_protection_act_0_1c77b4099e_chunk_0106_ast"", ""entranslation_of_the_personal_data_protection_act_0_1c77b4099e_chunk_0107_ast"", ""entranslation_of_the_personal_data_protection_act_0_1c77b4099e_chunk_0116_ast"", ""personal_data_protection_amendment_act_2020_d7cc5937b1_chunk_0004_ast"", ""personal_data_protection_amendment_act_2020_d7cc5937b1_chunk_0009_ast"", ""personal_data_protection_amendment_act_2020_d7cc5937b1_chunk_0010_ast"", ""personal_data_protection_amendment_act_2020_d7cc5937b1_chunk_0012_ast"", ""personal_data_protection_amendment_act_2020_d7cc5937b1_chunk_0013_ast"", ""personal_data_protection_amendment_act_2020_d7cc5937b1_chunk_0014_ast"", ""personal_data_protection_amendment_act_2020_d7cc5937b1_chunk_0015_ast"", ""personal_data_protection_amendment_act_2020_d7cc5937b1_chunk_0016_ast"", ""personal_data_protection_amendment_act_2020_d7cc5937b1_chunk_0020_ast"", ""personal_data_protection_amendment_act_2020_d7cc5937b1_chunk_0036_ast""]",high,pending
synonym_c934e99715c8,consent,permission,synonym,"[""companies_act_1967_c8232023ef_chunk_0017_ast"", ""companies_act_1967_c8232023ef_chunk_0074_ast"", ""companies_act_1967_c8232023ef_chunk_0101_ast"", ""companies_act_1967_c8232023ef_chunk_0102_ast"", ""companies_act_1967_c8232023ef_chunk_0103_ast"", ""companies_act_1967_c8232023ef_chunk_0170_ast"", ""companies_act_1967_c8232023ef_chunk_0171_ast"", ""companies_act_1967_c8232023ef_chunk_0189_ast"", ""companies_act_1967_c8232023ef_chunk_0191_ast"", ""companies_act_1967_c8232023ef_chunk_0212_ast"", ""companies_act_1967_c8232023ef_chunk_0256_ast"", ""companies_act_1967_c8232023ef_chunk_0258_ast"", ""companies_act_1967_c8232023ef_chunk_0312_ast"", ""companies_act_1967_c8232023ef_chunk_0314_ast"", ""companies_act_1967_c8232023ef_chunk_0317_ast"", ""companies_act_1967_c8232023ef_chunk_0319_ast"", ""companies_act_1967_c8232023ef_chunk_0320_ast"", ""companies_act_1967_c8232023ef_chunk_0357_ast"", ""companies_act_1967_c8232023ef_chunk_0437_ast"", ""companies_act_1967_c8232023ef_chunk_0439_ast"", ""companies_act_1967_c8232023ef_chunk_0454_ast"", ""companies_act_1967_c8232023ef_chunk_0542_ast"", ""companies_act_1967_c8232023ef_chunk_0559_ast"", ""companies_act_1967_c8232023ef_chunk_0572_ast"", ""companies_act_1967_c8232023ef_chunk_0573_ast"", ""companies_act_1967_c8232023ef_chunk_0647_ast"", ""companies_act_1967_c8232023ef_chunk_0720_ast"", ""companies_act_1967_c8232023ef_chunk_0721_ast"", ""companies_act_1967_c8232023ef_chunk_0722_ast"", ""companies_act_1967_c8232023ef_chunk_0828_ast"", ""companies_act_1967_c8232023ef_chunk_0836_ast"", ""companies_act_1967_c8232023ef_chunk_0837_ast"", ""companies_act_1967_c8232023ef_chunk_0845_ast"", ""companies_act_1967_c8232023ef_chunk_0850_ast"", ""companies_act_1967_c8232023ef_chunk_0892_ast"", ""companies_act_1967_c8232023ef_chunk_0900_ast"", ""companies_act_1967_c8232023ef_chunk_0901_ast"", ""companies_act_1967_c8232023ef_chunk_0930_ast"", ""companies_act_1967_c8232023ef_chunk_0931_ast"", ""companies_act_1967_c8232023ef_chunk_1008_ast"", ""companies_act_1967_c8232023ef_chunk_1009_ast"", ""companies_act_1967_c8232023ef_chunk_1030_ast"", ""companies_act_1967_c8232023ef_chunk_1033_ast"", ""companies_act_1967_c8232023ef_chunk_1040_ast"", ""entranslation_of_the_personal_data_protection_act_0_1c77b4099e_chunk_0002_ast"", ""entranslation_of_the_personal_data_protection_act_0_1c77b4099e_chunk_0013_ast"", ""entranslation_of_the_personal_data_protection_act_0_1c77b4099e_chunk_0021_ast"", ""entranslation_of_the_personal_data_protection_act_0_1c77b4099e_chunk_0022_ast"", ""entranslation_of_the_personal_data_protection_act_0_1c77b4099e_chunk_0023_ast"", ""entranslation_of_the_personal_data_protection_act_0_1c77b4099e_chunk_0024_ast"", ""entranslation_of_the_personal_data_protection_act_0_1c77b4099e_chunk_0025_ast"", ""entranslation_of_the_personal_data_protection_act_0_1c77b4099e_chunk_0026_ast"", ""entranslation_of_the_personal_data_protection_act_0_1c77b4099e_chunk_0029_ast"", ""entranslation_of_the_personal_data_protection_act_0_1c77b4099e_chunk_0030_ast"", ""entranslation_of_the_personal_data_protection_act_0_1c77b4099e_chunk_0031_ast"", ""entranslation_of_the_personal_data_protection_act_0_1c77b4099e_chunk_0033_ast"", ""entranslation_of_the_personal_data_protection_act_0_1c77b4099e_chunk_0034_ast"", ""entranslation_of_the_personal_data_protection_act_0_1c77b4099e_chunk_0037_ast"", ""entranslation_of_the_personal_data_protection_act_0_1c77b4099e_chunk_0038_ast"", ""entranslation_of_the_personal_data_protection_act_0_1c77b4099e_chunk_0039_ast"", ""entranslation_of_the_personal_data_protection_act_0_1c77b4099e_chunk_0042_ast"", ""entranslation_of_the_personal_data_protection_act_0_1c77b4099e_chunk_0044_ast"", ""entranslation_of_the_personal_data_protection_act_0_1c77b4099e_chunk_0046_ast"", ""entranslation_of_the_personal_data_protection_act_0_1c77b4099e_chunk_0048_ast"", ""entranslation_of_the_personal_data_protection_act_0_1c77b4099e_chunk_0053_ast"", ""entranslation_of_the_personal_data_protection_act_0_1c77b4099e_chunk_0075_ast"", ""entranslation_of_the_personal_data_protection_act_0_1c77b4099e_chunk_0105_ast"", ""entranslation_of_the_personal_data_protection_act_0_1c77b4099e_chunk_0106_ast"", ""entranslation_of_the_personal_data_protection_act_0_1c77b4099e_chunk_0107_ast"", ""entranslation_of_the_personal_data_protection_act_0_1c77b4099e_chunk_0116_ast"", ""personal_data_protection_amendment_act_2020_d7cc5937b1_chunk_0004_ast"", ""personal_data_protection_amendment_act_2020_d7cc5937b1_chunk_0009_ast"", ""personal_data_protection_amendment_act_2020_d7cc5937b1_chunk_0010_ast"", ""personal_data_protection_amendment_act_2020_d7cc5937b1_chunk_0012_ast"", ""personal_data_protection_amendment_act_2020_d7cc5937b1_chunk_0013_ast"", ""personal_data_protection_amendment_act_2020_d7cc5937b1_chunk_0014_ast"", ""personal_data_protection_amendment_act_2020_d7cc5937b1_chunk_0015_ast"", ""personal_data_protection_amendment_act_2020_d7cc5937b1_chunk_0016_ast"", ""personal_data_protection_amendment_act_2020_d7cc5937b1_chunk_0020_ast"", ""personal_data_protection_amendment_act_2020_d7cc5937b1_chunk_0036_ast""]",high,pending
synonym_0bb0abae2776,consent,person,related_term,"[""companies_act_1967_c8232023ef_chunk_0437_ast"", ""companies_act_1967_c8232023ef_chunk_0454_ast"", ""companies_act_1967_c8232023ef_chunk_0542_ast"", ""personal_data_protection_amendment_act_2020_d7cc5937b1_chunk_0009_ast"", ""personal_data_protection_amendment_act_2020_d7cc5937b1_chunk_0010_ast"", ""personal_data_protection_amendment_act_2020_d7cc5937b1_chunk_0012_ast"", ""personal_data_protection_amendment_act_2020_d7cc5937b1_chunk_0013_ast"", ""personal_data_protection_amendment_act_2020_d7cc5937b1_chunk_0014_ast"", ""personal_data_protection_amendment_act_2020_d7cc5937b1_chunk_0015_ast"", ""personal_data_protection_amendment_act_2020_d7cc5937b1_chunk_0016_ast"", ""personal_data_protection_amendment_act_2020_d7cc5937b1_chunk_0020_ast"", ""personal_data_protection_amendment_act_2020_d7cc5937b1_chunk_0036_ast"", ""personal_data_protection_amendment_act_2020_d7cc5937b1_chunk_0067_ast"", ""personal_data_protection_amendment_act_2020_d7cc5937b1_chunk_0099_ast"", ""personal_data_protection_amendment_act_2020_d7cc5937b1_chunk_0103_ast"", ""personal_data_protection_amendment_act_2020_d7cc5937b1_chunk_0110_ast"", ""personal_data_protection_amendment_act_2020_d7cc5937b1_chunk_0111_ast"", ""personal_data_protection_amendment_act_2020_d7cc5937b1_chunk_0130_ast"", ""personal_data_protection_amendment_act_2020_d7cc5937b1_chunk_0133_ast"", ""personal_data_protection_amendment_act_2020_d7cc5937b1_chunk_0135_ast"", ""personal_data_protection_act_2012_e857c5e9da_chunk_0030_ast"", ""personal_data_protection_act_2012_e857c5e9da_chunk_0031_ast"", ""personal_data_protection_act_2012_e857c5e9da_chunk_0032_ast"", ""personal_data_protection_act_2012_e857c5e9da_chunk_0033_ast"", ""personal_data_protection_act_2012_e857c5e9da_chunk_0035_ast"", ""personal_data_protection_act_2012_e857c5e9da_chunk_0036_ast"", ""personal_data_protection_act_2012_e857c5e9da_chunk_0037_ast"", ""personal_data_protection_act_2012_e857c5e9da_chunk_0038_ast"", ""personal_data_protection_act_2012_e857c5e9da_chunk_0039_ast"", ""personal_data_protection_act_2012_e857c5e9da_chunk_0040_ast"", ""personal_data_protection_act_2012_e857c5e9da_chunk_0041_ast"", ""personal_data_protection_act_2012_e857c5e9da_chunk_0042_ast"", ""personal_data_protection_act_2012_e857c5e9da_chunk_0043_ast"", ""personal_data_protection_act_2012_e857c5e9da_chunk_0044_ast"", ""personal_data_protection_act_2012_e857c5e9da_chunk_0047_ast"", ""personal_data_protection_act_2012_e857c5e9da_chunk_0050_ast"", ""personal_data_protection_act_2012_e857c5e9da_chunk_0100_ast"", ""personal_data_protection_act_2012_e857c5e9da_chunk_0133_ast"", ""personal_data_protection_act_2012_e857c5e9da_chunk_0137_ast"", ""personal_data_protection_act_2012_e857c5e9da_chunk_0153_ast"", ""personal_data_protection_act_2012_e857c5e9da_chunk_0157_ast"", ""personal_data_protection_act_2012_e857c5e9da_chunk_0158_ast"", ""personal_data_protection_act_2012_e857c5e9da_chunk_0177_ast"", ""personal_data_protection_act_2012_e857c5e9da_chunk_0180_ast"", ""personal_data_protection_act_2012_e857c5e9da_chunk_0182_ast"", ""personal_data_protection_act_2012_e857c5e9da_chunk_0184_ast""]",high,pending
synonym_6c9a3600b3cb,consent,personal information,related_term,"[""entranslation_of_the_personal_data_protection_act_0_1c77b4099e_chunk_0002_ast"", ""entranslation_of_the_personal_data_protection_act_0_1c77b4099e_chunk_0021_ast"", ""entranslation_of_the_personal_data_protection_act_0_1c77b4099e_chunk_0022_ast"", ""entranslation_of_the_personal_data_protection_act_0_1c77b4099e_chunk_0023_ast"", ""entranslation_of_the_personal_data_protection_act_0_1c77b4099e_chunk_0025_ast"", ""entranslation_of_the_personal_data_protection_act_0_1c77b4099e_chunk_0026_ast"", ""entranslation_of_the_personal_data_protection_act_0_1c77b4099e_chunk_0029_ast"", ""entranslation_of_the_personal_data_protection_act_0_1c77b4099e_chunk_0030_ast"", ""entranslation_of_the_personal_data_protection_act_0_1c77b4099e_chunk_0031_ast"", ""entranslation_of_the_personal_data_protection_act_0_1c77b4099e_chunk_0034_ast"", ""entranslation_of_the_personal_data_protection_act_0_1c77b4099e_chunk_0037_ast"", ""entranslation_of_the_personal_data_protection_act_0_1c77b4099e_chunk_0038_ast"", ""entranslation_of_the_personal_data_protection_act_0_1c77b4099e_chunk_0039_ast"", ""entranslation_of_the_personal_data_protection_act_0_1c77b4099e_chunk_0042_ast"", ""entranslation_of_the_personal_data_protection_act_0_1c77b4099e_chunk_0044_ast"", ""entranslation_of_the_personal_data_protection_act_0_1c77b4099e_chunk_0046_ast"", ""entranslation_of_the_personal_data_protection_act_0_1c77b4099e_chunk_0048_ast"", ""entranslation_of_the_personal_data_protection_act_0_1c77b4099e_chunk_0053_ast"", ""entranslation_of_the_personal_data_protection_act_0_1c77b4099e_chunk_0105_ast"", ""entranslation_of_the_personal_data_protection_act_0_1c77b4099e_chunk_0107_ast"", ""entranslation_of_the_personal_data_protection_act_0_1c77b4099e_chunk_0116_ast"", ""personal_data_protection_amendment_act_2020_d7cc5937b1_chunk_0004_ast"", ""personal_data_protection_amendment_act_2020_d7cc5937b1_chunk_0009_ast"", ""personal_data_protection_amendment_act_2020_d7cc5937b1_chunk_0010_ast"", ""personal_data_protection_amendment_act_2020_d7cc5937b1_chunk_0012_ast"", ""personal_data_protection_amendment_act_2020_d7cc5937b1_chunk_0013_ast"", ""personal_data_protection_amendment_act_2020_d7cc5937b1_chunk_0014_ast"", ""personal_data_protection_amendment_act_2020_d7cc5937b1_chunk_0015_ast"", ""personal_data_protection_amendment_act_2020_d7cc5937b1_chunk_0016_ast"", ""personal_data_protection_amendment_act_2020_d7cc5937b1_chunk_0020_ast"", ""personal_data_protection_amendment_act_2020_d7cc5937b1_chunk_0036_ast"", ""personal_data_protection_amendment_act_2020_d7cc5937b1_chunk_0110_ast"", ""personal_data_protection_amendment_act_2020_d7cc5937b1_chunk_0111_ast"", ""personal_data_protection_amendment_act_2020_d7cc5937b1_chunk_0130_ast"", ""personal_data_protection_amendment_act_2020_d7cc5937b1_chunk_0133_ast"", ""personal_data_protection_amendment_act_2020_d7cc5937b1_chunk_0135_ast"", ""personal_data_protection_amendment_act_2020_d7cc5937b1_chunk_0143_ast"", ""personal_data_protection_act_2012_e857c5e9da_chunk_0002_ast"", ""personal_data_protection_act_2012_e857c5e9da_chunk_0007_ast"", ""personal_data_protection_act_2012_e857c5e9da_chunk_0030_ast"", ""personal_data_protection_act_2012_e857c5e9da_chunk_0031_ast"", ""personal_data_protection_act_2012_e857c5e9da_chunk_0032_ast"", ""personal_data_protection_act_2012_e857c5e9da_chunk_0033_ast"", ""personal_data_protection_act_2012_e857c5e9da_chunk_0035_ast"", ""personal_data_protection_act_2012_e857c5e9da_chunk_0036_ast"", ""personal_data_protection_act_2012_e857c5e9da_chunk_0037_ast"", ""personal_data_protection_act_2012_e857c5e9da_chunk_0038_ast"", ""personal_data_protection_act_2012_e857c5e9da_chunk_0039_ast"", ""personal_data_protection_act_2012_e857c5e9da_chunk_0040_ast"", ""personal_data_protection_act_2012_e857c5e9da_chunk_0041_ast"", ""personal_data_protection_act_2012_e857c5e9da_chunk_0042_ast"", ""personal_data_protection_act_2012_e857c5e9da_chunk_0043_ast"", ""personal_data_protection_act_2012_e857c5e9da_chunk_0044_ast"", ""personal_data_protection_act_2012_e857c5e9da_chunk_0047_ast"", ""personal_data_protection_act_2012_e857c5e9da_chunk_0050_ast"", ""personal_data_protection_act_2012_e857c5e9da_chunk_0087_ast"", ""personal_data_protection_act_2012_e857c5e9da_chunk_0157_ast"", ""personal_data_protection_act_2012_e857c5e9da_chunk_0158_ast"", ""personal_data_protection_act_2012_e857c5e9da_chunk_0177_ast"", ""personal_data_protection_act_2012_e857c5e9da_chunk_0180_ast"", ""personal_data_protection_act_2012_e857c5e9da_chunk_0182_ast"", ""personal_data_protection_act_2012_e857c5e9da_chunk_0184_ast""]",high,pending
synonym_a45e2f5a66b2,consent,个人信息,related_term,"[""entranslation_of_the_personal_data_protection_act_0_1c77b4099e_chunk_0002_ast"", ""entranslation_of_the_personal_data_protection_act_0_1c77b4099e_chunk_0021_ast"", ""entranslation_of_the_personal_data_protection_act_0_1c77b4099e_chunk_0022_ast"", ""entranslation_of_the_personal_data_protection_act_0_1c77b4099e_chunk_0023_ast"", ""entranslation_of_the_personal_data_protection_act_0_1c77b4099e_chunk_0025_ast"", ""entranslation_of_the_personal_data_protection_act_0_1c77b4099e_chunk_0026_ast"", ""entranslation_of_the_personal_data_protection_act_0_1c77b4099e_chunk_0029_ast"", ""entranslation_of_the_personal_data_protection_act_0_1c77b4099e_chunk_0030_ast"", ""entranslation_of_the_personal_data_protection_act_0_1c77b4099e_chunk_0031_ast"", ""entranslation_of_the_personal_data_protection_act_0_1c77b4099e_chunk_0034_ast"", ""entranslation_of_the_personal_data_protection_act_0_1c77b4099e_chunk_0037_ast"", ""entranslation_of_the_personal_data_protection_act_0_1c77b4099e_chunk_0038_ast"", ""entranslation_of_the_personal_data_protection_act_0_1c77b4099e_chunk_0039_ast"", ""entranslation_of_the_personal_data_protection_act_0_1c77b4099e_chunk_0042_ast"", ""entranslation_of_the_personal_data_protection_act_0_1c77b4099e_chunk_0044_ast"", ""entranslation_of_the_personal_data_protection_act_0_1c77b4099e_chunk_0046_ast"", ""entranslation_of_the_personal_data_protection_act_0_1c77b4099e_chunk_0048_ast"", ""entranslation_of_the_personal_data_protection_act_0_1c77b4099e_chunk_0053_ast"", ""entranslation_of_the_personal_data_protection_act_0_1c77b4099e_chunk_0105_ast"", ""entranslation_of_the_personal_data_protection_act_0_1c77b4099e_chunk_0107_ast"", ""entranslation_of_the_personal_data_protection_act_0_1c77b4099e_chunk_0116_ast"", ""personal_data_protection_amendment_act_2020_d7cc5937b1_chunk_0004_ast"", ""personal_data_protection_amendment_act_2020_d7cc5937b1_chunk_0009_ast"", ""personal_data_protection_amendment_act_2020_d7cc5937b1_chunk_0010_ast"", ""personal_data_protection_amendment_act_2020_d7cc5937b1_chunk_0012_ast"", ""personal_data_protection_amendment_act_2020_d7cc5937b1_chunk_0013_ast"", ""personal_data_protection_amendment_act_2020_d7cc5937b1_chunk_0014_ast"", ""personal_data_protection_amendment_act_2020_d7cc5937b1_chunk_0015_ast"", ""personal_data_protection_amendment_act_2020_d7cc5937b1_chunk_0016_ast"", ""personal_data_protection_amendment_act_2020_d7cc5937b1_chunk_0020_ast"", ""personal_data_protection_amendment_act_2020_d7cc5937b1_chunk_0036_ast"", ""personal_data_protection_amendment_act_2020_d7cc5937b1_chunk_0110_ast"", ""personal_data_protection_amendment_act_2020_d7cc5937b1_chunk_0111_ast"", ""personal_data_protection_amendment_act_2020_d7cc5937b1_chunk_0130_ast"", ""personal_data_protection_amendment_act_2020_d7cc5937b1_chunk_0133_ast"", ""personal_data_protection_amendment_act_2020_d7cc5937b1_chunk_0135_ast"", ""personal_data_protection_amendment_act_2020_d7cc5937b1_chunk_0143_ast"", ""personal_data_protection_act_2012_e857c5e9da_chunk_0002_ast"", ""personal_data_protection_act_2012_e857c5e9da_chunk_0007_ast"", ""personal_data_protection_act_2012_e857c5e9da_chunk_0030_ast"", ""personal_data_protection_act_2012_e857c5e9da_chunk_0031_ast"", ""personal_data_protection_act_2012_e857c5e9da_chunk_0032_ast"", ""personal_data_protection_act_2012_e857c5e9da_chunk_0033_ast"", ""personal_data_protection_act_2012_e857c5e9da_chunk_0035_ast"", ""personal_data_protection_act_2012_e857c5e9da_chunk_0036_ast"", ""personal_data_protection_act_2012_e857c5e9da_chunk_0037_ast"", ""personal_data_protection_act_2012_e857c5e9da_chunk_0038_ast"", ""personal_data_protection_act_2012_e857c5e9da_chunk_0039_ast"", ""personal_data_protection_act_2012_e857c5e9da_chunk_0040_ast"", ""personal_data_protection_act_2012_e857c5e9da_chunk_0041_ast"", ""personal_data_protection_act_2012_e857c5e9da_chunk_0042_ast"", ""personal_data_protection_act_2012_e857c5e9da_chunk_0043_ast"", ""personal_data_protection_act_2012_e857c5e9da_chunk_0044_ast"", ""personal_data_protection_act_2012_e857c5e9da_chunk_0047_ast"", ""personal_data_protection_act_2012_e857c5e9da_chunk_0050_ast"", ""personal_data_protection_act_2012_e857c5e9da_chunk_0087_ast"", ""personal_data_protection_act_2012_e857c5e9da_chunk_0157_ast"", ""personal_data_protection_act_2012_e857c5e9da_chunk_0158_ast"", ""personal_data_protection_act_2012_e857c5e9da_chunk_0177_ast"", ""personal_data_protection_act_2012_e857c5e9da_chunk_0180_ast"", ""personal_data_protection_act_2012_e857c5e9da_chunk_0182_ast"", ""personal_data_protection_act_2012_e857c5e9da_chunk_0184_ast""]",high,pending
synonym_8c40b5213cf8,consent,同意,related_term,"[""companies_act_1967_c8232023ef_chunk_0017_ast"", ""companies_act_1967_c8232023ef_chunk_0074_ast"", ""companies_act_1967_c8232023ef_chunk_0101_ast"", ""companies_act_1967_c8232023ef_chunk_0102_ast"", ""companies_act_1967_c8232023ef_chunk_0103_ast"", ""companies_act_1967_c8232023ef_chunk_0170_ast"", ""companies_act_1967_c8232023ef_chunk_0171_ast"", ""companies_act_1967_c8232023ef_chunk_0189_ast"", ""companies_act_1967_c8232023ef_chunk_0191_ast"", ""companies_act_1967_c8232023ef_chunk_0212_ast"", ""companies_act_1967_c8232023ef_chunk_0256_ast"", ""companies_act_1967_c8232023ef_chunk_0258_ast"", ""companies_act_1967_c8232023ef_chunk_0312_ast"", ""companies_act_1967_c8232023ef_chunk_0314_ast"", ""companies_act_1967_c8232023ef_chunk_0317_ast"", ""companies_act_1967_c8232023ef_chunk_0319_ast"", ""companies_act_1967_c8232023ef_chunk_0320_ast"", ""companies_act_1967_c8232023ef_chunk_0357_ast"", ""companies_act_1967_c8232023ef_chunk_0437_ast"", ""companies_act_1967_c8232023ef_chunk_0439_ast"", ""companies_act_1967_c8232023ef_chunk_0454_ast"", ""companies_act_1967_c8232023ef_chunk_0542_ast"", ""companies_act_1967_c8232023ef_chunk_0559_ast"", ""companies_act_1967_c8232023ef_chunk_0572_ast"", ""companies_act_1967_c8232023ef_chunk_0573_ast"", ""companies_act_1967_c8232023ef_chunk_0647_ast"", ""companies_act_1967_c8232023ef_chunk_0720_ast"", ""companies_act_1967_c8232023ef_chunk_0721_ast"", ""companies_act_1967_c8232023ef_chunk_0722_ast"", ""companies_act_1967_c8232023ef_chunk_0828_ast"", ""companies_act_1967_c8232023ef_chunk_0836_ast"", ""companies_act_1967_c8232023ef_chunk_0837_ast"", ""companies_act_1967_c8232023ef_chunk_0845_ast"", ""companies_act_1967_c8232023ef_chunk_0850_ast"", ""companies_act_1967_c8232023ef_chunk_0892_ast"", ""companies_act_1967_c8232023ef_chunk_0900_ast"", ""companies_act_1967_c8232023ef_chunk_0901_ast"", ""companies_act_1967_c8232023ef_chunk_0930_ast"", ""companies_act_1967_c8232023ef_chunk_0931_ast"", ""companies_act_1967_c8232023ef_chunk_1008_ast"", ""companies_act_1967_c8232023ef_chunk_1009_ast"", ""companies_act_1967_c8232023ef_chunk_1030_ast"", ""companies_act_1967_c8232023ef_chunk_1033_ast"", ""companies_act_1967_c8232023ef_chunk_1040_ast"", ""entranslation_of_the_personal_data_protection_act_0_1c77b4099e_chunk_0002_ast"", ""entranslation_of_the_personal_data_protection_act_0_1c77b4099e_chunk_0013_ast"", ""entranslation_of_the_personal_data_protection_act_0_1c77b4099e_chunk_0021_ast"", ""entranslation_of_the_personal_data_protection_act_0_1c77b4099e_chunk_0022_ast"", ""entranslation_of_the_personal_data_protection_act_0_1c77b4099e_chunk_0023_ast"", ""entranslation_of_the_personal_data_protection_act_0_1c77b4099e_chunk_0024_ast"", ""entranslation_of_the_personal_data_protection_act_0_1c77b4099e_chunk_0025_ast"", ""entranslation_of_the_personal_data_protection_act_0_1c77b4099e_chunk_0026_ast"", ""entranslation_of_the_personal_data_protection_act_0_1c77b4099e_chunk_0029_ast"", ""entranslation_of_the_personal_data_protection_act_0_1c77b4099e_chunk_0030_ast"", ""entranslation_of_the_personal_data_protection_act_0_1c77b4099e_chunk_0031_ast"", ""entranslation_of_the_personal_data_protection_act_0_1c77b4099e_chunk_0033_ast"", ""entranslation_of_the_personal_data_protection_act_0_1c77b4099e_chunk_0034_ast"", ""entranslation_of_the_personal_data_protection_act_0_1c77b4099e_chunk_0037_ast"", ""entranslation_of_the_personal_data_protection_act_0_1c77b4099e_chunk_0038_ast"", ""entranslation_of_the_personal_data_protection_act_0_1c77b4099e_chunk_0039_ast"", ""entranslation_of_the_personal_data_protection_act_0_1c77b4099e_chunk_0042_ast"", ""entranslation_of_the_personal_data_protection_act_0_1c77b4099e_chunk_0044_ast"", ""entranslation_of_the_personal_data_protection_act_0_1c77b4099e_chunk_0046_ast"", ""entranslation_of_the_personal_data_protection_act_0_1c77b4099e_chunk_0048_ast"", ""entranslation_of_the_personal_data_protection_act_0_1c77b4099e_chunk_0053_ast"", ""entranslation_of_the_personal_data_protection_act_0_1c77b4099e_chunk_0075_ast"", ""entranslation_of_the_personal_data_protection_act_0_1c77b4099e_chunk_0105_ast"", ""entranslation_of_the_personal_data_protection_act_0_1c77b4099e_chunk_0106_ast"", ""entranslation_of_the_personal_data_protection_act_0_1c77b4099e_chunk_0107_ast"", ""entranslation_of_the_personal_data_protection_act_0_1c77b4099e_chunk_0116_ast"", ""personal_data_protection_amendment_act_2020_d7cc5937b1_chunk_0004_ast"", ""personal_data_protection_amendment_act_2020_d7cc5937b1_chunk_0009_ast"", ""personal_data_protection_amendment_act_2020_d7cc5937b1_chunk_0010_ast"", ""personal_data_protection_amendment_act_2020_d7cc5937b1_chunk_0012_ast"", ""personal_data_protection_amendment_act_2020_d7cc5937b1_chunk_0013_ast"", ""personal_data_protection_amendment_act_2020_d7cc5937b1_chunk_0014_ast"", ""personal_data_protection_amendment_act_2020_d7cc5937b1_chunk_0015_ast"", ""personal_data_protection_amendment_act_2020_d7cc5937b1_chunk_0016_ast"", ""personal_data_protection_amendment_act_2020_d7cc5937b1_chunk_0020_ast"", ""personal_data_protection_amendment_act_2020_d7cc5937b1_chunk_0036_ast""]",high,pending
synonym_0dae013b5ac2,consent,同意,synonym,"[""companies_act_1967_c8232023ef_chunk_0017_ast"", ""companies_act_1967_c8232023ef_chunk_0074_ast"", ""companies_act_1967_c8232023ef_chunk_0101_ast"", ""companies_act_1967_c8232023ef_chunk_0102_ast"", ""companies_act_1967_c8232023ef_chunk_0103_ast"", ""companies_act_1967_c8232023ef_chunk_0170_ast"", ""companies_act_1967_c8232023ef_chunk_0171_ast"", ""companies_act_1967_c8232023ef_chunk_0189_ast"", ""companies_act_1967_c8232023ef_chunk_0191_ast"", ""companies_act_1967_c8232023ef_chunk_0212_ast"", ""companies_act_1967_c8232023ef_chunk_0256_ast"", ""companies_act_1967_c8232023ef_chunk_0258_ast"", ""companies_act_1967_c8232023ef_chunk_0312_ast"", ""companies_act_1967_c8232023ef_chunk_0314_ast"", ""companies_act_1967_c8232023ef_chunk_0317_ast"", ""companies_act_1967_c8232023ef_chunk_0319_ast"", ""companies_act_1967_c8232023ef_chunk_0320_ast"", ""companies_act_1967_c8232023ef_chunk_0357_ast"", ""companies_act_1967_c8232023ef_chunk_0437_ast"", ""companies_act_1967_c8232023ef_chunk_0439_ast"", ""companies_act_1967_c8232023ef_chunk_0454_ast"", ""companies_act_1967_c8232023ef_chunk_0542_ast"", ""companies_act_1967_c8232023ef_chunk_0559_ast"", ""companies_act_1967_c8232023ef_chunk_0572_ast"", ""companies_act_1967_c8232023ef_chunk_0573_ast"", ""companies_act_1967_c8232023ef_chunk_0647_ast"", ""companies_act_1967_c8232023ef_chunk_0720_ast"", ""companies_act_1967_c8232023ef_chunk_0721_ast"", ""companies_act_1967_c8232023ef_chunk_0722_ast"", ""companies_act_1967_c8232023ef_chunk_0828_ast"", ""companies_act_1967_c8232023ef_chunk_0836_ast"", ""companies_act_1967_c8232023ef_chunk_0837_ast"", ""companies_act_1967_c8232023ef_chunk_0845_ast"", ""companies_act_1967_c8232023ef_chunk_0850_ast"", ""companies_act_1967_c8232023ef_chunk_0892_ast"", ""companies_act_1967_c8232023ef_chunk_0900_ast"", ""companies_act_1967_c8232023ef_chunk_0901_ast"", ""companies_act_1967_c8232023ef_chunk_0930_ast"", ""companies_act_1967_c8232023ef_chunk_0931_ast"", ""companies_act_1967_c8232023ef_chunk_1008_ast"", ""companies_act_1967_c8232023ef_chunk_1009_ast"", ""companies_act_1967_c8232023ef_chunk_1030_ast"", ""companies_act_1967_c8232023ef_chunk_1033_ast"", ""companies_act_1967_c8232023ef_chunk_1040_ast"", ""entranslation_of_the_personal_data_protection_act_0_1c77b4099e_chunk_0002_ast"", ""entranslation_of_the_personal_data_protection_act_0_1c77b4099e_chunk_0013_ast"", ""entranslation_of_the_personal_data_protection_act_0_1c77b4099e_chunk_0021_ast"", ""entranslation_of_the_personal_data_protection_act_0_1c77b4099e_chunk_0022_ast"", ""entranslation_of_the_personal_data_protection_act_0_1c77b4099e_chunk_0023_ast"", ""entranslation_of_the_personal_data_protection_act_0_1c77b4099e_chunk_0024_ast"", ""entranslation_of_the_personal_data_protection_act_0_1c77b4099e_chunk_0025_ast"", ""entranslation_of_the_personal_data_protection_act_0_1c77b4099e_chunk_0026_ast"", ""entranslation_of_the_personal_data_protection_act_0_1c77b4099e_chunk_0029_ast"", ""entranslation_of_the_personal_data_protection_act_0_1c77b4099e_chunk_0030_ast"", ""entranslation_of_the_personal_data_protection_act_0_1c77b4099e_chunk_0031_ast"", ""entranslation_of_the_personal_data_protection_act_0_1c77b4099e_chunk_0033_ast"", ""entranslation_of_the_personal_data_protection_act_0_1c77b4099e_chunk_0034_ast"", ""entranslation_of_the_personal_data_protection_act_0_1c77b4099e_chunk_0037_ast"", ""entranslation_of_the_personal_data_protection_act_0_1c77b4099e_chunk_0038_ast"", ""entranslation_of_the_personal_data_protection_act_0_1c77b4099e_chunk_0039_ast"", ""entranslation_of_the_personal_data_protection_act_0_1c77b4099e_chunk_0042_ast"", ""entranslation_of_the_personal_data_protection_act_0_1c77b4099e_chunk_0044_ast"", ""entranslation_of_the_personal_data_protection_act_0_1c77b4099e_chunk_0046_ast"", ""entranslation_of_the_personal_data_protection_act_0_1c77b4099e_chunk_0048_ast"", ""entranslation_of_the_personal_data_protection_act_0_1c77b4099e_chunk_0053_ast"", ""entranslation_of_the_personal_data_protection_act_0_1c77b4099e_chunk_0075_ast"", ""entranslation_of_the_personal_data_protection_act_0_1c77b4099e_chunk_0105_ast"", ""entranslation_of_the_personal_data_protection_act_0_1c77b4099e_chunk_0106_ast"", ""entranslation_of_the_personal_data_protection_act_0_1c77b4099e_chunk_0107_ast"", ""entranslation_of_the_personal_data_protection_act_0_1c77b4099e_chunk_0116_ast"", ""personal_data_protection_amendment_act_2020_d7cc5937b1_chunk_0004_ast"", ""personal_data_protection_amendment_act_2020_d7cc5937b1_chunk_0009_ast"", ""personal_data_protection_amendment_act_2020_d7cc5937b1_chunk_0010_ast"", ""personal_data_protection_amendment_act_2020_d7cc5937b1_chunk_0012_ast"", ""personal_data_protection_amendment_act_2020_d7cc5937b1_chunk_0013_ast"", ""personal_data_protection_amendment_act_2020_d7cc5937b1_chunk_0014_ast"", ""personal_data_protection_amendment_act_2020_d7cc5937b1_chunk_0015_ast"", ""personal_data_protection_amendment_act_2020_d7cc5937b1_chunk_0016_ast"", ""personal_data_protection_amendment_act_2020_d7cc5937b1_chunk_0020_ast"", ""personal_data_protection_amendment_act_2020_d7cc5937b1_chunk_0036_ast""]",high,pending
synonym_80312d55df86,consent,自然人,related_term,"[""companies_act_1967_c8232023ef_chunk_0437_ast"", ""companies_act_1967_c8232023ef_chunk_0454_ast"", ""companies_act_1967_c8232023ef_chunk_0542_ast"", ""personal_data_protection_amendment_act_2020_d7cc5937b1_chunk_0009_ast"", ""personal_data_protection_amendment_act_2020_d7cc5937b1_chunk_0010_ast"", ""personal_data_protection_amendment_act_2020_d7cc5937b1_chunk_0012_ast"", ""personal_data_protection_amendment_act_2020_d7cc5937b1_chunk_0013_ast"", ""personal_data_protection_amendment_act_2020_d7cc5937b1_chunk_0014_ast"", ""personal_data_protection_amendment_act_2020_d7cc5937b1_chunk_0015_ast"", ""personal_data_protection_amendment_act_2020_d7cc5937b1_chunk_0016_ast"", ""personal_data_protection_amendment_act_2020_d7cc5937b1_chunk_0020_ast"", ""personal_data_protection_amendment_act_2020_d7cc5937b1_chunk_0036_ast"", ""personal_data_protection_amendment_act_2020_d7cc5937b1_chunk_0067_ast"", ""personal_data_protection_amendment_act_2020_d7cc5937b1_chunk_0099_ast"", ""personal_data_protection_amendment_act_2020_d7cc5937b1_chunk_0103_ast"", ""personal_data_protection_amendment_act_2020_d7cc5937b1_chunk_0110_ast"", ""personal_data_protection_amendment_act_2020_d7cc5937b1_chunk_0111_ast"", ""personal_data_protection_amendment_act_2020_d7cc5937b1_chunk_0130_ast"", ""personal_data_protection_amendment_act_2020_d7cc5937b1_chunk_0133_ast"", ""personal_data_protection_amendment_act_2020_d7cc5937b1_chunk_0135_ast"", ""personal_data_protection_act_2012_e857c5e9da_chunk_0030_ast"", ""personal_data_protection_act_2012_e857c5e9da_chunk_0031_ast"", ""personal_data_protection_act_2012_e857c5e9da_chunk_0032_ast"", ""personal_data_protection_act_2012_e857c5e9da_chunk_0033_ast"", ""personal_data_protection_act_2012_e857c5e9da_chunk_0035_ast"", ""personal_data_protection_act_2012_e857c5e9da_chunk_0036_ast"", ""personal_data_protection_act_2012_e857c5e9da_chunk_0037_ast"", ""personal_data_protection_act_2012_e857c5e9da_chunk_0038_ast"", ""personal_data_protection_act_2012_e857c5e9da_chunk_0039_ast"", ""personal_data_protection_act_2012_e857c5e9da_chunk_0040_ast"", ""personal_data_protection_act_2012_e857c5e9da_chunk_0041_ast"", ""personal_data_protection_act_2012_e857c5e9da_chunk_0042_ast"", ""personal_data_protection_act_2012_e857c5e9da_chunk_0043_ast"", ""personal_data_protection_act_2012_e857c5e9da_chunk_0044_ast"", ""personal_data_protection_act_2012_e857c5e9da_chunk_0047_ast"", ""personal_data_protection_act_2012_e857c5e9da_chunk_0050_ast"", ""personal_data_protection_act_2012_e857c5e9da_chunk_0100_ast"", ""personal_data_protection_act_2012_e857c5e9da_chunk_0133_ast"", ""personal_data_protection_act_2012_e857c5e9da_chunk_0137_ast"", ""personal_data_protection_act_2012_e857c5e9da_chunk_0153_ast"", ""personal_data_protection_act_2012_e857c5e9da_chunk_0157_ast"", ""personal_data_protection_act_2012_e857c5e9da_chunk_0158_ast"", ""personal_data_protection_act_2012_e857c5e9da_chunk_0177_ast"", ""personal_data_protection_act_2012_e857c5e9da_chunk_0180_ast"", ""personal_data_protection_act_2012_e857c5e9da_chunk_0182_ast"", ""personal_data_protection_act_2012_e857c5e9da_chunk_0184_ast""]",high,pending
synonym_cf2ce2603c45,controller,data subject,related_term,"[""companies_act_1967_c8232023ef_chunk_0948_ast""]",high,pending
synonym_2da1b1b66330,controller,person,related_term,"[""companies_act_1967_c8232023ef_chunk_0948_ast""]",high,pending
synonym_5d346599c6fa,controller,自然人,related_term,"[""companies_act_1967_c8232023ef_chunk_0948_ast""]",high,pending
synonym_67436cc588e0,credit bureau,business,related_term,"[""personal_data_protection_act_2012_e857c5e9da_chunk_0011_ast""]",high,pending
synonym_fbb4fa783ea5,credit bureau,company,related_term,"[""personal_data_protection_act_2012_e857c5e9da_chunk_0011_ast""]",high,pending
synonym_ed50696fde0b,credit bureau,data subject,related_term,"[""personal_data_protection_act_2012_e857c5e9da_chunk_0011_ast""]",high,pending
synonym_13eceb301010,credit bureau,data subject information,related_term,"[""personal_data_protection_act_2012_e857c5e9da_chunk_0011_ast""]",high,pending
synonym_40b594e3d8d7,credit bureau,organization,related_term,"[""personal_data_protection_act_2012_e857c5e9da_chunk_0011_ast""]",high,pending
synonym_4c4b658b1b02,credit bureau,person,related_term,"[""personal_data_protection_act_2012_e857c5e9da_chunk_0011_ast""]",high,pending
synonym_8a149e00ed86,credit bureau,personal information,related_term,"[""personal_data_protection_act_2012_e857c5e9da_chunk_0011_ast""]",high,pending
synonym_f864726497b1,credit bureau,个人信息,related_term,"[""personal_data_protection_act_2012_e857c5e9da_chunk_0011_ast""]",high,pending
synonym_1fa63c7789ee,credit bureau,自然人,related_term,"[""personal_data_protection_act_2012_e857c5e9da_chunk_0011_ast""]",high,pending
synonym_8d4df589c349,credit report,business,related_term,"[""personal_data_protection_act_2012_e857c5e9da_chunk_0012_ast""]",high,pending
synonym_f526ff7a40af,credit report,company,related_term,"[""personal_data_protection_act_2012_e857c5e9da_chunk_0012_ast""]",high,pending
synonym_abc808149d19,credit report,data subject,related_term,"[""personal_data_protection_act_2012_e857c5e9da_chunk_0012_ast""]",high,pending
synonym_84aef72c91e1,credit report,data subject information,related_term,"[""personal_data_protection_act_2012_e857c5e9da_chunk_0012_ast""]",high,pending
synonym_23ceda0bff1a,credit report,organization,related_term,"[""personal_data_protection_act_2012_e857c5e9da_chunk_0012_ast""]",high,pending
synonym_6814e35a2e22,credit report,person,related_term,"[""personal_data_protection_act_2012_e857c5e9da_chunk_0012_ast""]",high,pending
synonym_2c7e8de13f95,credit report,personal information,related_term,"[""personal_data_protection_act_2012_e857c5e9da_chunk_0012_ast""]",high,pending
synonym_d5757dd73c9d,credit report,个人信息,related_term,"[""personal_data_protection_act_2012_e857c5e9da_chunk_0012_ast""]",high,pending
synonym_883ce5f357b3,credit report,自然人,related_term,"[""personal_data_protection_act_2012_e857c5e9da_chunk_0012_ast""]",high,pending
synonym_e1bd3aae2ab7,cybersecurity,data subject information,related_term,"[""entranslation_of_the_personal_data_protection_act_0_1c77b4099e_chunk_0004_ast""]",high,pending
synonym_41b5d50dc903,cybersecurity,network security,related_term,"[""entranslation_of_the_personal_data_protection_act_0_1c77b4099e_chunk_0004_ast""]",high,pending
synonym_4331ca218aaa,cybersecurity,network security,synonym,"[""entranslation_of_the_personal_data_protection_act_0_1c77b4099e_chunk_0004_ast""]",high,pending
synonym_560ffd5d6f2c,cybersecurity,personal information,related_term,"[""entranslation_of_the_personal_data_protection_act_0_1c77b4099e_chunk_0004_ast""]",high,pending
synonym_e9ff4e47983a,cybersecurity,个人信息,related_term,"[""entranslation_of_the_personal_data_protection_act_0_1c77b4099e_chunk_0004_ast""]",high,pending
synonym_a4a7f37d28bc,cybersecurity,网络安全,related_term,"[""entranslation_of_the_personal_data_protection_act_0_1c77b4099e_chunk_0004_ast""]",high,pending
synonym_17ed374ea27a,cybersecurity,网络安全,synonym,"[""entranslation_of_the_personal_data_protection_act_0_1c77b4099e_chunk_0004_ast""]",high,pending
synonym_ab6b18d7df3e,data controller,authorisation,related_term,"[""entranslation_of_the_personal_data_protection_act_0_1c77b4099e_chunk_0021_ast"", ""entranslation_of_the_personal_data_protection_act_0_1c77b4099e_chunk_0022_ast"", ""entranslation_of_the_personal_data_protection_act_0_1c77b4099e_chunk_0023_ast"", ""entranslation_of_the_personal_data_protection_act_0_1c77b4099e_chunk_0025_ast"", ""entranslation_of_the_personal_data_protection_act_0_1c77b4099e_chunk_0026_ast"", ""entranslation_of_the_personal_data_protection_act_0_1c77b4099e_chunk_0029_ast"", ""entranslation_of_the_personal_data_protection_act_0_1c77b4099e_chunk_0030_ast"", ""entranslation_of_the_personal_data_protection_act_0_1c77b4099e_chunk_0031_ast"", ""entranslation_of_the_personal_data_protection_act_0_1c77b4099e_chunk_0037_ast"", ""entranslation_of_the_personal_data_protection_act_0_1c77b4099e_chunk_0038_ast"", ""entranslation_of_the_personal_data_protection_act_0_1c77b4099e_chunk_0039_ast"", ""entranslation_of_the_personal_data_protection_act_0_1c77b4099e_chunk_0042_ast"", ""entranslation_of_the_personal_data_protection_act_0_1c77b4099e_chunk_0044_ast"", ""entranslation_of_the_personal_data_protection_act_0_1c77b4099e_chunk_0046_ast"", ""entranslation_of_the_personal_data_protection_act_0_1c77b4099e_chunk_0048_ast"", ""entranslation_of_the_personal_data_protection_act_0_1c77b4099e_chunk_0053_ast"", ""entranslation_of_the_personal_data_protection_act_0_1c77b4099e_chunk_0106_ast"", ""entranslation_of_the_personal_data_protection_act_0_1c77b4099e_chunk_0107_ast"", ""entranslation_of_the_personal_data_protection_act_0_1c77b4099e_chunk_0116_ast""]",high,pending
synonym_4f350c97b5bb,data controller,data subject information,related_term,"[""entranslation_of_the_personal_data_protection_act_0_1c77b4099e_chunk_0006_ast"", ""entranslation_of_the_personal_data_protection_act_0_1c77b4099e_chunk_0008_ast"", ""entranslation_of_the_personal_data_protection_act_0_1c77b4099e_chunk_0019_ast"", ""entranslation_of_the_personal_data_protection_act_0_1c77b4099e_chunk_0020_ast"", ""entranslation_of_the_personal_data_protection_act_0_1c77b4099e_chunk_0021_ast"", ""entranslation_of_the_personal_data_protection_act_0_1c77b4099e_chunk_0022_ast"", ""entranslation_of_the_personal_data_protection_act_0_1c77b4099e_chunk_0023_ast"", ""entranslation_of_the_personal_data_protection_act_0_1c77b4099e_chunk_0025_ast"", ""entranslation_of_the_personal_data_protection_act_0_1c77b4099e_chunk_0026_ast"", ""entranslation_of_the_personal_data_protection_act_0_1c77b4099e_chunk_0027_ast"", ""entranslation_of_the_personal_data_protection_act_0_1c77b4099e_chunk_0029_ast"", ""entranslation_of_the_personal_data_protection_act_0_1c77b4099e_chunk_0030_ast"", ""entranslation_of_the_personal_data_protection_act_0_1c77b4099e_chunk_0031_ast"", ""entranslation_of_the_personal_data_protection_act_0_1c77b4099e_chunk_0032_ast"", ""entranslation_of_the_personal_data_protection_act_0_1c77b4099e_chunk_0036_ast"", ""entranslation_of_the_personal_data_protection_act_0_1c77b4099e_chunk_0037_ast"", ""entranslation_of_the_personal_data_protection_act_0_1c77b4099e_chunk_0038_ast"", ""entranslation_of_the_personal_data_protection_act_0_1c77b4099e_chunk_0039_ast"", ""entranslation_of_the_personal_data_protection_act_0_1c77b4099e_chunk_0040_ast"", ""entranslation_of_the_personal_data_protection_act_0_1c77b4099e_chunk_0041_ast"", ""entranslation_of_the_personal_data_protection_act_0_1c77b4099e_chunk_0042_ast"", ""entranslation_of_the_personal_data_protection_act_0_1c77b4099e_chunk_0044_ast"", ""entranslation_of_the_personal_data_protection_act_0_1c77b4099e_chunk_0045_ast"", ""entranslation_of_the_personal_data_protection_act_0_1c77b4099e_chunk_0046_ast"", ""entranslation_of_the_personal_data_protection_act_0_1c77b4099e_chunk_0047_ast"", ""entranslation_of_the_personal_data_protection_act_0_1c77b4099e_chunk_0048_ast"", ""entranslation_of_the_personal_data_protection_act_0_1c77b4099e_chunk_0049_ast"", ""entranslation_of_the_personal_data_protection_act_0_1c77b4099e_chunk_0050_ast"", ""entranslation_of_the_personal_data_protection_act_0_1c77b4099e_chunk_0052_ast"", ""entranslation_of_the_personal_data_protection_act_0_1c77b4099e_chunk_0053_ast"", ""entranslation_of_the_personal_data_protection_act_0_1c77b4099e_chunk_0054_ast"", ""entranslation_of_the_personal_data_protection_act_0_1c77b4099e_chunk_0055_ast"", ""entranslation_of_the_personal_data_protection_act_0_1c77b4099e_chunk_0056_ast"", ""entranslation_of_the_personal_data_protection_act_0_1c77b4099e_chunk_0057_ast"", ""entranslation_of_the_personal_data_protection_act_0_1c77b4099e_chunk_0058_ast"", ""entranslation_of_the_personal_data_protection_act_0_1c77b4099e_chunk_0059_ast"", ""entranslation_of_the_personal_data_protection_act_0_1c77b4099e_chunk_0060_ast"", ""entranslation_of_the_personal_data_protection_act_0_1c77b4099e_chunk_0061_ast"", ""entranslation_of_the_personal_data_protection_act_0_1c77b4099e_chunk_0062_ast"", ""entranslation_of_the_personal_data_protection_act_0_1c77b4099e_chunk_0063_ast"", ""entranslation_of_the_personal_data_protection_act_0_1c77b4099e_chunk_0064_ast"", ""entranslation_of_the_personal_data_protection_act_0_1c77b4099e_chunk_0065_ast"", ""entranslation_of_the_personal_data_protection_act_0_1c77b4099e_chunk_0069_ast"", ""entranslation_of_the_personal_data_protection_act_0_1c77b4099e_chunk_0095_ast"", ""entranslation_of_the_personal_data_protection_act_0_1c77b4099e_chunk_0099_ast"", ""entranslation_of_the_personal_data_protection_act_0_1c77b4099e_chunk_0102_ast"", ""entranslation_of_the_personal_data_protection_act_0_1c77b4099e_chunk_0103_ast"", ""entranslation_of_the_personal_data_protection_act_0_1c77b4099e_chunk_0104_ast"", ""entranslation_of_the_personal_data_protection_act_0_1c77b4099e_chunk_0107_ast"", ""entranslation_of_the_personal_data_protection_act_0_1c77b4099e_chunk_0116_ast""]",high,pending
synonym_5b7a0f793456,Data Controller,data subject information,related_term,"[""entranslation_of_the_personal_data_protection_act_0_1c77b4099e_chunk_0008_ast""]",high,pending
synonym_0509edae4663,data controller,permission,related_term,"[""entranslation_of_the_personal_data_protection_act_0_1c77b4099e_chunk_0021_ast"", ""entranslation_of_the_personal_data_protection_act_0_1c77b4099e_chunk_0022_ast"", ""entranslation_of_the_personal_data_protection_act_0_1c77b4099e_chunk_0023_ast"", ""entranslation_of_the_personal_data_protection_act_0_1c77b4099e_chunk_0025_ast"", ""entranslation_of_the_personal_data_protection_act_0_1c77b4099e_chunk_0026_ast"", ""entranslation_of_the_personal_data_protection_act_0_1c77b4099e_chunk_0029_ast"", ""entranslation_of_the_personal_data_protection_act_0_1c77b4099e_chunk_0030_ast"", ""entranslation_of_the_personal_data_protection_act_0_1c77b4099e_chunk_0031_ast"", ""entranslation_of_the_personal_data_protection_act_0_1c77b4099e_chunk_0037_ast"", ""entranslation_of_the_personal_data_protection_act_0_1c77b4099e_chunk_0038_ast"", ""entranslation_of_the_personal_data_protection_act_0_1c77b4099e_chunk_0039_ast"", ""entranslation_of_the_personal_data_protection_act_0_1c77b4099e_chunk_0042_ast"", ""entranslation_of_the_personal_data_protection_act_0_1c77b4099e_chunk_0044_ast"", ""entranslation_of_the_personal_data_protection_act_0_1c77b4099e_chunk_0046_ast"", ""entranslation_of_the_personal_data_protection_act_0_1c77b4099e_chunk_0048_ast"", ""entranslation_of_the_personal_data_protection_act_0_1c77b4099e_chunk_0053_ast"", ""entranslation_of_the_personal_data_protection_act_0_1c77b4099e_chunk_0106_ast"", ""entranslation_of_the_personal_data_protection_act_0_1c77b4099e_chunk_0107_ast"", ""entranslation_of_the_personal_data_protection_act_0_1c77b4099e_chunk_0116_ast""]",high,pending
synonym_01b7910d477b,data controller,personal information,related_term,"[""entranslation_of_the_personal_data_protection_act_0_1c77b4099e_chunk_0006_ast"", ""entranslation_of_the_personal_data_protection_act_0_1c77b4099e_chunk_0008_ast"", ""entranslation_of_the_personal_data_protection_act_0_1c77b4099e_chunk_0019_ast"", ""entranslation_of_the_personal_data_protection_act_0_1c77b4099e_chunk_0020_ast"", ""entranslation_of_the_personal_data_protection_act_0_1c77b4099e_chunk_0021_ast"", ""entranslation_of_the_personal_data_protection_act_0_1c77b4099e_chunk_0022_ast"", ""entranslation_of_the_personal_data_protection_act_0_1c77b4099e_chunk_0023_ast"", ""entranslation_of_the_personal_data_protection_act_0_1c77b4099e_chunk_0025_ast"", ""entranslation_of_the_personal_data_protection_act_0_1c77b4099e_chunk_0026_ast"", ""entranslation_of_the_personal_data_protection_act_0_1c77b4099e_chunk_0027_ast"", ""entranslation_of_the_personal_data_protection_act_0_1c77b4099e_chunk_0029_ast"", ""entranslation_of_the_personal_data_protection_act_0_1c77b4099e_chunk_0030_ast"", ""entranslation_of_the_personal_data_protection_act_0_1c77b4099e_chunk_0031_ast"", ""entranslation_of_the_personal_data_protection_act_0_1c77b4099e_chunk_0032_ast"", ""entranslation_of_the_personal_data_protection_act_0_1c77b4099e_chunk_0036_ast"", ""entranslation_of_the_personal_data_protection_act_0_1c77b4099e_chunk_0037_ast"", ""entranslation_of_the_personal_data_protection_act_0_1c77b4099e_chunk_0038_ast"", ""entranslation_of_the_personal_data_protection_act_0_1c77b4099e_chunk_0039_ast"", ""entranslation_of_the_personal_data_protection_act_0_1c77b4099e_chunk_0040_ast"", ""entranslation_of_the_personal_data_protection_act_0_1c77b4099e_chunk_0041_ast"", ""entranslation_of_the_personal_data_protection_act_0_1c77b4099e_chunk_0042_ast"", ""entranslation_of_the_personal_data_protection_act_0_1c77b4099e_chunk_0044_ast"", ""entranslation_of_the_personal_data_protection_act_0_1c77b4099e_chunk_0045_ast"", ""entranslation_of_the_personal_data_protection_act_0_1c77b4099e_chunk_0046_ast"", ""entranslation_of_the_personal_data_protection_act_0_1c77b4099e_chunk_0047_ast"", ""entranslation_of_the_personal_data_protection_act_0_1c77b4099e_chunk_0048_ast"", ""entranslation_of_the_personal_data_protection_act_0_1c77b4099e_chunk_0049_ast"", ""entranslation_of_the_personal_data_protection_act_0_1c77b4099e_chunk_0050_ast"", ""entranslation_of_the_personal_data_protection_act_0_1c77b4099e_chunk_0052_ast"", ""entranslation_of_the_personal_data_protection_act_0_1c77b4099e_chunk_0053_ast"", ""entranslation_of_the_personal_data_protection_act_0_1c77b4099e_chunk_0054_ast"", ""entranslation_of_the_personal_data_protection_act_0_1c77b4099e_chunk_0055_ast"", ""entranslation_of_the_personal_data_protection_act_0_1c77b4099e_chunk_0056_ast"", ""entranslation_of_the_personal_data_protection_act_0_1c77b4099e_chunk_0057_ast"", ""entranslation_of_the_personal_data_protection_act_0_1c77b4099e_chunk_0058_ast"", ""entranslation_of_the_personal_data_protection_act_0_1c77b4099e_chunk_0059_ast"", ""entranslation_of_the_personal_data_protection_act_0_1c77b4099e_chunk_0060_ast"", ""entranslation_of_the_personal_data_protection_act_0_1c77b4099e_chunk_0061_ast"", ""entranslation_of_the_personal_data_protection_act_0_1c77b4099e_chunk_0062_ast"", ""entranslation_of_the_personal_data_protection_act_0_1c77b4099e_chunk_0063_ast"", ""entranslation_of_the_personal_data_protection_act_0_1c77b4099e_chunk_0064_ast"", ""entranslation_of_the_personal_data_protection_act_0_1c77b4099e_chunk_0065_ast"", ""entranslation_of_the_personal_data_protection_act_0_1c77b4099e_chunk_0069_ast"", ""entranslation_of_the_personal_data_protection_act_0_1c77b4099e_chunk_0095_ast"", ""entranslation_of_the_personal_data_protection_act_0_1c77b4099e_chunk_0099_ast"", ""entranslation_of_the_personal_data_protection_act_0_1c77b4099e_chunk_0102_ast"", ""entranslation_of_the_personal_data_protection_act_0_1c77b4099e_chunk_0103_ast"", ""entranslation_of_the_personal_data_protection_act_0_1c77b4099e_chunk_0104_ast"", ""entranslation_of_the_personal_data_protection_act_0_1c77b4099e_chunk_0107_ast"", ""entranslation_of_the_personal_data_protection_act_0_1c77b4099e_chunk_0116_ast""]",high,pending
synonym_f8f402308d33,Data Controller,personal information,related_term,"[""entranslation_of_the_personal_data_protection_act_0_1c77b4099e_chunk_0008_ast""]",high,pending
synonym_23a3112e4382,data controller,个人信息,related_term,"[""entranslation_of_the_personal_data_protection_act_0_1c77b4099e_chunk_0006_ast"", ""entranslation_of_the_personal_data_protection_act_0_1c77b4099e_chunk_0008_ast"", ""entranslation_of_the_personal_data_protection_act_0_1c77b4099e_chunk_0019_ast"", ""entranslation_of_the_personal_data_protection_act_0_1c77b4099e_chunk_0020_ast"", ""entranslation_of_the_personal_data_protection_act_0_1c77b4099e_chunk_0021_ast"", ""entranslation_of_the_personal_data_protection_act_0_1c77b4099e_chunk_0022_ast"", ""entranslation_of_the_personal_data_protection_act_0_1c77b4099e_chunk_0023_ast"", ""entranslation_of_the_personal_data_protection_act_0_1c77b4099e_chunk_0025_ast"", ""entranslation_of_the_personal_data_protection_act_0_1c77b4099e_chunk_0026_ast"", ""entranslation_of_the_personal_data_protection_act_0_1c77b4099e_chunk_0027_ast"", ""entranslation_of_the_personal_data_protection_act_0_1c77b4099e_chunk_0029_ast"", ""entranslation_of_the_personal_data_protection_act_0_1c77b4099e_chunk_0030_ast"", ""entranslation_of_the_personal_data_protection_act_0_1c77b4099e_chunk_0031_ast"", ""entranslation_of_the_personal_data_protection_act_0_1c77b4099e_chunk_0032_ast"", ""entranslation_of_the_personal_data_protection_act_0_1c77b4099e_chunk_0036_ast"", ""entranslation_of_the_personal_data_protection_act_0_1c77b4099e_chunk_0037_ast"", ""entranslation_of_the_personal_data_protection_act_0_1c77b4099e_chunk_0038_ast"", ""entranslation_of_the_personal_data_protection_act_0_1c77b4099e_chunk_0039_ast"", ""entranslation_of_the_personal_data_protection_act_0_1c77b4099e_chunk_0040_ast"", ""entranslation_of_the_personal_data_protection_act_0_1c77b4099e_chunk_0041_ast"", ""entranslation_of_the_personal_data_protection_act_0_1c77b4099e_chunk_0042_ast"", ""entranslation_of_the_personal_data_protection_act_0_1c77b4099e_chunk_0044_ast"", ""entranslation_of_the_personal_data_protection_act_0_1c77b4099e_chunk_0045_ast"", ""entranslation_of_the_personal_data_protection_act_0_1c77b4099e_chunk_0046_ast"", ""entranslation_of_the_personal_data_protection_act_0_1c77b4099e_chunk_0047_ast"", ""entranslation_of_the_personal_data_protection_act_0_1c77b4099e_chunk_0048_ast"", ""entranslation_of_the_personal_data_protection_act_0_1c77b4099e_chunk_0049_ast"", ""entranslation_of_the_personal_data_protection_act_0_1c77b4099e_chunk_0050_ast"", ""entranslation_of_the_personal_data_protection_act_0_1c77b4099e_chunk_0052_ast"", ""entranslation_of_the_personal_data_protection_act_0_1c77b4099e_chunk_0053_ast"", ""entranslation_of_the_personal_data_protection_act_0_1c77b4099e_chunk_0054_ast"", ""entranslation_of_the_personal_data_protection_act_0_1c77b4099e_chunk_0055_ast"", ""entranslation_of_the_personal_data_protection_act_0_1c77b4099e_chunk_0056_ast"", ""entranslation_of_the_personal_data_protection_act_0_1c77b4099e_chunk_0057_ast"", ""entranslation_of_the_personal_data_protection_act_0_1c77b4099e_chunk_0058_ast"", ""entranslation_of_the_personal_data_protection_act_0_1c77b4099e_chunk_0059_ast"", ""entranslation_of_the_personal_data_protection_act_0_1c77b4099e_chunk_0060_ast"", ""entranslation_of_the_personal_data_protection_act_0_1c77b4099e_chunk_0061_ast"", ""entranslation_of_the_personal_data_protection_act_0_1c77b4099e_chunk_0062_ast"", ""entranslation_of_the_personal_data_protection_act_0_1c77b4099e_chunk_0063_ast"", ""entranslation_of_the_personal_data_protection_act_0_1c77b4099e_chunk_0064_ast"", ""entranslation_of_the_personal_data_protection_act_0_1c77b4099e_chunk_0065_ast"", ""entranslation_of_the_personal_data_protection_act_0_1c77b4099e_chunk_0069_ast"", ""entranslation_of_the_personal_data_protection_act_0_1c77b4099e_chunk_0095_ast"", ""entranslation_of_the_personal_data_protection_act_0_1c77b4099e_chunk_0099_ast"", ""entranslation_of_the_personal_data_protection_act_0_1c77b4099e_chunk_0102_ast"", ""entranslation_of_the_personal_data_protection_act_0_1c77b4099e_chunk_0103_ast"", ""entranslation_of_the_personal_data_protection_act_0_1c77b4099e_chunk_0104_ast"", ""entranslation_of_the_personal_data_protection_act_0_1c77b4099e_chunk_0107_ast"", ""entranslation_of_the_personal_data_protection_act_0_1c77b4099e_chunk_0116_ast""]",high,pending
synonym_ce1b687144ed,Data Controller,个人信息,related_term,"[""entranslation_of_the_personal_data_protection_act_0_1c77b4099e_chunk_0008_ast""]",high,pending
synonym_1ba653df674d,data controller,同意,related_term,"[""entranslation_of_the_personal_data_protection_act_0_1c77b4099e_chunk_0021_ast"", ""entranslation_of_the_personal_data_protection_act_0_1c77b4099e_chunk_0022_ast"", ""entranslation_of_the_personal_data_protection_act_0_1c77b4099e_chunk_0023_ast"", ""entranslation_of_the_personal_data_protection_act_0_1c77b4099e_chunk_0025_ast"", ""entranslation_of_the_personal_data_protection_act_0_1c77b4099e_chunk_0026_ast"", ""entranslation_of_the_personal_data_protection_act_0_1c77b4099e_chunk_0029_ast"", ""entranslation_of_the_personal_data_protection_act_0_1c77b4099e_chunk_0030_ast"", ""entranslation_of_the_personal_data_protection_act_0_1c77b4099e_chunk_0031_ast"", ""entranslation_of_the_personal_data_protection_act_0_1c77b4099e_chunk_0037_ast"", ""entranslation_of_the_personal_data_protection_act_0_1c77b4099e_chunk_0038_ast"", ""entranslation_of_the_personal_data_protection_act_0_1c77b4099e_chunk_0039_ast"", ""entranslation_of_the_personal_data_protection_act_0_1c77b4099e_chunk_0042_ast"", ""entranslation_of_the_personal_data_protection_act_0_1c77b4099e_chunk_0044_ast"", ""entranslation_of_the_personal_data_protection_act_0_1c77b4099e_chunk_0046_ast"", ""entranslation_of_the_personal_data_protection_act_0_1c77b4099e_chunk_0048_ast"", ""entranslation_of_the_personal_data_protection_act_0_1c77b4099e_chunk_0053_ast"", ""entranslation_of_the_personal_data_protection_act_0_1c77b4099e_chunk_0106_ast"", ""entranslation_of_the_personal_data_protection_act_0_1c77b4099e_chunk_0107_ast"", ""entranslation_of_the_personal_data_protection_act_0_1c77b4099e_chunk_0116_ast""]",high,pending
synonym_979cabedf1dd,data intermediary,business,related_term,"[""personal_data_protection_amendment_act_2020_d7cc5937b1_chunk_0006_ast"", ""personal_data_protection_act_2012_e857c5e9da_chunk_0012_ast""]",high,pending
synonym_ecb6deb7038d,data intermediary,company,related_term,"[""personal_data_protection_amendment_act_2020_d7cc5937b1_chunk_0006_ast"", ""personal_data_protection_act_2012_e857c5e9da_chunk_0012_ast""]",high,pending
synonym_0441428629d5,data intermediary,data subject,related_term,"[""personal_data_protection_amendment_act_2020_d7cc5937b1_chunk_0006_ast"", ""personal_data_protection_act_2012_e857c5e9da_chunk_0012_ast""]",high,pending
synonym_ca357c76495f,data intermediary,data subject information,related_term,"[""personal_data_protection_amendment_act_2020_d7cc5937b1_chunk_0006_ast"", ""personal_data_protection_act_2012_e857c5e9da_chunk_0012_ast""]",high,pending
synonym_2d40ae2b7252,data intermediary,organization,related_term,"[""personal_data_protection_amendment_act_2020_d7cc5937b1_chunk_0006_ast"", ""personal_data_protection_act_2012_e857c5e9da_chunk_0012_ast""]",high,pending
synonym_d54c650f67c8,data intermediary,person,related_term,"[""personal_data_protection_amendment_act_2020_d7cc5937b1_chunk_0006_ast"", ""personal_data_protection_act_2012_e857c5e9da_chunk_0012_ast""]",high,pending
synonym_926f5c02a5e4,data intermediary,personal information,related_term,"[""personal_data_protection_amendment_act_2020_d7cc5937b1_chunk_0006_ast"", ""personal_data_protection_act_2012_e857c5e9da_chunk_0012_ast""]",high,pending
synonym_02bdb2113f2a,data intermediary,个人信息,related_term,"[""personal_data_protection_amendment_act_2020_d7cc5937b1_chunk_0006_ast"", ""personal_data_protection_act_2012_e857c5e9da_chunk_0012_ast""]",high,pending
synonym_339ce0605c95,data intermediary,自然人,related_term,"[""personal_data_protection_amendment_act_2020_d7cc5937b1_chunk_0006_ast"", ""personal_data_protection_act_2012_e857c5e9da_chunk_0012_ast""]",high,pending
synonym_abd68c4710c0,Data Processor,data subject information,related_term,"[""entranslation_of_the_personal_data_protection_act_0_1c77b4099e_chunk_0008_ast""]",high,pending
synonym_9aa433307a7c,Data Processor,personal information,related_term,"[""entranslation_of_the_personal_data_protection_act_0_1c77b4099e_chunk_0008_ast""]",high,pending
synonym_a45588022443,Data Processor,个人信息,related_term,"[""entranslation_of_the_personal_data_protection_act_0_1c77b4099e_chunk_0008_ast""]",high,pending
synonym_302c3af87e4a,data protection,authorisation,related_term,"[""entranslation_of_the_personal_data_protection_act_0_1c77b4099e_chunk_0002_ast"", ""entranslation_of_the_personal_data_protection_act_0_1c77b4099e_chunk_0021_ast"", ""entranslation_of_the_personal_data_protection_act_0_1c77b4099e_chunk_0037_ast"", ""entranslation_of_the_personal_data_protection_act_0_1c77b4099e_chunk_0038_ast"", ""entranslation_of_the_personal_data_protection_act_0_1c77b4099e_chunk_0039_ast"", ""personal_data_protection_amendment_act_2020_d7cc5937b1_chunk_0004_ast"", ""personal_data_protection_amendment_act_2020_d7cc5937b1_chunk_0012_ast"", ""personal_data_protection_act_2012_e857c5e9da_chunk_0007_ast""]",high,pending
synonym_c398cc1abc74,data protection,business,related_term,"[""personal_data_protection_amendment_act_2020_d7cc5937b1_chunk_0006_ast"", ""personal_data_protection_amendment_act_2020_d7cc5937b1_chunk_0012_ast"", ""personal_data_protection_amendment_act_2020_d7cc5937b1_chunk_0017_ast"", ""personal_data_protection_amendment_act_2020_d7cc5937b1_chunk_0021_ast"", ""personal_data_protection_amendment_act_2020_d7cc5937b1_chunk_0025_ast"", ""personal_data_protection_amendment_act_2020_d7cc5937b1_chunk_0032_ast"", ""personal_data_protection_amendment_act_2020_d7cc5937b1_chunk_0088_ast"", ""personal_data_protection_act_2012_e857c5e9da_chunk_0008_ast"", ""personal_data_protection_act_2012_e857c5e9da_chunk_0011_ast"", ""personal_data_protection_act_2012_e857c5e9da_chunk_0022_ast"", ""personal_data_protection_act_2012_e857c5e9da_chunk_0023_ast"", ""personal_data_protection_act_2012_e857c5e9da_chunk_0028_ast"", ""personal_data_protection_act_2012_e857c5e9da_chunk_0105_ast"", ""personal_data_protection_act_2012_e857c5e9da_chunk_0106_ast"", ""personal_data_protection_act_2012_e857c5e9da_chunk_0185_ast"", ""personal_data_protection_act_2012_e857c5e9da_chunk_0210_ast""]",high,pending
synonym_ff7df9efa23e,data protection,company,related_term,"[""personal_data_protection_amendment_act_2020_d7cc5937b1_chunk_0006_ast"", ""personal_data_protection_amendment_act_2020_d7cc5937b1_chunk_0012_ast"", ""personal_data_protection_amendment_act_2020_d7cc5937b1_chunk_0017_ast"", ""personal_data_protection_amendment_act_2020_d7cc5937b1_chunk_0021_ast"", ""personal_data_protection_amendment_act_2020_d7cc5937b1_chunk_0025_ast"", ""personal_data_protection_amendment_act_2020_d7cc5937b1_chunk_0032_ast"", ""personal_data_protection_amendment_act_2020_d7cc5937b1_chunk_0088_ast"", ""personal_data_protection_act_2012_e857c5e9da_chunk_0008_ast"", ""personal_data_protection_act_2012_e857c5e9da_chunk_0011_ast"", ""personal_data_protection_act_2012_e857c5e9da_chunk_0022_ast"", ""personal_data_protection_act_2012_e857c5e9da_chunk_0023_ast"", ""personal_data_protection_act_2012_e857c5e9da_chunk_0028_ast"", ""personal_data_protection_act_2012_e857c5e9da_chunk_0105_ast"", ""personal_data_protection_act_2012_e857c5e9da_chunk_0106_ast"", ""personal_data_protection_act_2012_e857c5e9da_chunk_0185_ast"", ""personal_data_protection_act_2012_e857c5e9da_chunk_0210_ast""]",high,pending
synonym_615d9f032be2,data protection,data subject,related_term,"[""personal_data_protection_amendment_act_2020_d7cc5937b1_chunk_0006_ast"", ""personal_data_protection_amendment_act_2020_d7cc5937b1_chunk_0012_ast"", ""personal_data_protection_amendment_act_2020_d7cc5937b1_chunk_0017_ast"", ""personal_data_protection_amendment_act_2020_d7cc5937b1_chunk_0021_ast"", ""personal_data_protection_amendment_act_2020_d7cc5937b1_chunk_0025_ast"", ""personal_data_protection_amendment_act_2020_d7cc5937b1_chunk_0032_ast"", ""personal_data_protection_amendment_act_2020_d7cc5937b1_chunk_0088_ast"", ""personal_data_protection_amendment_act_2020_d7cc5937b1_chunk_0164_ast"", ""personal_data_protection_act_2012_e857c5e9da_chunk_0011_ast"", ""personal_data_protection_act_2012_e857c5e9da_chunk_0021_ast"", ""personal_data_protection_act_2012_e857c5e9da_chunk_0028_ast"", ""personal_data_protection_act_2012_e857c5e9da_chunk_0106_ast""]",high,pending
synonym_fff8c83650ce,data protection,data subject information,related_term,"[""entranslation_of_the_personal_data_protection_act_0_1c77b4099e_chunk_0001_ast"", ""entranslation_of_the_personal_data_protection_act_0_1c77b4099e_chunk_0002_ast"", ""entranslation_of_the_personal_data_protection_act_0_1c77b4099e_chunk_0008_ast"", ""entranslation_of_the_personal_data_protection_act_0_1c77b4099e_chunk_0009_ast"", ""entranslation_of_the_personal_data_protection_act_0_1c77b4099e_chunk_0019_ast"", ""entranslation_of_the_personal_data_protection_act_0_1c77b4099e_chunk_0021_ast"", ""entranslation_of_the_personal_data_protection_act_0_1c77b4099e_chunk_0027_ast"", ""entranslation_of_the_personal_data_protection_act_0_1c77b4099e_chunk_0037_ast"", ""entranslation_of_the_personal_data_protection_act_0_1c77b4099e_chunk_0038_ast"", ""entranslation_of_the_personal_data_protection_act_0_1c77b4099e_chunk_0039_ast"", ""entranslation_of_the_personal_data_protection_act_0_1c77b4099e_chunk_0040_ast"", ""entranslation_of_the_personal_data_protection_act_0_1c77b4099e_chunk_0041_ast"", ""entranslation_of_the_personal_data_protection_act_0_1c77b4099e_chunk_0058_ast"", ""entranslation_of_the_personal_data_protection_act_0_1c77b4099e_chunk_0062_ast"", ""entranslation_of_the_personal_data_protection_act_0_1c77b4099e_chunk_0063_ast"", ""entranslation_of_the_personal_data_protection_act_0_1c77b4099e_chunk_0064_ast"", ""entranslation_of_the_personal_data_protection_act_0_1c77b4099e_chunk_0065_ast"", ""entranslation_of_the_personal_data_protection_act_0_1c77b4099e_chunk_0066_ast"", ""entranslation_of_the_personal_data_protection_act_0_1c77b4099e_chunk_0067_ast"", ""entranslation_of_the_personal_data_protection_act_0_1c77b4099e_chunk_0068_ast"", ""entranslation_of_the_personal_data_protection_act_0_1c77b4099e_chunk_0069_ast"", ""entranslation_of_the_personal_data_protection_act_0_1c77b4099e_chunk_0070_ast"", ""entranslation_of_the_personal_data_protection_act_0_1c77b4099e_chunk_0071_ast"", ""entranslation_of_the_personal_data_protection_act_0_1c77b4099e_chunk_0072_ast"", ""entranslation_of_the_personal_data_protection_act_0_1c77b4099e_chunk_0077_ast"", ""entranslation_of_the_personal_data_protection_act_0_1c77b4099e_chunk_0079_ast"", ""entranslation_of_the_personal_data_protection_act_0_1c77b4099e_chunk_0080_ast"", ""entranslation_of_the_personal_data_protection_act_0_1c77b4099e_chunk_0081_ast"", ""entranslation_of_the_personal_data_protection_act_0_1c77b4099e_chunk_0084_ast"", ""entranslation_of_the_personal_data_protection_act_0_1c77b4099e_chunk_0086_ast"", ""entranslation_of_the_personal_data_protection_act_0_1c77b4099e_chunk_0088_ast"", ""entranslation_of_the_personal_data_protection_act_0_1c77b4099e_chunk_0093_ast"", ""entranslation_of_the_personal_data_protection_act_0_1c77b4099e_chunk_0117_ast"", ""m_29_1bf3c639ac_chunk_0016_ast"", ""personal_data_protection_amendment_act_2020_d7cc5937b1_chunk_0001_ast"", ""personal_data_protection_amendment_act_2020_d7cc5937b1_chunk_0004_ast"", ""personal_data_protection_amendment_act_2020_d7cc5937b1_chunk_0006_ast"", ""personal_data_protection_amendment_act_2020_d7cc5937b1_chunk_0012_ast"", ""personal_data_protection_amendment_act_2020_d7cc5937b1_chunk_0017_ast"", ""personal_data_protection_amendment_act_2020_d7cc5937b1_chunk_0021_ast"", ""personal_data_protection_amendment_act_2020_d7cc5937b1_chunk_0025_ast"", ""personal_data_protection_amendment_act_2020_d7cc5937b1_chunk_0032_ast"", ""personal_data_protection_amendment_act_2020_d7cc5937b1_chunk_0137_ast"", ""personal_data_protection_amendment_act_2020_d7cc5937b1_chunk_0154_ast"", ""personal_data_protection_amendment_act_2020_d7cc5937b1_chunk_0158_ast"", ""personal_data_protection_amendment_act_2020_d7cc5937b1_chunk_0164_ast"", ""personal_data_protection_amendment_act_2020_d7cc5937b1_chunk_0167_ast"", ""personal_data_protection_amendment_act_2020_d7cc5937b1_chunk_0172_ast"", ""personal_data_protection_act_2012_e857c5e9da_chunk_0001_ast"", ""personal_data_protection_act_2012_e857c5e9da_chunk_0007_ast"", ""personal_data_protection_act_2012_e857c5e9da_chunk_0008_ast"", ""personal_data_protection_act_2012_e857c5e9da_chunk_0011_ast"", ""personal_data_protection_act_2012_e857c5e9da_chunk_0021_ast"", ""personal_data_protection_act_2012_e857c5e9da_chunk_0022_ast"", ""personal_data_protection_act_2012_e857c5e9da_chunk_0024_ast"", ""personal_data_protection_act_2012_e857c5e9da_chunk_0028_ast"", ""personal_data_protection_act_2012_e857c5e9da_chunk_0105_ast"", ""personal_data_protection_act_2012_e857c5e9da_chunk_0106_ast"", ""personal_data_protection_act_2012_e857c5e9da_chunk_0156_ast"", ""personal_data_protection_act_2012_e857c5e9da_chunk_0185_ast"", ""personal_data_protection_act_2012_e857c5e9da_chunk_0210_ast"", ""personal_data_protection_act_2012_e857c5e9da_chunk_0211_ast"", ""personal_data_protection_act_2012_e857c5e9da_chunk_0212_ast"", ""personal_data_protection_act_2012_e857c5e9da_chunk_0213_ast""]",high,pending
synonym_8abcb883e1b5,data protection,organization,related_term,"[""personal_data_protection_amendment_act_2020_d7cc5937b1_chunk_0006_ast"", ""personal_data_protection_amendment_act_2020_d7cc5937b1_chunk_0012_ast"", ""personal_data_protection_amendment_act_2020_d7cc5937b1_chunk_0017_ast"", ""personal_data_protection_amendment_act_2020_d7cc5937b1_chunk_0021_ast"", ""personal_data_protection_amendment_act_2020_d7cc5937b1_chunk_0025_ast"", ""personal_data_protection_amendment_act_2020_d7cc5937b1_chunk_0032_ast"", ""personal_data_protection_amendment_act_2020_d7cc5937b1_chunk_0088_ast"", ""personal_data_protection_act_2012_e857c5e9da_chunk_0008_ast"", ""personal_data_protection_act_2012_e857c5e9da_chunk_0011_ast"", ""personal_data_protection_act_2012_e857c5e9da_chunk_0022_ast"", ""personal_data_protection_act_2012_e857c5e9da_chunk_0023_ast"", ""personal_data_protection_act_2012_e857c5e9da_chunk_0028_ast"", ""personal_data_protection_act_2012_e857c5e9da_chunk_0105_ast"", ""personal_data_protection_act_2012_e857c5e9da_chunk_0106_ast"", ""personal_data_protection_act_2012_e857c5e9da_chunk_0185_ast"", ""personal_data_protection_act_2012_e857c5e9da_chunk_0210_ast""]",high,pending
synonym_077d0d9178c6,data protection,permission,related_term,"[""entranslation_of_the_personal_data_protection_act_0_1c77b4099e_chunk_0002_ast"", ""entranslation_of_the_personal_data_protection_act_0_1c77b4099e_chunk_0021_ast"", ""entranslation_of_the_personal_data_protection_act_0_1c77b4099e_chunk_0037_ast"", ""entranslation_of_the_personal_data_protection_act_0_1c77b4099e_chunk_0038_ast"", ""entranslation_of_the_personal_data_protection_act_0_1c77b4099e_chunk_0039_ast"", ""personal_data_protection_amendment_act_2020_d7cc5937b1_chunk_0004_ast"", ""personal_data_protection_amendment_act_2020_d7cc5937b1_chunk_0012_ast"", ""personal_data_protection_act_2012_e857c5e9da_chunk_0007_ast""]",high,pending
synonym_ba58e77f58da,data protection,person,related_term,"[""personal_data_protection_amendment_act_2020_d7cc5937b1_chunk_0006_ast"", ""personal_data_protection_amendment_act_2020_d7cc5937b1_chunk_0012_ast"", ""personal_data_protection_amendment_act_2020_d7cc5937b1_chunk_0017_ast"", ""personal_data_protection_amendment_act_2020_d7cc5937b1_chunk_0021_ast"", ""personal_data_protection_amendment_act_2020_d7cc5937b1_chunk_0025_ast"", ""personal_data_protection_amendment_act_2020_d7cc5937b1_chunk_0032_ast"", ""personal_data_protection_amendment_act_2020_d7cc5937b1_chunk_0088_ast"", ""personal_data_protection_amendment_act_2020_d7cc5937b1_chunk_0164_ast"", ""personal_data_protection_act_2012_e857c5e9da_chunk_0011_ast"", ""personal_data_protection_act_2012_e857c5e9da_chunk_0021_ast"", ""personal_data_protection_act_2012_e857c5e9da_chunk_0028_ast"", ""personal_data_protection_act_2012_e857c5e9da_chunk_0106_ast""]",high,pending
synonym_be3e9c92ec33,data protection,personal information,related_term,"[""entranslation_of_the_personal_data_protection_act_0_1c77b4099e_chunk_0001_ast"", ""entranslation_of_the_personal_data_protection_act_0_1c77b4099e_chunk_0002_ast"", ""entranslation_of_the_personal_data_protection_act_0_1c77b4099e_chunk_0008_ast"", ""entranslation_of_the_personal_data_protection_act_0_1c77b4099e_chunk_0009_ast"", ""entranslation_of_the_personal_data_protection_act_0_1c77b4099e_chunk_0019_ast"", ""entranslation_of_the_personal_data_protection_act_0_1c77b4099e_chunk_0021_ast"", ""entranslation_of_the_personal_data_protection_act_0_1c77b4099e_chunk_0027_ast"", ""entranslation_of_the_personal_data_protection_act_0_1c77b4099e_chunk_0037_ast"", ""entranslation_of_the_personal_data_protection_act_0_1c77b4099e_chunk_0038_ast"", ""entranslation_of_the_personal_data_protection_act_0_1c77b4099e_chunk_0039_ast"", ""entranslation_of_the_personal_data_protection_act_0_1c77b4099e_chunk_0040_ast"", ""entranslation_of_the_personal_data_protection_act_0_1c77b4099e_chunk_0041_ast"", ""entranslation_of_the_personal_data_protection_act_0_1c77b4099e_chunk_0058_ast"", ""entranslation_of_the_personal_data_protection_act_0_1c77b4099e_chunk_0062_ast"", ""entranslation_of_the_personal_data_protection_act_0_1c77b4099e_chunk_0063_ast"", ""entranslation_of_the_personal_data_protection_act_0_1c77b4099e_chunk_0064_ast"", ""entranslation_of_the_personal_data_protection_act_0_1c77b4099e_chunk_0065_ast"", ""entranslation_of_the_personal_data_protection_act_0_1c77b4099e_chunk_0066_ast"", ""entranslation_of_the_personal_data_protection_act_0_1c77b4099e_chunk_0067_ast"", ""entranslation_of_the_personal_data_protection_act_0_1c77b4099e_chunk_0068_ast"", ""entranslation_of_the_personal_data_protection_act_0_1c77b4099e_chunk_0069_ast"", ""entranslation_of_the_personal_data_protection_act_0_1c77b4099e_chunk_0070_ast"", ""entranslation_of_the_personal_data_protection_act_0_1c77b4099e_chunk_0071_ast"", ""entranslation_of_the_personal_data_protection_act_0_1c77b4099e_chunk_0072_ast"", ""entranslation_of_the_personal_data_protection_act_0_1c77b4099e_chunk_0077_ast"", ""entranslation_of_the_personal_data_protection_act_0_1c77b4099e_chunk_0079_ast"", ""entranslation_of_the_personal_data_protection_act_0_1c77b4099e_chunk_0080_ast"", ""entranslation_of_the_personal_data_protection_act_0_1c77b4099e_chunk_0081_ast"", ""entranslation_of_the_personal_data_protection_act_0_1c77b4099e_chunk_0084_ast"", ""entranslation_of_the_personal_data_protection_act_0_1c77b4099e_chunk_0086_ast"", ""entranslation_of_the_personal_data_protection_act_0_1c77b4099e_chunk_0088_ast"", ""entranslation_of_the_personal_data_protection_act_0_1c77b4099e_chunk_0093_ast"", ""entranslation_of_the_personal_data_protection_act_0_1c77b4099e_chunk_0117_ast"", ""m_29_1bf3c639ac_chunk_0016_ast"", ""personal_data_protection_amendment_act_2020_d7cc5937b1_chunk_0001_ast"", ""personal_data_protection_amendment_act_2020_d7cc5937b1_chunk_0004_ast"", ""personal_data_protection_amendment_act_2020_d7cc5937b1_chunk_0006_ast"", ""personal_data_protection_amendment_act_2020_d7cc5937b1_chunk_0012_ast"", ""personal_data_protection_amendment_act_2020_d7cc5937b1_chunk_0017_ast"", ""personal_data_protection_amendment_act_2020_d7cc5937b1_chunk_0021_ast"", ""personal_data_protection_amendment_act_2020_d7cc5937b1_chunk_0025_ast"", ""personal_data_protection_amendment_act_2020_d7cc5937b1_chunk_0032_ast"", ""personal_data_protection_amendment_act_2020_d7cc5937b1_chunk_0137_ast"", ""personal_data_protection_amendment_act_2020_d7cc5937b1_chunk_0154_ast"", ""personal_data_protection_amendment_act_2020_d7cc5937b1_chunk_0158_ast"", ""personal_data_protection_amendment_act_2020_d7cc5937b1_chunk_0164_ast"", ""personal_data_protection_amendment_act_2020_d7cc5937b1_chunk_0167_ast"", ""personal_data_protection_amendment_act_2020_d7cc5937b1_chunk_0172_ast"", ""personal_data_protection_act_2012_e857c5e9da_chunk_0001_ast"", ""personal_data_protection_act_2012_e857c5e9da_chunk_0007_ast"", ""personal_data_protection_act_2012_e857c5e9da_chunk_0008_ast"", ""personal_data_protection_act_2012_e857c5e9da_chunk_0011_ast"", ""personal_data_protection_act_2012_e857c5e9da_chunk_0021_ast"", ""personal_data_protection_act_2012_e857c5e9da_chunk_0022_ast"", ""personal_data_protection_act_2012_e857c5e9da_chunk_0024_ast"", ""personal_data_protection_act_2012_e857c5e9da_chunk_0028_ast"", ""personal_data_protection_act_2012_e857c5e9da_chunk_0105_ast"", ""personal_data_protection_act_2012_e857c5e9da_chunk_0106_ast"", ""personal_data_protection_act_2012_e857c5e9da_chunk_0156_ast"", ""personal_data_protection_act_2012_e857c5e9da_chunk_0185_ast"", ""personal_data_protection_act_2012_e857c5e9da_chunk_0210_ast"", ""personal_data_protection_act_2012_e857c5e9da_chunk_0211_ast"", ""personal_data_protection_act_2012_e857c5e9da_chunk_0212_ast"", ""personal_data_protection_act_2012_e857c5e9da_chunk_0213_ast""]",high,pending
synonym_104d3d882b04,data protection,个人信息,related_term,"[""entranslation_of_the_personal_data_protection_act_0_1c77b4099e_chunk_0001_ast"", ""entranslation_of_the_personal_data_protection_act_0_1c77b4099e_chunk_0002_ast"", ""entranslation_of_the_personal_data_protection_act_0_1c77b4099e_chunk_0008_ast"", ""entranslation_of_the_personal_data_protection_act_0_1c77b4099e_chunk_0009_ast"", ""entranslation_of_the_personal_data_protection_act_0_1c77b4099e_chunk_0019_ast"", ""entranslation_of_the_personal_data_protection_act_0_1c77b4099e_chunk_0021_ast"", ""entranslation_of_the_personal_data_protection_act_0_1c77b4099e_chunk_0027_ast"", ""entranslation_of_the_personal_data_protection_act_0_1c77b4099e_chunk_0037_ast"", ""entranslation_of_the_personal_data_protection_act_0_1c77b4099e_chunk_0038_ast"", ""entranslation_of_the_personal_data_protection_act_0_1c77b4099e_chunk_0039_ast"", ""entranslation_of_the_personal_data_protection_act_0_1c77b4099e_chunk_0040_ast"", ""entranslation_of_the_personal_data_protection_act_0_1c77b4099e_chunk_0041_ast"", ""entranslation_of_the_personal_data_protection_act_0_1c77b4099e_chunk_0058_ast"", ""entranslation_of_the_personal_data_protection_act_0_1c77b4099e_chunk_0062_ast"", ""entranslation_of_the_personal_data_protection_act_0_1c77b4099e_chunk_0063_ast"", ""entranslation_of_the_personal_data_protection_act_0_1c77b4099e_chunk_0064_ast"", ""entranslation_of_the_personal_data_protection_act_0_1c77b4099e_chunk_0065_ast"", ""entranslation_of_the_personal_data_protection_act_0_1c77b4099e_chunk_0066_ast"", ""entranslation_of_the_personal_data_protection_act_0_1c77b4099e_chunk_0067_ast"", ""entranslation_of_the_personal_data_protection_act_0_1c77b4099e_chunk_0068_ast"", ""entranslation_of_the_personal_data_protection_act_0_1c77b4099e_chunk_0069_ast"", ""entranslation_of_the_personal_data_protection_act_0_1c77b4099e_chunk_0070_ast"", ""entranslation_of_the_personal_data_protection_act_0_1c77b4099e_chunk_0071_ast"", ""entranslation_of_the_personal_data_protection_act_0_1c77b4099e_chunk_0072_ast"", ""entranslation_of_the_personal_data_protection_act_0_1c77b4099e_chunk_0077_ast"", ""entranslation_of_the_personal_data_protection_act_0_1c77b4099e_chunk_0079_ast"", ""entranslation_of_the_personal_data_protection_act_0_1c77b4099e_chunk_0080_ast"", ""entranslation_of_the_personal_data_protection_act_0_1c77b4099e_chunk_0081_ast"", ""entranslation_of_the_personal_data_protection_act_0_1c77b4099e_chunk_0084_ast"", ""entranslation_of_the_personal_data_protection_act_0_1c77b4099e_chunk_0086_ast"", ""entranslation_of_the_personal_data_protection_act_0_1c77b4099e_chunk_0088_ast"", ""entranslation_of_the_personal_data_protection_act_0_1c77b4099e_chunk_0093_ast"", ""entranslation_of_the_personal_data_protection_act_0_1c77b4099e_chunk_0117_ast"", ""m_29_1bf3c639ac_chunk_0016_ast"", ""personal_data_protection_amendment_act_2020_d7cc5937b1_chunk_0001_ast"", ""personal_data_protection_amendment_act_2020_d7cc5937b1_chunk_0004_ast"", ""personal_data_protection_amendment_act_2020_d7cc5937b1_chunk_0006_ast"", ""personal_data_protection_amendment_act_2020_d7cc5937b1_chunk_0012_ast"", ""personal_data_protection_amendment_act_2020_d7cc5937b1_chunk_0017_ast"", ""personal_data_protection_amendment_act_2020_d7cc5937b1_chunk_0021_ast"", ""personal_data_protection_amendment_act_2020_d7cc5937b1_chunk_0025_ast"", ""personal_data_protection_amendment_act_2020_d7cc5937b1_chunk_0032_ast"", ""personal_data_protection_amendment_act_2020_d7cc5937b1_chunk_0137_ast"", ""personal_data_protection_amendment_act_2020_d7cc5937b1_chunk_0154_ast"", ""personal_data_protection_amendment_act_2020_d7cc5937b1_chunk_0158_ast"", ""personal_data_protection_amendment_act_2020_d7cc5937b1_chunk_0164_ast"", ""personal_data_protection_amendment_act_2020_d7cc5937b1_chunk_0167_ast"", ""personal_data_protection_amendment_act_2020_d7cc5937b1_chunk_0172_ast"", ""personal_data_protection_act_2012_e857c5e9da_chunk_0001_ast"", ""personal_data_protection_act_2012_e857c5e9da_chunk_0007_ast"", ""personal_data_protection_act_2012_e857c5e9da_chunk_0008_ast"", ""personal_data_protection_act_2012_e857c5e9da_chunk_0011_ast"", ""personal_data_protection_act_2012_e857c5e9da_chunk_0021_ast"", ""personal_data_protection_act_2012_e857c5e9da_chunk_0022_ast"", ""personal_data_protection_act_2012_e857c5e9da_chunk_0024_ast"", ""personal_data_protection_act_2012_e857c5e9da_chunk_0028_ast"", ""personal_data_protection_act_2012_e857c5e9da_chunk_0105_ast"", ""personal_data_protection_act_2012_e857c5e9da_chunk_0106_ast"", ""personal_data_protection_act_2012_e857c5e9da_chunk_0156_ast"", ""personal_data_protection_act_2012_e857c5e9da_chunk_0185_ast"", ""personal_data_protection_act_2012_e857c5e9da_chunk_0210_ast"", ""personal_data_protection_act_2012_e857c5e9da_chunk_0211_ast"", ""personal_data_protection_act_2012_e857c5e9da_chunk_0212_ast"", ""personal_data_protection_act_2012_e857c5e9da_chunk_0213_ast""]",high,pending
synonym_5e45fbdff01e,data protection,同意,related_term,"[""entranslation_of_the_personal_data_protection_act_0_1c77b4099e_chunk_0002_ast"", ""entranslation_of_the_personal_data_protection_act_0_1c77b4099e_chunk_0021_ast"", ""entranslation_of_the_personal_data_protection_act_0_1c77b4099e_chunk_0037_ast"", ""entranslation_of_the_personal_data_protection_act_0_1c77b4099e_chunk_0038_ast"", ""entranslation_of_the_personal_data_protection_act_0_1c77b4099e_chunk_0039_ast"", ""personal_data_protection_amendment_act_2020_d7cc5937b1_chunk_0004_ast"", ""personal_data_protection_amendment_act_2020_d7cc5937b1_chunk_0012_ast"", ""personal_data_protection_act_2012_e857c5e9da_chunk_0007_ast""]",high,pending
synonym_166080aefac0,data protection,自然人,related_term,"[""personal_data_protection_amendment_act_2020_d7cc5937b1_chunk_0006_ast"", ""personal_data_protection_amendment_act_2020_d7cc5937b1_chunk_0012_ast"", ""personal_data_protection_amendment_act_2020_d7cc5937b1_chunk_0017_ast"", ""personal_data_protection_amendment_act_2020_d7cc5937b1_chunk_0021_ast"", ""personal_data_protection_amendment_act_2020_d7cc5937b1_chunk_0025_ast"", ""personal_data_protection_amendment_act_2020_d7cc5937b1_chunk_0032_ast"", ""personal_data_protection_amendment_act_2020_d7cc5937b1_chunk_0088_ast"", ""personal_data_protection_amendment_act_2020_d7cc5937b1_chunk_0164_ast"", ""personal_data_protection_act_2012_e857c5e9da_chunk_0011_ast"", ""personal_data_protection_act_2012_e857c5e9da_chunk_0021_ast"", ""personal_data_protection_act_2012_e857c5e9da_chunk_0028_ast"", ""personal_data_protection_act_2012_e857c5e9da_chunk_0106_ast""]",high,pending
synonym_0e71e8b12b06,data subject,authorisation,related_term,"[""entranslation_of_the_personal_data_protection_act_0_1c77b4099e_chunk_0002_ast"", ""entranslation_of_the_personal_data_protection_act_0_1c77b4099e_chunk_0021_ast"", ""entranslation_of_the_personal_data_protection_act_0_1c77b4099e_chunk_0022_ast"", ""entranslation_of_the_personal_data_protection_act_0_1c77b4099e_chunk_0023_ast"", ""entranslation_of_the_personal_data_protection_act_0_1c77b4099e_chunk_0024_ast"", ""entranslation_of_the_personal_data_protection_act_0_1c77b4099e_chunk_0025_ast"", ""entranslation_of_the_personal_data_protection_act_0_1c77b4099e_chunk_0026_ast"", ""entranslation_of_the_personal_data_protection_act_0_1c77b4099e_chunk_0029_ast"", ""entranslation_of_the_personal_data_protection_act_0_1c77b4099e_chunk_0030_ast"", ""entranslation_of_the_personal_data_protection_act_0_1c77b4099e_chunk_0031_ast"", ""entranslation_of_the_personal_data_protection_act_0_1c77b4099e_chunk_0033_ast"", ""entranslation_of_the_personal_data_protection_act_0_1c77b4099e_chunk_0034_ast"", ""entranslation_of_the_personal_data_protection_act_0_1c77b4099e_chunk_0037_ast"", ""entranslation_of_the_personal_data_protection_act_0_1c77b4099e_chunk_0038_ast"", ""entranslation_of_the_personal_data_protection_act_0_1c77b4099e_chunk_0039_ast"", ""entranslation_of_the_personal_data_protection_act_0_1c77b4099e_chunk_0042_ast"", ""entranslation_of_the_personal_data_protection_act_0_1c77b4099e_chunk_0044_ast"", ""entranslation_of_the_personal_data_protection_act_0_1c77b4099e_chunk_0046_ast"", ""entranslation_of_the_personal_data_protection_act_0_1c77b4099e_chunk_0048_ast"", ""entranslation_of_the_personal_data_protection_act_0_1c77b4099e_chunk_0053_ast"", ""entranslation_of_the_personal_data_protection_act_0_1c77b4099e_chunk_0105_ast"", ""entranslation_of_the_personal_data_protection_act_0_1c77b4099e_chunk_0107_ast""]",high,pending
synonym_ca2e7668cb5f,data subject,data subject information,related_term,"[""entranslation_of_the_personal_data_protection_act_0_1c77b4099e_chunk_0002_ast"", ""entranslation_of_the_personal_data_protection_act_0_1c77b4099e_chunk_0003_ast"", ""entranslation_of_the_personal_data_protection_act_0_1c77b4099e_chunk_0004_ast"", ""entranslation_of_the_personal_data_protection_act_0_1c77b4099e_chunk_0006_ast"", ""entranslation_of_the_personal_data_protection_act_0_1c77b4099e_chunk_0021_ast"", ""entranslation_of_the_personal_data_protection_act_0_1c77b4099e_chunk_0022_ast"", ""entranslation_of_the_personal_data_protection_act_0_1c77b4099e_chunk_0023_ast"", ""entranslation_of_the_personal_data_protection_act_0_1c77b4099e_chunk_0025_ast"", ""entranslation_of_the_personal_data_protection_act_0_1c77b4099e_chunk_0026_ast"", ""entranslation_of_the_personal_data_protection_act_0_1c77b4099e_chunk_0029_ast"", ""entranslation_of_the_personal_data_protection_act_0_1c77b4099e_chunk_0030_ast"", ""entranslation_of_the_personal_data_protection_act_0_1c77b4099e_chunk_0031_ast"", ""entranslation_of_the_personal_data_protection_act_0_1c77b4099e_chunk_0032_ast"", ""entranslation_of_the_personal_data_protection_act_0_1c77b4099e_chunk_0034_ast"", ""entranslation_of_the_personal_data_protection_act_0_1c77b4099e_chunk_0035_ast"", ""entranslation_of_the_personal_data_protection_act_0_1c77b4099e_chunk_0036_ast"", ""entranslation_of_the_personal_data_protection_act_0_1c77b4099e_chunk_0037_ast"", ""entranslation_of_the_personal_data_protection_act_0_1c77b4099e_chunk_0038_ast"", ""entranslation_of_the_personal_data_protection_act_0_1c77b4099e_chunk_0039_ast"", ""entranslation_of_the_personal_data_protection_act_0_1c77b4099e_chunk_0041_ast"", ""entranslation_of_the_personal_data_protection_act_0_1c77b4099e_chunk_0042_ast"", ""entranslation_of_the_personal_data_protection_act_0_1c77b4099e_chunk_0044_ast"", ""entranslation_of_the_personal_data_protection_act_0_1c77b4099e_chunk_0045_ast"", ""entranslation_of_the_personal_data_protection_act_0_1c77b4099e_chunk_0046_ast"", ""entranslation_of_the_personal_data_protection_act_0_1c77b4099e_chunk_0047_ast"", ""entranslation_of_the_personal_data_protection_act_0_1c77b4099e_chunk_0048_ast"", ""entranslation_of_the_personal_data_protection_act_0_1c77b4099e_chunk_0049_ast"", ""entranslation_of_the_personal_data_protection_act_0_1c77b4099e_chunk_0050_ast"", ""entranslation_of_the_personal_data_protection_act_0_1c77b4099e_chunk_0052_ast"", ""entranslation_of_the_personal_data_protection_act_0_1c77b4099e_chunk_0053_ast"", ""entranslation_of_the_personal_data_protection_act_0_1c77b4099e_chunk_0054_ast"", ""entranslation_of_the_personal_data_protection_act_0_1c77b4099e_chunk_0056_ast"", ""entranslation_of_the_personal_data_protection_act_0_1c77b4099e_chunk_0057_ast"", ""entranslation_of_the_personal_data_protection_act_0_1c77b4099e_chunk_0059_ast"", ""entranslation_of_the_personal_data_protection_act_0_1c77b4099e_chunk_0062_ast"", ""entranslation_of_the_personal_data_protection_act_0_1c77b4099e_chunk_0063_ast"", ""entranslation_of_the_personal_data_protection_act_0_1c77b4099e_chunk_0095_ast"", ""entranslation_of_the_personal_data_protection_act_0_1c77b4099e_chunk_0102_ast"", ""entranslation_of_the_personal_data_protection_act_0_1c77b4099e_chunk_0103_ast"", ""entranslation_of_the_personal_data_protection_act_0_1c77b4099e_chunk_0105_ast"", ""entranslation_of_the_personal_data_protection_act_0_1c77b4099e_chunk_0107_ast"", ""entranslation_of_the_personal_data_protection_act_0_1c77b4099e_chunk_0117_ast""]",high,pending
synonym_439d67e30efd,data subject,network security,related_term,"[""entranslation_of_the_personal_data_protection_act_0_1c77b4099e_chunk_0004_ast""]",high,pending
synonym_5eeb1febcb7f,data subject,permission,related_term,"[""entranslation_of_the_personal_data_protection_act_0_1c77b4099e_chunk_0002_ast"", ""entranslation_of_the_personal_data_protection_act_0_1c77b4099e_chunk_0021_ast"", ""entranslation_of_the_personal_data_protection_act_0_1c77b4099e_chunk_0022_ast"", ""entranslation_of_the_personal_data_protection_act_0_1c77b4099e_chunk_0023_ast"", ""entranslation_of_the_personal_data_protection_act_0_1c77b4099e_chunk_0024_ast"", ""entranslation_of_the_personal_data_protection_act_0_1c77b4099e_chunk_0025_ast"", ""entranslation_of_the_personal_data_protection_act_0_1c77b4099e_chunk_0026_ast"", ""entranslation_of_the_personal_data_protection_act_0_1c77b4099e_chunk_0029_ast"", ""entranslation_of_the_personal_data_protection_act_0_1c77b4099e_chunk_0030_ast"", ""entranslation_of_the_personal_data_protection_act_0_1c77b4099e_chunk_0031_ast"", ""entranslation_of_the_personal_data_protection_act_0_1c77b4099e_chunk_0033_ast"", ""entranslation_of_the_personal_data_protection_act_0_1c77b4099e_chunk_0034_ast"", ""entranslation_of_the_personal_data_protection_act_0_1c77b4099e_chunk_0037_ast"", ""entranslation_of_the_personal_data_protection_act_0_1c77b4099e_chunk_0038_ast"", ""entranslation_of_the_personal_data_protection_act_0_1c77b4099e_chunk_0039_ast"", ""entranslation_of_the_personal_data_protection_act_0_1c77b4099e_chunk_0042_ast"", ""entranslation_of_the_personal_data_protection_act_0_1c77b4099e_chunk_0044_ast"", ""entranslation_of_the_personal_data_protection_act_0_1c77b4099e_chunk_0046_ast"", ""entranslation_of_the_personal_data_protection_act_0_1c77b4099e_chunk_0048_ast"", ""entranslation_of_the_personal_data_protection_act_0_1c77b4099e_chunk_0053_ast"", ""entranslation_of_the_personal_data_protection_act_0_1c77b4099e_chunk_0105_ast"", ""entranslation_of_the_personal_data_protection_act_0_1c77b4099e_chunk_0107_ast""]",high,pending
synonym_42151e8e01d1,data subject,personal information,related_term,"[""entranslation_of_the_personal_data_protection_act_0_1c77b4099e_chunk_0002_ast"", ""entranslation_of_the_personal_data_protection_act_0_1c77b4099e_chunk_0003_ast"", ""entranslation_of_the_personal_data_protection_act_0_1c77b4099e_chunk_0004_ast"", ""entranslation_of_the_personal_data_protection_act_0_1c77b4099e_chunk_0006_ast"", ""entranslation_of_the_personal_data_protection_act_0_1c77b4099e_chunk_0021_ast"", ""entranslation_of_the_personal_data_protection_act_0_1c77b4099e_chunk_0022_ast"", ""entranslation_of_the_personal_data_protection_act_0_1c77b4099e_chunk_0023_ast"", ""entranslation_of_the_personal_data_protection_act_0_1c77b4099e_chunk_0025_ast"", ""entranslation_of_the_personal_data_protection_act_0_1c77b4099e_chunk_0026_ast"", ""entranslation_of_the_personal_data_protection_act_0_1c77b4099e_chunk_0029_ast"", ""entranslation_of_the_personal_data_protection_act_0_1c77b4099e_chunk_0030_ast"", ""entranslation_of_the_personal_data_protection_act_0_1c77b4099e_chunk_0031_ast"", ""entranslation_of_the_personal_data_protection_act_0_1c77b4099e_chunk_0032_ast"", ""entranslation_of_the_personal_data_protection_act_0_1c77b4099e_chunk_0034_ast"", ""entranslation_of_the_personal_data_protection_act_0_1c77b4099e_chunk_0035_ast"", ""entranslation_of_the_personal_data_protection_act_0_1c77b4099e_chunk_0036_ast"", ""entranslation_of_the_personal_data_protection_act_0_1c77b4099e_chunk_0037_ast"", ""entranslation_of_the_personal_data_protection_act_0_1c77b4099e_chunk_0038_ast"", ""entranslation_of_the_personal_data_protection_act_0_1c77b4099e_chunk_0039_ast"", ""entranslation_of_the_personal_data_protection_act_0_1c77b4099e_chunk_0041_ast"", ""entranslation_of_the_personal_data_protection_act_0_1c77b4099e_chunk_0042_ast"", ""entranslation_of_the_personal_data_protection_act_0_1c77b4099e_chunk_0044_ast"", ""entranslation_of_the_personal_data_protection_act_0_1c77b4099e_chunk_0045_ast"", ""entranslation_of_the_personal_data_protection_act_0_1c77b4099e_chunk_0046_ast"", ""entranslation_of_the_personal_data_protection_act_0_1c77b4099e_chunk_0047_ast"", ""entranslation_of_the_personal_data_protection_act_0_1c77b4099e_chunk_0048_ast"", ""entranslation_of_the_personal_data_protection_act_0_1c77b4099e_chunk_0049_ast"", ""entranslation_of_the_personal_data_protection_act_0_1c77b4099e_chunk_0050_ast"", ""entranslation_of_the_personal_data_protection_act_0_1c77b4099e_chunk_0052_ast"", ""entranslation_of_the_personal_data_protection_act_0_1c77b4099e_chunk_0053_ast"", ""entranslation_of_the_personal_data_protection_act_0_1c77b4099e_chunk_0054_ast"", ""entranslation_of_the_personal_data_protection_act_0_1c77b4099e_chunk_0056_ast"", ""entranslation_of_the_personal_data_protection_act_0_1c77b4099e_chunk_0057_ast"", ""entranslation_of_the_personal_data_protection_act_0_1c77b4099e_chunk_0059_ast"", ""entranslation_of_the_personal_data_protection_act_0_1c77b4099e_chunk_0062_ast"", ""entranslation_of_the_personal_data_protection_act_0_1c77b4099e_chunk_0063_ast"", ""entranslation_of_the_personal_data_protection_act_0_1c77b4099e_chunk_0095_ast"", ""entranslation_of_the_personal_data_protection_act_0_1c77b4099e_chunk_0102_ast"", ""entranslation_of_the_personal_data_protection_act_0_1c77b4099e_chunk_0103_ast"", ""entranslation_of_the_personal_data_protection_act_0_1c77b4099e_chunk_0105_ast"", ""entranslation_of_the_personal_data_protection_act_0_1c77b4099e_chunk_0107_ast"", ""entranslation_of_the_personal_data_protection_act_0_1c77b4099e_chunk_0117_ast""]",high,pending
synonym_83e9d7520119,data subject,个人信息,related_term,"[""entranslation_of_the_personal_data_protection_act_0_1c77b4099e_chunk_0002_ast"", ""entranslation_of_the_personal_data_protection_act_0_1c77b4099e_chunk_0003_ast"", ""entranslation_of_the_personal_data_protection_act_0_1c77b4099e_chunk_0004_ast"", ""entranslation_of_the_personal_data_protection_act_0_1c77b4099e_chunk_0006_ast"", ""entranslation_of_the_personal_data_protection_act_0_1c77b4099e_chunk_0021_ast"", ""entranslation_of_the_personal_data_protection_act_0_1c77b4099e_chunk_0022_ast"", ""entranslation_of_the_personal_data_protection_act_0_1c77b4099e_chunk_0023_ast"", ""entranslation_of_the_personal_data_protection_act_0_1c77b4099e_chunk_0025_ast"", ""entranslation_of_the_personal_data_protection_act_0_1c77b4099e_chunk_0026_ast"", ""entranslation_of_the_personal_data_protection_act_0_1c77b4099e_chunk_0029_ast"", ""entranslation_of_the_personal_data_protection_act_0_1c77b4099e_chunk_0030_ast"", ""entranslation_of_the_personal_data_protection_act_0_1c77b4099e_chunk_0031_ast"", ""entranslation_of_the_personal_data_protection_act_0_1c77b4099e_chunk_0032_ast"", ""entranslation_of_the_personal_data_protection_act_0_1c77b4099e_chunk_0034_ast"", ""entranslation_of_the_personal_data_protection_act_0_1c77b4099e_chunk_0035_ast"", ""entranslation_of_the_personal_data_protection_act_0_1c77b4099e_chunk_0036_ast"", ""entranslation_of_the_personal_data_protection_act_0_1c77b4099e_chunk_0037_ast"", ""entranslation_of_the_personal_data_protection_act_0_1c77b4099e_chunk_0038_ast"", ""entranslation_of_the_personal_data_protection_act_0_1c77b4099e_chunk_0039_ast"", ""entranslation_of_the_personal_data_protection_act_0_1c77b4099e_chunk_0041_ast"", ""entranslation_of_the_personal_data_protection_act_0_1c77b4099e_chunk_0042_ast"", ""entranslation_of_the_personal_data_protection_act_0_1c77b4099e_chunk_0044_ast"", ""entranslation_of_the_personal_data_protection_act_0_1c77b4099e_chunk_0045_ast"", ""entranslation_of_the_personal_data_protection_act_0_1c77b4099e_chunk_0046_ast"", ""entranslation_of_the_personal_data_protection_act_0_1c77b4099e_chunk_0047_ast"", ""entranslation_of_the_personal_data_protection_act_0_1c77b4099e_chunk_0048_ast"", ""entranslation_of_the_personal_data_protection_act_0_1c77b4099e_chunk_0049_ast"", ""entranslation_of_the_personal_data_protection_act_0_1c77b4099e_chunk_0050_ast"", ""entranslation_of_the_personal_data_protection_act_0_1c77b4099e_chunk_0052_ast"", ""entranslation_of_the_personal_data_protection_act_0_1c77b4099e_chunk_0053_ast"", ""entranslation_of_the_personal_data_protection_act_0_1c77b4099e_chunk_0054_ast"", ""entranslation_of_the_personal_data_protection_act_0_1c77b4099e_chunk_0056_ast"", ""entranslation_of_the_personal_data_protection_act_0_1c77b4099e_chunk_0057_ast"", ""entranslation_of_the_personal_data_protection_act_0_1c77b4099e_chunk_0059_ast"", ""entranslation_of_the_personal_data_protection_act_0_1c77b4099e_chunk_0062_ast"", ""entranslation_of_the_personal_data_protection_act_0_1c77b4099e_chunk_0063_ast"", ""entranslation_of_the_personal_data_protection_act_0_1c77b4099e_chunk_0095_ast"", ""entranslation_of_the_personal_data_protection_act_0_1c77b4099e_chunk_0102_ast"", ""entranslation_of_the_personal_data_protection_act_0_1c77b4099e_chunk_0103_ast"", ""entranslation_of_the_personal_data_protection_act_0_1c77b4099e_chunk_0105_ast"", ""entranslation_of_the_personal_data_protection_act_0_1c77b4099e_chunk_0107_ast"", ""entranslation_of_the_personal_data_protection_act_0_1c77b4099e_chunk_0117_ast""]",high,pending
synonym_110e9a3fc954,data subject,同意,related_term,"[""entranslation_of_the_personal_data_protection_act_0_1c77b4099e_chunk_0002_ast"", ""entranslation_of_the_personal_data_protection_act_0_1c77b4099e_chunk_0021_ast"", ""entranslation_of_the_personal_data_protection_act_0_1c77b4099e_chunk_0022_ast"", ""entranslation_of_the_personal_data_protection_act_0_1c77b4099e_chunk_0023_ast"", ""entranslation_of_the_personal_data_protection_act_0_1c77b4099e_chunk_0024_ast"", ""entranslation_of_the_personal_data_protection_act_0_1c77b4099e_chunk_0025_ast"", ""entranslation_of_the_personal_data_protection_act_0_1c77b4099e_chunk_0026_ast"", ""entranslation_of_the_personal_data_protection_act_0_1c77b4099e_chunk_0029_ast"", ""entranslation_of_the_personal_data_protection_act_0_1c77b4099e_chunk_0030_ast"", ""entranslation_of_the_personal_data_protection_act_0_1c77b4099e_chunk_0031_ast"", ""entranslation_of_the_personal_data_protection_act_0_1c77b4099e_chunk_0033_ast"", ""entranslation_of_the_personal_data_protection_act_0_1c77b4099e_chunk_0034_ast"", ""entranslation_of_the_personal_data_protection_act_0_1c77b4099e_chunk_0037_ast"", ""entranslation_of_the_personal_data_protection_act_0_1c77b4099e_chunk_0038_ast"", ""entranslation_of_the_personal_data_protection_act_0_1c77b4099e_chunk_0039_ast"", ""entranslation_of_the_personal_data_protection_act_0_1c77b4099e_chunk_0042_ast"", ""entranslation_of_the_personal_data_protection_act_0_1c77b4099e_chunk_0044_ast"", ""entranslation_of_the_personal_data_protection_act_0_1c77b4099e_chunk_0046_ast"", ""entranslation_of_the_personal_data_protection_act_0_1c77b4099e_chunk_0048_ast"", ""entranslation_of_the_personal_data_protection_act_0_1c77b4099e_chunk_0053_ast"", ""entranslation_of_the_personal_data_protection_act_0_1c77b4099e_chunk_0105_ast"", ""entranslation_of_the_personal_data_protection_act_0_1c77b4099e_chunk_0107_ast""]",high,pending
synonym_aae8fb4500fe,data subject,网络安全,related_term,"[""entranslation_of_the_personal_data_protection_act_0_1c77b4099e_chunk_0004_ast""]",high,pending
synonym_c584e0b06c59,deemed allotment,data subject,related_term,"[""companies_act_1967_c8232023ef_chunk_0235_ast""]",high,pending
synonym_8517395a9caa,deemed allotment,person,related_term,"[""companies_act_1967_c8232023ef_chunk_0235_ast""]",high,pending
synonym_d09f6f25eee9,deemed allotment,自然人,related_term,"[""companies_act_1967_c8232023ef_chunk_0235_ast""]",high,pending
synonym_ae4fcfae55ae,derived personal data,business,related_term,"[""personal_data_protection_act_2012_e857c5e9da_chunk_0012_ast""]",high,pending
synonym_8f3c614331f6,derived personal data,company,related_term,"[""personal_data_protection_act_2012_e857c5e9da_chunk_0012_ast""]",high,pending
synonym_22d07f9ede73,derived personal data,data subject,related_term,"[""personal_data_protection_act_2012_e857c5e9da_chunk_0012_ast""]",high,pending
synonym_80c6f6c205d4,derived personal data,data subject information,related_term,"[""personal_data_protection_act_2012_e857c5e9da_chunk_0012_ast""]",high,pending
synonym_dc8b9d69bed0,derived personal data,organization,related_term,"[""personal_data_protection_act_2012_e857c5e9da_chunk_0012_ast""]",high,pending
synonym_672ead51c03e,derived personal data,person,related_term,"[""personal_data_protection_act_2012_e857c5e9da_chunk_0012_ast""]",high,pending
synonym_4c749f217300,derived personal data,personal information,related_term,"[""personal_data_protection_act_2012_e857c5e9da_chunk_0012_ast""]",high,pending
synonym_ae3a4ef34491,derived personal data,个人信息,related_term,"[""personal_data_protection_act_2012_e857c5e9da_chunk_0012_ast""]",high,pending
synonym_9db5a62aabea,derived personal data,自然人,related_term,"[""personal_data_protection_act_2012_e857c5e9da_chunk_0012_ast""]",high,pending
synonym_674e8c0d6100,dictionary attack,data subject,related_term,"[""personal_data_protection_act_2012_e857c5e9da_chunk_0083_ast""]",high,pending
synonym_281c683e9bae,dictionary attack,person,related_term,"[""personal_data_protection_act_2012_e857c5e9da_chunk_0083_ast""]",high,pending
synonym_499e8a08162a,dictionary attack,自然人,related_term,"[""personal_data_protection_act_2012_e857c5e9da_chunk_0083_ast""]",high,pending
synonym_915525b728c0,disclosure,authorisation,related_term,"[""companies_act_1967_c8232023ef_chunk_0101_ast"", ""entranslation_of_the_personal_data_protection_act_0_1c77b4099e_chunk_0021_ast"", ""entranslation_of_the_personal_data_protection_act_0_1c77b4099e_chunk_0022_ast"", ""entranslation_of_the_personal_data_protection_act_0_1c77b4099e_chunk_0023_ast"", ""entranslation_of_the_personal_data_protection_act_0_1c77b4099e_chunk_0025_ast"", ""entranslation_of_the_personal_data_protection_act_0_1c77b4099e_chunk_0026_ast"", ""entranslation_of_the_personal_data_protection_act_0_1c77b4099e_chunk_0031_ast"", ""entranslation_of_the_personal_data_protection_act_0_1c77b4099e_chunk_0037_ast"", ""entranslation_of_the_personal_data_protection_act_0_1c77b4099e_chunk_0038_ast"", ""entranslation_of_the_personal_data_protection_act_0_1c77b4099e_chunk_0042_ast"", ""entranslation_of_the_personal_data_protection_act_0_1c77b4099e_chunk_0044_ast"", ""entranslation_of_the_personal_data_protection_act_0_1c77b4099e_chunk_0046_ast"", ""entranslation_of_the_personal_data_protection_act_0_1c77b4099e_chunk_0048_ast"", ""entranslation_of_the_personal_data_protection_act_0_1c77b4099e_chunk_0053_ast"", ""entranslation_of_the_personal_data_protection_act_0_1c77b4099e_chunk_0105_ast"", ""entranslation_of_the_personal_data_protection_act_0_1c77b4099e_chunk_0116_ast"", ""personal_data_protection_amendment_act_2020_d7cc5937b1_chunk_0009_ast"", ""personal_data_protection_amendment_act_2020_d7cc5937b1_chunk_0010_ast"", ""personal_data_protection_amendment_act_2020_d7cc5937b1_chunk_0012_ast"", ""personal_data_protection_amendment_act_2020_d7cc5937b1_chunk_0013_ast"", ""personal_data_protection_amendment_act_2020_d7cc5937b1_chunk_0014_ast"", ""personal_data_protection_amendment_act_2020_d7cc5937b1_chunk_0015_ast"", ""personal_data_protection_amendment_act_2020_d7cc5937b1_chunk_0016_ast"", ""personal_data_protection_amendment_act_2020_d7cc5937b1_chunk_0036_ast"", ""personal_data_protection_amendment_act_2020_d7cc5937b1_chunk_0110_ast"", ""personal_data_protection_amendment_act_2020_d7cc5937b1_chunk_0111_ast"", ""personal_data_protection_amendment_act_2020_d7cc5937b1_chunk_0130_ast"", ""personal_data_protection_amendment_act_2020_d7cc5937b1_chunk_0133_ast"", ""personal_data_protection_amendment_act_2020_d7cc5937b1_chunk_0135_ast"", ""personal_data_protection_act_2012_e857c5e9da_chunk_0002_ast"", ""personal_data_protection_act_2012_e857c5e9da_chunk_0007_ast"", ""personal_data_protection_act_2012_e857c5e9da_chunk_0030_ast"", ""personal_data_protection_act_2012_e857c5e9da_chunk_0031_ast"", ""personal_data_protection_act_2012_e857c5e9da_chunk_0032_ast"", ""personal_data_protection_act_2012_e857c5e9da_chunk_0033_ast"", ""personal_data_protection_act_2012_e857c5e9da_chunk_0035_ast"", ""personal_data_protection_act_2012_e857c5e9da_chunk_0037_ast"", ""personal_data_protection_act_2012_e857c5e9da_chunk_0038_ast"", ""personal_data_protection_act_2012_e857c5e9da_chunk_0039_ast"", ""personal_data_protection_act_2012_e857c5e9da_chunk_0040_ast"", ""personal_data_protection_act_2012_e857c5e9da_chunk_0041_ast"", ""personal_data_protection_act_2012_e857c5e9da_chunk_0043_ast"", ""personal_data_protection_act_2012_e857c5e9da_chunk_0044_ast"", ""personal_data_protection_act_2012_e857c5e9da_chunk_0047_ast"", ""personal_data_protection_act_2012_e857c5e9da_chunk_0157_ast"", ""personal_data_protection_act_2012_e857c5e9da_chunk_0158_ast"", ""personal_data_protection_act_2012_e857c5e9da_chunk_0177_ast"", ""personal_data_protection_act_2012_e857c5e9da_chunk_0180_ast"", ""personal_data_protection_act_2012_e857c5e9da_chunk_0182_ast""]",high,pending
synonym_996819ed474d,disclosure,business,related_term,"[""personal_data_protection_amendment_act_2020_d7cc5937b1_chunk_0009_ast"", ""personal_data_protection_amendment_act_2020_d7cc5937b1_chunk_0010_ast"", ""personal_data_protection_amendment_act_2020_d7cc5937b1_chunk_0011_ast"", ""personal_data_protection_amendment_act_2020_d7cc5937b1_chunk_0012_ast"", ""personal_data_protection_amendment_act_2020_d7cc5937b1_chunk_0013_ast"", ""personal_data_protection_amendment_act_2020_d7cc5937b1_chunk_0014_ast"", ""personal_data_protection_amendment_act_2020_d7cc5937b1_chunk_0015_ast"", ""personal_data_protection_amendment_act_2020_d7cc5937b1_chunk_0016_ast"", ""personal_data_protection_amendment_act_2020_d7cc5937b1_chunk_0017_ast"", ""personal_data_protection_amendment_act_2020_d7cc5937b1_chunk_0018_ast"", ""personal_data_protection_amendment_act_2020_d7cc5937b1_chunk_0019_ast"", ""personal_data_protection_amendment_act_2020_d7cc5937b1_chunk_0022_ast"", ""personal_data_protection_amendment_act_2020_d7cc5937b1_chunk_0025_ast"", ""personal_data_protection_amendment_act_2020_d7cc5937b1_chunk_0028_ast"", ""personal_data_protection_amendment_act_2020_d7cc5937b1_chunk_0029_ast"", ""personal_data_protection_amendment_act_2020_d7cc5937b1_chunk_0035_ast"", ""personal_data_protection_amendment_act_2020_d7cc5937b1_chunk_0036_ast"", ""personal_data_protection_amendment_act_2020_d7cc5937b1_chunk_0037_ast"", ""personal_data_protection_amendment_act_2020_d7cc5937b1_chunk_0057_ast"", ""personal_data_protection_amendment_act_2020_d7cc5937b1_chunk_0058_ast"", ""personal_data_protection_amendment_act_2020_d7cc5937b1_chunk_0059_ast"", ""personal_data_protection_amendment_act_2020_d7cc5937b1_chunk_0110_ast"", ""personal_data_protection_amendment_act_2020_d7cc5937b1_chunk_0115_ast"", ""personal_data_protection_amendment_act_2020_d7cc5937b1_chunk_0116_ast"", ""personal_data_protection_amendment_act_2020_d7cc5937b1_chunk_0117_ast"", ""personal_data_protection_amendment_act_2020_d7cc5937b1_chunk_0118_ast"", ""personal_data_protection_amendment_act_2020_d7cc5937b1_chunk_0120_ast"", ""personal_data_protection_amendment_act_2020_d7cc5937b1_chunk_0131_ast"", ""personal_data_protection_amendment_act_2020_d7cc5937b1_chunk_0133_ast"", ""personal_data_protection_amendment_act_2020_d7cc5937b1_chunk_0135_ast"", ""personal_data_protection_act_2012_e857c5e9da_chunk_0008_ast"", ""personal_data_protection_act_2012_e857c5e9da_chunk_0019_ast"", ""personal_data_protection_act_2012_e857c5e9da_chunk_0020_ast"", ""personal_data_protection_act_2012_e857c5e9da_chunk_0030_ast"", ""personal_data_protection_act_2012_e857c5e9da_chunk_0031_ast"", ""personal_data_protection_act_2012_e857c5e9da_chunk_0032_ast"", ""personal_data_protection_act_2012_e857c5e9da_chunk_0033_ast"", ""personal_data_protection_act_2012_e857c5e9da_chunk_0034_ast"", ""personal_data_protection_act_2012_e857c5e9da_chunk_0035_ast"", ""personal_data_protection_act_2012_e857c5e9da_chunk_0037_ast"", ""personal_data_protection_act_2012_e857c5e9da_chunk_0038_ast"", ""personal_data_protection_act_2012_e857c5e9da_chunk_0039_ast"", ""personal_data_protection_act_2012_e857c5e9da_chunk_0040_ast"", ""personal_data_protection_act_2012_e857c5e9da_chunk_0041_ast"", ""personal_data_protection_act_2012_e857c5e9da_chunk_0043_ast"", ""personal_data_protection_act_2012_e857c5e9da_chunk_0044_ast"", ""personal_data_protection_act_2012_e857c5e9da_chunk_0045_ast"", ""personal_data_protection_act_2012_e857c5e9da_chunk_0047_ast"", ""personal_data_protection_act_2012_e857c5e9da_chunk_0052_ast"", ""personal_data_protection_act_2012_e857c5e9da_chunk_0056_ast"", ""personal_data_protection_act_2012_e857c5e9da_chunk_0059_ast"", ""personal_data_protection_act_2012_e857c5e9da_chunk_0060_ast"", ""personal_data_protection_act_2012_e857c5e9da_chunk_0091_ast"", ""personal_data_protection_act_2012_e857c5e9da_chunk_0092_ast"", ""personal_data_protection_act_2012_e857c5e9da_chunk_0093_ast"", ""personal_data_protection_act_2012_e857c5e9da_chunk_0130_ast"", ""personal_data_protection_act_2012_e857c5e9da_chunk_0157_ast"", ""personal_data_protection_act_2012_e857c5e9da_chunk_0159_ast"", ""personal_data_protection_act_2012_e857c5e9da_chunk_0161_ast"", ""personal_data_protection_act_2012_e857c5e9da_chunk_0162_ast"", ""personal_data_protection_act_2012_e857c5e9da_chunk_0163_ast"", ""personal_data_protection_act_2012_e857c5e9da_chunk_0164_ast"", ""personal_data_protection_act_2012_e857c5e9da_chunk_0166_ast"", ""personal_data_protection_act_2012_e857c5e9da_chunk_0177_ast"", ""personal_data_protection_act_2012_e857c5e9da_chunk_0178_ast"", ""personal_data_protection_act_2012_e857c5e9da_chunk_0180_ast"", ""personal_data_protection_act_2012_e857c5e9da_chunk_0182_ast""]",high,pending
synonym_bfbc438860b6,disclosure,company,related_term,"[""personal_data_protection_amendment_act_2020_d7cc5937b1_chunk_0009_ast"", ""personal_data_protection_amendment_act_2020_d7cc5937b1_chunk_0010_ast"", ""personal_data_protection_amendment_act_2020_d7cc5937b1_chunk_0011_ast"", ""personal_data_protection_amendment_act_2020_d7cc5937b1_chunk_0012_ast"", ""personal_data_protection_amendment_act_2020_d7cc5937b1_chunk_0013_ast"", ""personal_data_protection_amendment_act_2020_d7cc5937b1_chunk_0014_ast"", ""personal_data_protection_amendment_act_2020_d7cc5937b1_chunk_0015_ast"", ""personal_data_protection_amendment_act_2020_d7cc5937b1_chunk_0016_ast"", ""personal_data_protection_amendment_act_2020_d7cc5937b1_chunk_0017_ast"", ""personal_data_protection_amendment_act_2020_d7cc5937b1_chunk_0018_ast"", ""personal_data_protection_amendment_act_2020_d7cc5937b1_chunk_0019_ast"", ""personal_data_protection_amendment_act_2020_d7cc5937b1_chunk_0022_ast"", ""personal_data_protection_amendment_act_2020_d7cc5937b1_chunk_0025_ast"", ""personal_data_protection_amendment_act_2020_d7cc5937b1_chunk_0028_ast"", ""personal_data_protection_amendment_act_2020_d7cc5937b1_chunk_0029_ast"", ""personal_data_protection_amendment_act_2020_d7cc5937b1_chunk_0035_ast"", ""personal_data_protection_amendment_act_2020_d7cc5937b1_chunk_0036_ast"", ""personal_data_protection_amendment_act_2020_d7cc5937b1_chunk_0037_ast"", ""personal_data_protection_amendment_act_2020_d7cc5937b1_chunk_0057_ast"", ""personal_data_protection_amendment_act_2020_d7cc5937b1_chunk_0058_ast"", ""personal_data_protection_amendment_act_2020_d7cc5937b1_chunk_0059_ast"", ""personal_data_protection_amendment_act_2020_d7cc5937b1_chunk_0110_ast"", ""personal_data_protection_amendment_act_2020_d7cc5937b1_chunk_0115_ast"", ""personal_data_protection_amendment_act_2020_d7cc5937b1_chunk_0116_ast"", ""personal_data_protection_amendment_act_2020_d7cc5937b1_chunk_0117_ast"", ""personal_data_protection_amendment_act_2020_d7cc5937b1_chunk_0118_ast"", ""personal_data_protection_amendment_act_2020_d7cc5937b1_chunk_0120_ast"", ""personal_data_protection_amendment_act_2020_d7cc5937b1_chunk_0131_ast"", ""personal_data_protection_amendment_act_2020_d7cc5937b1_chunk_0133_ast"", ""personal_data_protection_amendment_act_2020_d7cc5937b1_chunk_0135_ast"", ""personal_data_protection_act_2012_e857c5e9da_chunk_0008_ast"", ""personal_data_protection_act_2012_e857c5e9da_chunk_0019_ast"", ""personal_data_protection_act_2012_e857c5e9da_chunk_0020_ast"", ""personal_data_protection_act_2012_e857c5e9da_chunk_0030_ast"", ""personal_data_protection_act_2012_e857c5e9da_chunk_0031_ast"", ""personal_data_protection_act_2012_e857c5e9da_chunk_0032_ast"", ""personal_data_protection_act_2012_e857c5e9da_chunk_0033_ast"", ""personal_data_protection_act_2012_e857c5e9da_chunk_0034_ast"", ""personal_data_protection_act_2012_e857c5e9da_chunk_0035_ast"", ""personal_data_protection_act_2012_e857c5e9da_chunk_0037_ast"", ""personal_data_protection_act_2012_e857c5e9da_chunk_0038_ast"", ""personal_data_protection_act_2012_e857c5e9da_chunk_0039_ast"", ""personal_data_protection_act_2012_e857c5e9da_chunk_0040_ast"", ""personal_data_protection_act_2012_e857c5e9da_chunk_0041_ast"", ""personal_data_protection_act_2012_e857c5e9da_chunk_0043_ast"", ""personal_data_protection_act_2012_e857c5e9da_chunk_0044_ast"", ""personal_data_protection_act_2012_e857c5e9da_chunk_0045_ast"", ""personal_data_protection_act_2012_e857c5e9da_chunk_0047_ast"", ""personal_data_protection_act_2012_e857c5e9da_chunk_0052_ast"", ""personal_data_protection_act_2012_e857c5e9da_chunk_0056_ast"", ""personal_data_protection_act_2012_e857c5e9da_chunk_0059_ast"", ""personal_data_protection_act_2012_e857c5e9da_chunk_0060_ast"", ""personal_data_protection_act_2012_e857c5e9da_chunk_0091_ast"", ""personal_data_protection_act_2012_e857c5e9da_chunk_0092_ast"", ""personal_data_protection_act_2012_e857c5e9da_chunk_0093_ast"", ""personal_data_protection_act_2012_e857c5e9da_chunk_0130_ast"", ""personal_data_protection_act_2012_e857c5e9da_chunk_0157_ast"", ""personal_data_protection_act_2012_e857c5e9da_chunk_0159_ast"", ""personal_data_protection_act_2012_e857c5e9da_chunk_0161_ast"", ""personal_data_protection_act_2012_e857c5e9da_chunk_0162_ast"", ""personal_data_protection_act_2012_e857c5e9da_chunk_0163_ast"", ""personal_data_protection_act_2012_e857c5e9da_chunk_0164_ast"", ""personal_data_protection_act_2012_e857c5e9da_chunk_0166_ast"", ""personal_data_protection_act_2012_e857c5e9da_chunk_0177_ast"", ""personal_data_protection_act_2012_e857c5e9da_chunk_0178_ast"", ""personal_data_protection_act_2012_e857c5e9da_chunk_0180_ast"", ""personal_data_protection_act_2012_e857c5e9da_chunk_0182_ast""]",high,pending
synonym_81a31fcba075,disclosure,data subject,related_term,"[""companies_act_1967_c8232023ef_chunk_0015_ast"", ""companies_act_1967_c8232023ef_chunk_1085_ast"", ""personal_data_protection_amendment_act_2020_d7cc5937b1_chunk_0009_ast"", ""personal_data_protection_amendment_act_2020_d7cc5937b1_chunk_0010_ast"", ""personal_data_protection_amendment_act_2020_d7cc5937b1_chunk_0011_ast"", ""personal_data_protection_amendment_act_2020_d7cc5937b1_chunk_0012_ast"", ""personal_data_protection_amendment_act_2020_d7cc5937b1_chunk_0013_ast"", ""personal_data_protection_amendment_act_2020_d7cc5937b1_chunk_0014_ast"", ""personal_data_protection_amendment_act_2020_d7cc5937b1_chunk_0015_ast"", ""personal_data_protection_amendment_act_2020_d7cc5937b1_chunk_0016_ast"", ""personal_data_protection_amendment_act_2020_d7cc5937b1_chunk_0017_ast"", ""personal_data_protection_amendment_act_2020_d7cc5937b1_chunk_0018_ast"", ""personal_data_protection_amendment_act_2020_d7cc5937b1_chunk_0019_ast"", ""personal_data_protection_amendment_act_2020_d7cc5937b1_chunk_0023_ast"", ""personal_data_protection_amendment_act_2020_d7cc5937b1_chunk_0024_ast"", ""personal_data_protection_amendment_act_2020_d7cc5937b1_chunk_0025_ast"", ""personal_data_protection_amendment_act_2020_d7cc5937b1_chunk_0028_ast"", ""personal_data_protection_amendment_act_2020_d7cc5937b1_chunk_0035_ast"", ""personal_data_protection_amendment_act_2020_d7cc5937b1_chunk_0036_ast"", ""personal_data_protection_amendment_act_2020_d7cc5937b1_chunk_0056_ast"", ""personal_data_protection_amendment_act_2020_d7cc5937b1_chunk_0057_ast"", ""personal_data_protection_amendment_act_2020_d7cc5937b1_chunk_0110_ast"", ""personal_data_protection_amendment_act_2020_d7cc5937b1_chunk_0111_ast"", ""personal_data_protection_amendment_act_2020_d7cc5937b1_chunk_0115_ast"", ""personal_data_protection_amendment_act_2020_d7cc5937b1_chunk_0116_ast"", ""personal_data_protection_amendment_act_2020_d7cc5937b1_chunk_0117_ast"", ""personal_data_protection_amendment_act_2020_d7cc5937b1_chunk_0118_ast"", ""personal_data_protection_amendment_act_2020_d7cc5937b1_chunk_0120_ast"", ""personal_data_protection_amendment_act_2020_d7cc5937b1_chunk_0128_ast"", ""personal_data_protection_amendment_act_2020_d7cc5937b1_chunk_0129_ast"", ""personal_data_protection_amendment_act_2020_d7cc5937b1_chunk_0130_ast"", ""personal_data_protection_amendment_act_2020_d7cc5937b1_chunk_0131_ast"", ""personal_data_protection_amendment_act_2020_d7cc5937b1_chunk_0133_ast"", ""personal_data_protection_amendment_act_2020_d7cc5937b1_chunk_0134_ast"", ""personal_data_protection_amendment_act_2020_d7cc5937b1_chunk_0135_ast"", ""personal_data_protection_amendment_act_2020_d7cc5937b1_chunk_0147_ast"", ""personal_data_protection_amendment_act_2020_d7cc5937b1_chunk_0148_ast"", ""personal_data_protection_amendment_act_2020_d7cc5937b1_chunk_0159_ast"", ""personal_data_protection_amendment_act_2020_d7cc5937b1_chunk_0163_ast"", ""personal_data_protection_act_2012_e857c5e9da_chunk_0019_ast"", ""personal_data_protection_act_2012_e857c5e9da_chunk_0020_ast"", ""personal_data_protection_act_2012_e857c5e9da_chunk_0030_ast"", ""personal_data_protection_act_2012_e857c5e9da_chunk_0031_ast"", ""personal_data_protection_act_2012_e857c5e9da_chunk_0032_ast"", ""personal_data_protection_act_2012_e857c5e9da_chunk_0033_ast"", ""personal_data_protection_act_2012_e857c5e9da_chunk_0034_ast"", ""personal_data_protection_act_2012_e857c5e9da_chunk_0035_ast"", ""personal_data_protection_act_2012_e857c5e9da_chunk_0037_ast"", ""personal_data_protection_act_2012_e857c5e9da_chunk_0038_ast"", ""personal_data_protection_act_2012_e857c5e9da_chunk_0039_ast"", ""personal_data_protection_act_2012_e857c5e9da_chunk_0040_ast"", ""personal_data_protection_act_2012_e857c5e9da_chunk_0041_ast"", ""personal_data_protection_act_2012_e857c5e9da_chunk_0043_ast"", ""personal_data_protection_act_2012_e857c5e9da_chunk_0044_ast"", ""personal_data_protection_act_2012_e857c5e9da_chunk_0045_ast"", ""personal_data_protection_act_2012_e857c5e9da_chunk_0047_ast"", ""personal_data_protection_act_2012_e857c5e9da_chunk_0052_ast"", ""personal_data_protection_act_2012_e857c5e9da_chunk_0054_ast"", ""personal_data_protection_act_2012_e857c5e9da_chunk_0056_ast"", ""personal_data_protection_act_2012_e857c5e9da_chunk_0059_ast"", ""personal_data_protection_act_2012_e857c5e9da_chunk_0090_ast"", ""personal_data_protection_act_2012_e857c5e9da_chunk_0091_ast"", ""personal_data_protection_act_2012_e857c5e9da_chunk_0093_ast"", ""personal_data_protection_act_2012_e857c5e9da_chunk_0130_ast"", ""personal_data_protection_act_2012_e857c5e9da_chunk_0157_ast"", ""personal_data_protection_act_2012_e857c5e9da_chunk_0158_ast"", ""personal_data_protection_act_2012_e857c5e9da_chunk_0159_ast"", ""personal_data_protection_act_2012_e857c5e9da_chunk_0161_ast"", ""personal_data_protection_act_2012_e857c5e9da_chunk_0162_ast"", ""personal_data_protection_act_2012_e857c5e9da_chunk_0163_ast"", ""personal_data_protection_act_2012_e857c5e9da_chunk_0164_ast"", ""personal_data_protection_act_2012_e857c5e9da_chunk_0166_ast"", ""personal_data_protection_act_2012_e857c5e9da_chunk_0175_ast"", ""personal_data_protection_act_2012_e857c5e9da_chunk_0176_ast"", ""personal_data_protection_act_2012_e857c5e9da_chunk_0177_ast"", ""personal_data_protection_act_2012_e857c5e9da_chunk_0178_ast"", ""personal_data_protection_act_2012_e857c5e9da_chunk_0180_ast"", ""personal_data_protection_act_2012_e857c5e9da_chunk_0181_ast"", ""personal_data_protection_act_2012_e857c5e9da_chunk_0182_ast""]",high,pending
synonym_3d667f9cf097,disclosure,data subject information,related_term,"[""entranslation_of_the_personal_data_protection_act_0_1c77b4099e_chunk_0003_ast"", ""entranslation_of_the_personal_data_protection_act_0_1c77b4099e_chunk_0004_ast"", ""entranslation_of_the_personal_data_protection_act_0_1c77b4099e_chunk_0006_ast"", ""entranslation_of_the_personal_data_protection_act_0_1c77b4099e_chunk_0008_ast"", ""entranslation_of_the_personal_data_protection_act_0_1c77b4099e_chunk_0021_ast"", ""entranslation_of_the_personal_data_protection_act_0_1c77b4099e_chunk_0022_ast"", ""entranslation_of_the_personal_data_protection_act_0_1c77b4099e_chunk_0023_ast"", ""entranslation_of_the_personal_data_protection_act_0_1c77b4099e_chunk_0025_ast"", ""entranslation_of_the_personal_data_protection_act_0_1c77b4099e_chunk_0026_ast"", ""entranslation_of_the_personal_data_protection_act_0_1c77b4099e_chunk_0031_ast"", ""entranslation_of_the_personal_data_protection_act_0_1c77b4099e_chunk_0032_ast"", ""entranslation_of_the_personal_data_protection_act_0_1c77b4099e_chunk_0037_ast"", ""entranslation_of_the_personal_data_protection_act_0_1c77b4099e_chunk_0038_ast"", ""entranslation_of_the_personal_data_protection_act_0_1c77b4099e_chunk_0042_ast"", ""entranslation_of_the_personal_data_protection_act_0_1c77b4099e_chunk_0044_ast"", ""entranslation_of_the_personal_data_protection_act_0_1c77b4099e_chunk_0045_ast"", ""entranslation_of_the_personal_data_protection_act_0_1c77b4099e_chunk_0046_ast"", ""entranslation_of_the_personal_data_protection_act_0_1c77b4099e_chunk_0048_ast"", ""entranslation_of_the_personal_data_protection_act_0_1c77b4099e_chunk_0053_ast"", ""entranslation_of_the_personal_data_protection_act_0_1c77b4099e_chunk_0055_ast"", ""entranslation_of_the_personal_data_protection_act_0_1c77b4099e_chunk_0056_ast"", ""entranslation_of_the_personal_data_protection_act_0_1c77b4099e_chunk_0057_ast"", ""entranslation_of_the_personal_data_protection_act_0_1c77b4099e_chunk_0058_ast"", ""entranslation_of_the_personal_data_protection_act_0_1c77b4099e_chunk_0059_ast"", ""entranslation_of_the_personal_data_protection_act_0_1c77b4099e_chunk_0060_ast"", ""entranslation_of_the_personal_data_protection_act_0_1c77b4099e_chunk_0061_ast"", ""entranslation_of_the_personal_data_protection_act_0_1c77b4099e_chunk_0062_ast"", ""entranslation_of_the_personal_data_protection_act_0_1c77b4099e_chunk_0063_ast"", ""entranslation_of_the_personal_data_protection_act_0_1c77b4099e_chunk_0064_ast"", ""entranslation_of_the_personal_data_protection_act_0_1c77b4099e_chunk_0105_ast"", ""entranslation_of_the_personal_data_protection_act_0_1c77b4099e_chunk_0116_ast"", ""entranslation_of_the_personal_data_protection_act_0_1c77b4099e_chunk_0117_ast"", ""personal_data_protection_amendment_act_2020_d7cc5937b1_chunk_0009_ast"", ""personal_data_protection_amendment_act_2020_d7cc5937b1_chunk_0010_ast"", ""personal_data_protection_amendment_act_2020_d7cc5937b1_chunk_0011_ast"", ""personal_data_protection_amendment_act_2020_d7cc5937b1_chunk_0012_ast"", ""personal_data_protection_amendment_act_2020_d7cc5937b1_chunk_0013_ast"", ""personal_data_protection_amendment_act_2020_d7cc5937b1_chunk_0014_ast"", ""personal_data_protection_amendment_act_2020_d7cc5937b1_chunk_0015_ast"", ""personal_data_protection_amendment_act_2020_d7cc5937b1_chunk_0016_ast"", ""personal_data_protection_amendment_act_2020_d7cc5937b1_chunk_0017_ast"", ""personal_data_protection_amendment_act_2020_d7cc5937b1_chunk_0018_ast"", ""personal_data_protection_amendment_act_2020_d7cc5937b1_chunk_0019_ast"", ""personal_data_protection_amendment_act_2020_d7cc5937b1_chunk_0022_ast"", ""personal_data_protection_amendment_act_2020_d7cc5937b1_chunk_0023_ast"", ""personal_data_protection_amendment_act_2020_d7cc5937b1_chunk_0024_ast"", ""personal_data_protection_amendment_act_2020_d7cc5937b1_chunk_0025_ast"", ""personal_data_protection_amendment_act_2020_d7cc5937b1_chunk_0029_ast"", ""personal_data_protection_amendment_act_2020_d7cc5937b1_chunk_0035_ast"", ""personal_data_protection_amendment_act_2020_d7cc5937b1_chunk_0036_ast"", ""personal_data_protection_amendment_act_2020_d7cc5937b1_chunk_0056_ast"", ""personal_data_protection_amendment_act_2020_d7cc5937b1_chunk_0057_ast"", ""personal_data_protection_amendment_act_2020_d7cc5937b1_chunk_0058_ast"", ""personal_data_protection_amendment_act_2020_d7cc5937b1_chunk_0059_ast"", ""personal_data_protection_amendment_act_2020_d7cc5937b1_chunk_0110_ast"", ""personal_data_protection_amendment_act_2020_d7cc5937b1_chunk_0111_ast"", ""personal_data_protection_amendment_act_2020_d7cc5937b1_chunk_0115_ast"", ""personal_data_protection_amendment_act_2020_d7cc5937b1_chunk_0116_ast"", ""personal_data_protection_amendment_act_2020_d7cc5937b1_chunk_0117_ast"", ""personal_data_protection_amendment_act_2020_d7cc5937b1_chunk_0118_ast"", ""personal_data_protection_amendment_act_2020_d7cc5937b1_chunk_0120_ast"", ""personal_data_protection_amendment_act_2020_d7cc5937b1_chunk_0128_ast"", ""personal_data_protection_amendment_act_2020_d7cc5937b1_chunk_0129_ast"", ""personal_data_protection_amendment_act_2020_d7cc5937b1_chunk_0130_ast"", ""personal_data_protection_amendment_act_2020_d7cc5937b1_chunk_0131_ast"", ""personal_data_protection_amendment_act_2020_d7cc5937b1_chunk_0133_ast"", ""personal_data_protection_amendment_act_2020_d7cc5937b1_chunk_0134_ast"", ""personal_data_protection_amendment_act_2020_d7cc5937b1_chunk_0135_ast"", ""personal_data_protection_amendment_act_2020_d7cc5937b1_chunk_0147_ast"", ""personal_data_protection_amendment_act_2020_d7cc5937b1_chunk_0148_ast"", ""personal_data_protection_act_2012_e857c5e9da_chunk_0002_ast"", ""personal_data_protection_act_2012_e857c5e9da_chunk_0005_ast"", ""personal_data_protection_act_2012_e857c5e9da_chunk_0007_ast"", ""personal_data_protection_act_2012_e857c5e9da_chunk_0008_ast"", ""personal_data_protection_act_2012_e857c5e9da_chunk_0019_ast"", ""personal_data_protection_act_2012_e857c5e9da_chunk_0020_ast"", ""personal_data_protection_act_2012_e857c5e9da_chunk_0030_ast"", ""personal_data_protection_act_2012_e857c5e9da_chunk_0031_ast"", ""personal_data_protection_act_2012_e857c5e9da_chunk_0032_ast"", ""personal_data_protection_act_2012_e857c5e9da_chunk_0033_ast""]",high,pending
synonym_af7e338a9d6c,disclosure,making available,synonym,"[""companies_act_1967_c8232023ef_chunk_0015_ast"", ""companies_act_1967_c8232023ef_chunk_0016_ast"", ""companies_act_1967_c8232023ef_chunk_0101_ast"", ""companies_act_1967_c8232023ef_chunk_0225_ast"", ""companies_act_1967_c8232023ef_chunk_0479_ast"", ""companies_act_1967_c8232023ef_chunk_0490_ast"", ""companies_act_1967_c8232023ef_chunk_0526_ast"", ""companies_act_1967_c8232023ef_chunk_0528_ast"", ""companies_act_1967_c8232023ef_chunk_0533_ast"", ""companies_act_1967_c8232023ef_chunk_0539_ast"", ""companies_act_1967_c8232023ef_chunk_0846_ast"", ""companies_act_1967_c8232023ef_chunk_1020_ast"", ""companies_act_1967_c8232023ef_chunk_1083_ast"", ""companies_act_1967_c8232023ef_chunk_1085_ast"", ""entranslation_of_the_personal_data_protection_act_0_1c77b4099e_chunk_0003_ast"", ""entranslation_of_the_personal_data_protection_act_0_1c77b4099e_chunk_0004_ast"", ""entranslation_of_the_personal_data_protection_act_0_1c77b4099e_chunk_0006_ast"", ""entranslation_of_the_personal_data_protection_act_0_1c77b4099e_chunk_0008_ast"", ""entranslation_of_the_personal_data_protection_act_0_1c77b4099e_chunk_0021_ast"", ""entranslation_of_the_personal_data_protection_act_0_1c77b4099e_chunk_0022_ast"", ""entranslation_of_the_personal_data_protection_act_0_1c77b4099e_chunk_0023_ast"", ""entranslation_of_the_personal_data_protection_act_0_1c77b4099e_chunk_0025_ast"", ""entranslation_of_the_personal_data_protection_act_0_1c77b4099e_chunk_0026_ast"", ""entranslation_of_the_personal_data_protection_act_0_1c77b4099e_chunk_0031_ast"", ""entranslation_of_the_personal_data_protection_act_0_1c77b4099e_chunk_0032_ast"", ""entranslation_of_the_personal_data_protection_act_0_1c77b4099e_chunk_0037_ast"", ""entranslation_of_the_personal_data_protection_act_0_1c77b4099e_chunk_0038_ast"", ""entranslation_of_the_personal_data_protection_act_0_1c77b4099e_chunk_0042_ast"", ""entranslation_of_the_personal_data_protection_act_0_1c77b4099e_chunk_0044_ast"", ""entranslation_of_the_personal_data_protection_act_0_1c77b4099e_chunk_0045_ast"", ""entranslation_of_the_personal_data_protection_act_0_1c77b4099e_chunk_0046_ast"", ""entranslation_of_the_personal_data_protection_act_0_1c77b4099e_chunk_0048_ast"", ""entranslation_of_the_personal_data_protection_act_0_1c77b4099e_chunk_0053_ast"", ""entranslation_of_the_personal_data_protection_act_0_1c77b4099e_chunk_0055_ast"", ""entranslation_of_the_personal_data_protection_act_0_1c77b4099e_chunk_0056_ast"", ""entranslation_of_the_personal_data_protection_act_0_1c77b4099e_chunk_0057_ast"", ""entranslation_of_the_personal_data_protection_act_0_1c77b4099e_chunk_0058_ast"", ""entranslation_of_the_personal_data_protection_act_0_1c77b4099e_chunk_0059_ast"", ""entranslation_of_the_personal_data_protection_act_0_1c77b4099e_chunk_0060_ast"", ""entranslation_of_the_personal_data_protection_act_0_1c77b4099e_chunk_0061_ast"", ""entranslation_of_the_personal_data_protection_act_0_1c77b4099e_chunk_0062_ast"", ""entranslation_of_the_personal_data_protection_act_0_1c77b4099e_chunk_0063_ast"", ""entranslation_of_the_personal_data_protection_act_0_1c77b4099e_chunk_0064_ast"", ""entranslation_of_the_personal_data_protection_act_0_1c77b4099e_chunk_0105_ast"", ""entranslation_of_the_personal_data_protection_act_0_1c77b4099e_chunk_0116_ast"", ""entranslation_of_the_personal_data_protection_act_0_1c77b4099e_chunk_0117_ast"", ""personal_data_protection_amendment_act_2020_d7cc5937b1_chunk_0009_ast"", ""personal_data_protection_amendment_act_2020_d7cc5937b1_chunk_0010_ast"", ""personal_data_protection_amendment_act_2020_d7cc5937b1_chunk_0011_ast"", ""personal_data_protection_amendment_act_2020_d7cc5937b1_chunk_0012_ast"", ""personal_data_protection_amendment_act_2020_d7cc5937b1_chunk_0013_ast"", ""personal_data_protection_amendment_act_2020_d7cc5937b1_chunk_0014_ast"", ""personal_data_protection_amendment_act_2020_d7cc5937b1_chunk_0015_ast"", ""personal_data_protection_amendment_act_2020_d7cc5937b1_chunk_0016_ast"", ""personal_data_protection_amendment_act_2020_d7cc5937b1_chunk_0017_ast"", ""personal_data_protection_amendment_act_2020_d7cc5937b1_chunk_0018_ast"", ""personal_data_protection_amendment_act_2020_d7cc5937b1_chunk_0019_ast"", ""personal_data_protection_amendment_act_2020_d7cc5937b1_chunk_0022_ast"", ""personal_data_protection_amendment_act_2020_d7cc5937b1_chunk_0023_ast"", ""personal_data_protection_amendment_act_2020_d7cc5937b1_chunk_0024_ast"", ""personal_data_protection_amendment_act_2020_d7cc5937b1_chunk_0025_ast"", ""personal_data_protection_amendment_act_2020_d7cc5937b1_chunk_0028_ast"", ""personal_data_protection_amendment_act_2020_d7cc5937b1_chunk_0029_ast"", ""personal_data_protection_amendment_act_2020_d7cc5937b1_chunk_0035_ast"", ""personal_data_protection_amendment_act_2020_d7cc5937b1_chunk_0036_ast"", ""personal_data_protection_amendment_act_2020_d7cc5937b1_chunk_0037_ast"", ""personal_data_protection_amendment_act_2020_d7cc5937b1_chunk_0056_ast"", ""personal_data_protection_amendment_act_2020_d7cc5937b1_chunk_0057_ast"", ""personal_data_protection_amendment_act_2020_d7cc5937b1_chunk_0058_ast"", ""personal_data_protection_amendment_act_2020_d7cc5937b1_chunk_0059_ast"", ""personal_data_protection_amendment_act_2020_d7cc5937b1_chunk_0109_ast"", ""personal_data_protection_amendment_act_2020_d7cc5937b1_chunk_0110_ast"", ""personal_data_protection_amendment_act_2020_d7cc5937b1_chunk_0111_ast"", ""personal_data_protection_amendment_act_2020_d7cc5937b1_chunk_0115_ast"", ""personal_data_protection_amendment_act_2020_d7cc5937b1_chunk_0116_ast"", ""personal_data_protection_amendment_act_2020_d7cc5937b1_chunk_0117_ast"", ""personal_data_protection_amendment_act_2020_d7cc5937b1_chunk_0118_ast"", ""personal_data_protection_amendment_act_2020_d7cc5937b1_chunk_0120_ast"", ""personal_data_protection_amendment_act_2020_d7cc5937b1_chunk_0128_ast"", ""personal_data_protection_amendment_act_2020_d7cc5937b1_chunk_0129_ast""]",high,pending
synonym_e0f60b6462aa,disclosure,network security,related_term,"[""entranslation_of_the_personal_data_protection_act_0_1c77b4099e_chunk_0004_ast""]",high,pending
synonym_c0c47e0dfdf1,disclosure,organization,related_term,"[""personal_data_protection_amendment_act_2020_d7cc5937b1_chunk_0009_ast"", ""personal_data_protection_amendment_act_2020_d7cc5937b1_chunk_0010_ast"", ""personal_data_protection_amendment_act_2020_d7cc5937b1_chunk_0011_ast"", ""personal_data_protection_amendment_act_2020_d7cc5937b1_chunk_0012_ast"", ""personal_data_protection_amendment_act_2020_d7cc5937b1_chunk_0013_ast"", ""personal_data_protection_amendment_act_2020_d7cc5937b1_chunk_0014_ast"", ""personal_data_protection_amendment_act_2020_d7cc5937b1_chunk_0015_ast"", ""personal_data_protection_amendment_act_2020_d7cc5937b1_chunk_0016_ast"", ""personal_data_protection_amendment_act_2020_d7cc5937b1_chunk_0017_ast"", ""personal_data_protection_amendment_act_2020_d7cc5937b1_chunk_0018_ast"", ""personal_data_protection_amendment_act_2020_d7cc5937b1_chunk_0019_ast"", ""personal_data_protection_amendment_act_2020_d7cc5937b1_chunk_0022_ast"", ""personal_data_protection_amendment_act_2020_d7cc5937b1_chunk_0025_ast"", ""personal_data_protection_amendment_act_2020_d7cc5937b1_chunk_0028_ast"", ""personal_data_protection_amendment_act_2020_d7cc5937b1_chunk_0029_ast"", ""personal_data_protection_amendment_act_2020_d7cc5937b1_chunk_0035_ast"", ""personal_data_protection_amendment_act_2020_d7cc5937b1_chunk_0036_ast"", ""personal_data_protection_amendment_act_2020_d7cc5937b1_chunk_0037_ast"", ""personal_data_protection_amendment_act_2020_d7cc5937b1_chunk_0057_ast"", ""personal_data_protection_amendment_act_2020_d7cc5937b1_chunk_0058_ast"", ""personal_data_protection_amendment_act_2020_d7cc5937b1_chunk_0059_ast"", ""personal_data_protection_amendment_act_2020_d7cc5937b1_chunk_0110_ast"", ""personal_data_protection_amendment_act_2020_d7cc5937b1_chunk_0115_ast"", ""personal_data_protection_amendment_act_2020_d7cc5937b1_chunk_0116_ast"", ""personal_data_protection_amendment_act_2020_d7cc5937b1_chunk_0117_ast"", ""personal_data_protection_amendment_act_2020_d7cc5937b1_chunk_0118_ast"", ""personal_data_protection_amendment_act_2020_d7cc5937b1_chunk_0120_ast"", ""personal_data_protection_amendment_act_2020_d7cc5937b1_chunk_0131_ast"", ""personal_data_protection_amendment_act_2020_d7cc5937b1_chunk_0133_ast"", ""personal_data_protection_amendment_act_2020_d7cc5937b1_chunk_0135_ast"", ""personal_data_protection_act_2012_e857c5e9da_chunk_0008_ast"", ""personal_data_protection_act_2012_e857c5e9da_chunk_0019_ast"", ""personal_data_protection_act_2012_e857c5e9da_chunk_0020_ast"", ""personal_data_protection_act_2012_e857c5e9da_chunk_0030_ast"", ""personal_data_protection_act_2012_e857c5e9da_chunk_0031_ast"", ""personal_data_protection_act_2012_e857c5e9da_chunk_0032_ast"", ""personal_data_protection_act_2012_e857c5e9da_chunk_0033_ast"", ""personal_data_protection_act_2012_e857c5e9da_chunk_0034_ast"", ""personal_data_protection_act_2012_e857c5e9da_chunk_0035_ast"", ""personal_data_protection_act_2012_e857c5e9da_chunk_0037_ast"", ""personal_data_protection_act_2012_e857c5e9da_chunk_0038_ast"", ""personal_data_protection_act_2012_e857c5e9da_chunk_0039_ast"", ""personal_data_protection_act_2012_e857c5e9da_chunk_0040_ast"", ""personal_data_protection_act_2012_e857c5e9da_chunk_0041_ast"", ""personal_data_protection_act_2012_e857c5e9da_chunk_0043_ast"", ""personal_data_protection_act_2012_e857c5e9da_chunk_0044_ast"", ""personal_data_protection_act_2012_e857c5e9da_chunk_0045_ast"", ""personal_data_protection_act_2012_e857c5e9da_chunk_0047_ast"", ""personal_data_protection_act_2012_e857c5e9da_chunk_0052_ast"", ""personal_data_protection_act_2012_e857c5e9da_chunk_0056_ast"", ""personal_data_protection_act_2012_e857c5e9da_chunk_0059_ast"", ""personal_data_protection_act_2012_e857c5e9da_chunk_0060_ast"", ""personal_data_protection_act_2012_e857c5e9da_chunk_0091_ast"", ""personal_data_protection_act_2012_e857c5e9da_chunk_0092_ast"", ""personal_data_protection_act_2012_e857c5e9da_chunk_0093_ast"", ""personal_data_protection_act_2012_e857c5e9da_chunk_0130_ast"", ""personal_data_protection_act_2012_e857c5e9da_chunk_0157_ast"", ""personal_data_protection_act_2012_e857c5e9da_chunk_0159_ast"", ""personal_data_protection_act_2012_e857c5e9da_chunk_0161_ast"", ""personal_data_protection_act_2012_e857c5e9da_chunk_0162_ast"", ""personal_data_protection_act_2012_e857c5e9da_chunk_0163_ast"", ""personal_data_protection_act_2012_e857c5e9da_chunk_0164_ast"", ""personal_data_protection_act_2012_e857c5e9da_chunk_0166_ast"", ""personal_data_protection_act_2012_e857c5e9da_chunk_0177_ast"", ""personal_data_protection_act_2012_e857c5e9da_chunk_0178_ast"", ""personal_data_protection_act_2012_e857c5e9da_chunk_0180_ast"", ""personal_data_protection_act_2012_e857c5e9da_chunk_0182_ast""]",high,pending
synonym_00ace04b3786,disclosure,permission,related_term,"[""companies_act_1967_c8232023ef_chunk_0101_ast"", ""entranslation_of_the_personal_data_protection_act_0_1c77b4099e_chunk_0021_ast"", ""entranslation_of_the_personal_data_protection_act_0_1c77b4099e_chunk_0022_ast"", ""entranslation_of_the_personal_data_protection_act_0_1c77b4099e_chunk_0023_ast"", ""entranslation_of_the_personal_data_protection_act_0_1c77b4099e_chunk_0025_ast"", ""entranslation_of_the_personal_data_protection_act_0_1c77b4099e_chunk_0026_ast"", ""entranslation_of_the_personal_data_protection_act_0_1c77b4099e_chunk_0031_ast"", ""entranslation_of_the_personal_data_protection_act_0_1c77b4099e_chunk_0037_ast"", ""entranslation_of_the_personal_data_protection_act_0_1c77b4099e_chunk_0038_ast"", ""entranslation_of_the_personal_data_protection_act_0_1c77b4099e_chunk_0042_ast"", ""entranslation_of_the_personal_data_protection_act_0_1c77b4099e_chunk_0044_ast"", ""entranslation_of_the_personal_data_protection_act_0_1c77b4099e_chunk_0046_ast"", ""entranslation_of_the_personal_data_protection_act_0_1c77b4099e_chunk_0048_ast"", ""entranslation_of_the_personal_data_protection_act_0_1c77b4099e_chunk_0053_ast"", ""entranslation_of_the_personal_data_protection_act_0_1c77b4099e_chunk_0105_ast"", ""entranslation_of_the_personal_data_protection_act_0_1c77b4099e_chunk_0116_ast"", ""personal_data_protection_amendment_act_2020_d7cc5937b1_chunk_0009_ast"", ""personal_data_protection_amendment_act_2020_d7cc5937b1_chunk_0010_ast"", ""personal_data_protection_amendment_act_2020_d7cc5937b1_chunk_0012_ast"", ""personal_data_protection_amendment_act_2020_d7cc5937b1_chunk_0013_ast"", ""personal_data_protection_amendment_act_2020_d7cc5937b1_chunk_0014_ast"", ""personal_data_protection_amendment_act_2020_d7cc5937b1_chunk_0015_ast"", ""personal_data_protection_amendment_act_2020_d7cc5937b1_chunk_0016_ast"", ""personal_data_protection_amendment_act_2020_d7cc5937b1_chunk_0036_ast"", ""personal_data_protection_amendment_act_2020_d7cc5937b1_chunk_0110_ast"", ""personal_data_protection_amendment_act_2020_d7cc5937b1_chunk_0111_ast"", ""personal_data_protection_amendment_act_2020_d7cc5937b1_chunk_0130_ast"", ""personal_data_protection_amendment_act_2020_d7cc5937b1_chunk_0133_ast"", ""personal_data_protection_amendment_act_2020_d7cc5937b1_chunk_0135_ast"", ""personal_data_protection_act_2012_e857c5e9da_chunk_0002_ast"", ""personal_data_protection_act_2012_e857c5e9da_chunk_0007_ast"", ""personal_data_protection_act_2012_e857c5e9da_chunk_0030_ast"", ""personal_data_protection_act_2012_e857c5e9da_chunk_0031_ast"", ""personal_data_protection_act_2012_e857c5e9da_chunk_0032_ast"", ""personal_data_protection_act_2012_e857c5e9da_chunk_0033_ast"", ""personal_data_protection_act_2012_e857c5e9da_chunk_0035_ast"", ""personal_data_protection_act_2012_e857c5e9da_chunk_0037_ast"", ""personal_data_protection_act_2012_e857c5e9da_chunk_0038_ast"", ""personal_data_protection_act_2012_e857c5e9da_chunk_0039_ast"", ""personal_data_protection_act_2012_e857c5e9da_chunk_0040_ast"", ""personal_data_protection_act_2012_e857c5e9da_chunk_0041_ast"", ""personal_data_protection_act_2012_e857c5e9da_chunk_0043_ast"", ""personal_data_protection_act_2012_e857c5e9da_chunk_0044_ast"", ""personal_data_protection_act_2012_e857c5e9da_chunk_0047_ast"", ""personal_data_protection_act_2012_e857c5e9da_chunk_0157_ast"", ""personal_data_protection_act_2012_e857c5e9da_chunk_0158_ast"", ""personal_data_protection_act_2012_e857c5e9da_chunk_0177_ast"", ""personal_data_protection_act_2012_e857c5e9da_chunk_0180_ast"", ""personal_data_protection_act_2012_e857c5e9da_chunk_0182_ast""]",high,pending
synonym_6101b49aab66,disclosure,person,related_term,"[""companies_act_1967_c8232023ef_chunk_0015_ast"", ""companies_act_1967_c8232023ef_chunk_1085_ast"", ""personal_data_protection_amendment_act_2020_d7cc5937b1_chunk_0009_ast"", ""personal_data_protection_amendment_act_2020_d7cc5937b1_chunk_0010_ast"", ""personal_data_protection_amendment_act_2020_d7cc5937b1_chunk_0011_ast"", ""personal_data_protection_amendment_act_2020_d7cc5937b1_chunk_0012_ast"", ""personal_data_protection_amendment_act_2020_d7cc5937b1_chunk_0013_ast"", ""personal_data_protection_amendment_act_2020_d7cc5937b1_chunk_0014_ast"", ""personal_data_protection_amendment_act_2020_d7cc5937b1_chunk_0015_ast"", ""personal_data_protection_amendment_act_2020_d7cc5937b1_chunk_0016_ast"", ""personal_data_protection_amendment_act_2020_d7cc5937b1_chunk_0017_ast"", ""personal_data_protection_amendment_act_2020_d7cc5937b1_chunk_0018_ast"", ""personal_data_protection_amendment_act_2020_d7cc5937b1_chunk_0019_ast"", ""personal_data_protection_amendment_act_2020_d7cc5937b1_chunk_0023_ast"", ""personal_data_protection_amendment_act_2020_d7cc5937b1_chunk_0024_ast"", ""personal_data_protection_amendment_act_2020_d7cc5937b1_chunk_0025_ast"", ""personal_data_protection_amendment_act_2020_d7cc5937b1_chunk_0028_ast"", ""personal_data_protection_amendment_act_2020_d7cc5937b1_chunk_0035_ast"", ""personal_data_protection_amendment_act_2020_d7cc5937b1_chunk_0036_ast"", ""personal_data_protection_amendment_act_2020_d7cc5937b1_chunk_0056_ast"", ""personal_data_protection_amendment_act_2020_d7cc5937b1_chunk_0057_ast"", ""personal_data_protection_amendment_act_2020_d7cc5937b1_chunk_0110_ast"", ""personal_data_protection_amendment_act_2020_d7cc5937b1_chunk_0111_ast"", ""personal_data_protection_amendment_act_2020_d7cc5937b1_chunk_0115_ast"", ""personal_data_protection_amendment_act_2020_d7cc5937b1_chunk_0116_ast"", ""personal_data_protection_amendment_act_2020_d7cc5937b1_chunk_0117_ast"", ""personal_data_protection_amendment_act_2020_d7cc5937b1_chunk_0118_ast"", ""personal_data_protection_amendment_act_2020_d7cc5937b1_chunk_0120_ast"", ""personal_data_protection_amendment_act_2020_d7cc5937b1_chunk_0128_ast"", ""personal_data_protection_amendment_act_2020_d7cc5937b1_chunk_0129_ast"", ""personal_data_protection_amendment_act_2020_d7cc5937b1_chunk_0130_ast"", ""personal_data_protection_amendment_act_2020_d7cc5937b1_chunk_0131_ast"", ""personal_data_protection_amendment_act_2020_d7cc5937b1_chunk_0133_ast"", ""personal_data_protection_amendment_act_2020_d7cc5937b1_chunk_0134_ast"", ""personal_data_protection_amendment_act_2020_d7cc5937b1_chunk_0135_ast"", ""personal_data_protection_amendment_act_2020_d7cc5937b1_chunk_0147_ast"", ""personal_data_protection_amendment_act_2020_d7cc5937b1_chunk_0148_ast"", ""personal_data_protection_amendment_act_2020_d7cc5937b1_chunk_0159_ast"", ""personal_data_protection_amendment_act_2020_d7cc5937b1_chunk_0163_ast"", ""personal_data_protection_act_2012_e857c5e9da_chunk_0019_ast"", ""personal_data_protection_act_2012_e857c5e9da_chunk_0020_ast"", ""personal_data_protection_act_2012_e857c5e9da_chunk_0030_ast"", ""personal_data_protection_act_2012_e857c5e9da_chunk_0031_ast"", ""personal_data_protection_act_2012_e857c5e9da_chunk_0032_ast"", ""personal_data_protection_act_2012_e857c5e9da_chunk_0033_ast"", ""personal_data_protection_act_2012_e857c5e9da_chunk_0034_ast"", ""personal_data_protection_act_2012_e857c5e9da_chunk_0035_ast"", ""personal_data_protection_act_2012_e857c5e9da_chunk_0037_ast"", ""personal_data_protection_act_2012_e857c5e9da_chunk_0038_ast"", ""personal_data_protection_act_2012_e857c5e9da_chunk_0039_ast"", ""personal_data_protection_act_2012_e857c5e9da_chunk_0040_ast"", ""personal_data_protection_act_2012_e857c5e9da_chunk_0041_ast"", ""personal_data_protection_act_2012_e857c5e9da_chunk_0043_ast"", ""personal_data_protection_act_2012_e857c5e9da_chunk_0044_ast"", ""personal_data_protection_act_2012_e857c5e9da_chunk_0045_ast"", ""personal_data_protection_act_2012_e857c5e9da_chunk_0047_ast"", ""personal_data_protection_act_2012_e857c5e9da_chunk_0052_ast"", ""personal_data_protection_act_2012_e857c5e9da_chunk_0054_ast"", ""personal_data_protection_act_2012_e857c5e9da_chunk_0056_ast"", ""personal_data_protection_act_2012_e857c5e9da_chunk_0059_ast"", ""personal_data_protection_act_2012_e857c5e9da_chunk_0090_ast"", ""personal_data_protection_act_2012_e857c5e9da_chunk_0091_ast"", ""personal_data_protection_act_2012_e857c5e9da_chunk_0093_ast"", ""personal_data_protection_act_2012_e857c5e9da_chunk_0130_ast"", ""personal_data_protection_act_2012_e857c5e9da_chunk_0157_ast"", ""personal_data_protection_act_2012_e857c5e9da_chunk_0158_ast"", ""personal_data_protection_act_2012_e857c5e9da_chunk_0159_ast"", ""personal_data_protection_act_2012_e857c5e9da_chunk_0161_ast"", ""personal_data_protection_act_2012_e857c5e9da_chunk_0162_ast"", ""personal_data_protection_act_2012_e857c5e9da_chunk_0163_ast"", ""personal_data_protection_act_2012_e857c5e9da_chunk_0164_ast"", ""personal_data_protection_act_2012_e857c5e9da_chunk_0166_ast"", ""personal_data_protection_act_2012_e857c5e9da_chunk_0175_ast"", ""personal_data_protection_act_2012_e857c5e9da_chunk_0176_ast"", ""personal_data_protection_act_2012_e857c5e9da_chunk_0177_ast"", ""personal_data_protection_act_2012_e857c5e9da_chunk_0178_ast"", ""personal_data_protection_act_2012_e857c5e9da_chunk_0180_ast"", ""personal_data_protection_act_2012_e857c5e9da_chunk_0181_ast"", ""personal_data_protection_act_2012_e857c5e9da_chunk_0182_ast""]",high,pending
synonym_bfd6c2add44c,disclosure,personal information,related_term,"[""entranslation_of_the_personal_data_protection_act_0_1c77b4099e_chunk_0003_ast"", ""entranslation_of_the_personal_data_protection_act_0_1c77b4099e_chunk_0004_ast"", ""entranslation_of_the_personal_data_protection_act_0_1c77b4099e_chunk_0006_ast"", ""entranslation_of_the_personal_data_protection_act_0_1c77b4099e_chunk_0008_ast"", ""entranslation_of_the_personal_data_protection_act_0_1c77b4099e_chunk_0021_ast"", ""entranslation_of_the_personal_data_protection_act_0_1c77b4099e_chunk_0022_ast"", ""entranslation_of_the_personal_data_protection_act_0_1c77b4099e_chunk_0023_ast"", ""entranslation_of_the_personal_data_protection_act_0_1c77b4099e_chunk_0025_ast"", ""entranslation_of_the_personal_data_protection_act_0_1c77b4099e_chunk_0026_ast"", ""entranslation_of_the_personal_data_protection_act_0_1c77b4099e_chunk_0031_ast"", ""entranslation_of_the_personal_data_protection_act_0_1c77b4099e_chunk_0032_ast"", ""entranslation_of_the_personal_data_protection_act_0_1c77b4099e_chunk_0037_ast"", ""entranslation_of_the_personal_data_protection_act_0_1c77b4099e_chunk_0038_ast"", ""entranslation_of_the_personal_data_protection_act_0_1c77b4099e_chunk_0042_ast"", ""entranslation_of_the_personal_data_protection_act_0_1c77b4099e_chunk_0044_ast"", ""entranslation_of_the_personal_data_protection_act_0_1c77b4099e_chunk_0045_ast"", ""entranslation_of_the_personal_data_protection_act_0_1c77b4099e_chunk_0046_ast"", ""entranslation_of_the_personal_data_protection_act_0_1c77b4099e_chunk_0048_ast"", ""entranslation_of_the_personal_data_protection_act_0_1c77b4099e_chunk_0053_ast"", ""entranslation_of_the_personal_data_protection_act_0_1c77b4099e_chunk_0055_ast"", ""entranslation_of_the_personal_data_protection_act_0_1c77b4099e_chunk_0056_ast"", ""entranslation_of_the_personal_data_protection_act_0_1c77b4099e_chunk_0057_ast"", ""entranslation_of_the_personal_data_protection_act_0_1c77b4099e_chunk_0058_ast"", ""entranslation_of_the_personal_data_protection_act_0_1c77b4099e_chunk_0059_ast"", ""entranslation_of_the_personal_data_protection_act_0_1c77b4099e_chunk_0060_ast"", ""entranslation_of_the_personal_data_protection_act_0_1c77b4099e_chunk_0061_ast"", ""entranslation_of_the_personal_data_protection_act_0_1c77b4099e_chunk_0062_ast"", ""entranslation_of_the_personal_data_protection_act_0_1c77b4099e_chunk_0063_ast"", ""entranslation_of_the_personal_data_protection_act_0_1c77b4099e_chunk_0064_ast"", ""entranslation_of_the_personal_data_protection_act_0_1c77b4099e_chunk_0105_ast"", ""entranslation_of_the_personal_data_protection_act_0_1c77b4099e_chunk_0116_ast"", ""entranslation_of_the_personal_data_protection_act_0_1c77b4099e_chunk_0117_ast"", ""personal_data_protection_amendment_act_2020_d7cc5937b1_chunk_0009_ast"", ""personal_data_protection_amendment_act_2020_d7cc5937b1_chunk_0010_ast"", ""personal_data_protection_amendment_act_2020_d7cc5937b1_chunk_0011_ast"", ""personal_data_protection_amendment_act_2020_d7cc5937b1_chunk_0012_ast"", ""personal_data_protection_amendment_act_2020_d7cc5937b1_chunk_0013_ast"", ""personal_data_protection_amendment_act_2020_d7cc5937b1_chunk_0014_ast"", ""personal_data_protection_amendment_act_2020_d7cc5937b1_chunk_0015_ast"", ""personal_data_protection_amendment_act_2020_d7cc5937b1_chunk_0016_ast"", ""personal_data_protection_amendment_act_2020_d7cc5937b1_chunk_0017_ast"", ""personal_data_protection_amendment_act_2020_d7cc5937b1_chunk_0018_ast"", ""personal_data_protection_amendment_act_2020_d7cc5937b1_chunk_0019_ast"", ""personal_data_protection_amendment_act_2020_d7cc5937b1_chunk_0022_ast"", ""personal_data_protection_amendment_act_2020_d7cc5937b1_chunk_0023_ast"", ""personal_data_protection_amendment_act_2020_d7cc5937b1_chunk_0024_ast"", ""personal_data_protection_amendment_act_2020_d7cc5937b1_chunk_0025_ast"", ""personal_data_protection_amendment_act_2020_d7cc5937b1_chunk_0029_ast"", ""personal_data_protection_amendment_act_2020_d7cc5937b1_chunk_0035_ast"", ""personal_data_protection_amendment_act_2020_d7cc5937b1_chunk_0036_ast"", ""personal_data_protection_amendment_act_2020_d7cc5937b1_chunk_0056_ast"", ""personal_data_protection_amendment_act_2020_d7cc5937b1_chunk_0057_ast"", ""personal_data_protection_amendment_act_2020_d7cc5937b1_chunk_0058_ast"", ""personal_data_protection_amendment_act_2020_d7cc5937b1_chunk_0059_ast"", ""personal_data_protection_amendment_act_2020_d7cc5937b1_chunk_0110_ast"", ""personal_data_protection_amendment_act_2020_d7cc5937b1_chunk_0111_ast"", ""personal_data_protection_amendment_act_2020_d7cc5937b1_chunk_0115_ast"", ""personal_data_protection_amendment_act_2020_d7cc5937b1_chunk_0116_ast"", ""personal_data_protection_amendment_act_2020_d7cc5937b1_chunk_0117_ast"", ""personal_data_protection_amendment_act_2020_d7cc5937b1_chunk_0118_ast"", ""personal_data_protection_amendment_act_2020_d7cc5937b1_chunk_0120_ast"", ""personal_data_protection_amendment_act_2020_d7cc5937b1_chunk_0128_ast"", ""personal_data_protection_amendment_act_2020_d7cc5937b1_chunk_0129_ast"", ""personal_data_protection_amendment_act_2020_d7cc5937b1_chunk_0130_ast"", ""personal_data_protection_amendment_act_2020_d7cc5937b1_chunk_0131_ast"", ""personal_data_protection_amendment_act_2020_d7cc5937b1_chunk_0133_ast"", ""personal_data_protection_amendment_act_2020_d7cc5937b1_chunk_0134_ast"", ""personal_data_protection_amendment_act_2020_d7cc5937b1_chunk_0135_ast"", ""personal_data_protection_amendment_act_2020_d7cc5937b1_chunk_0147_ast"", ""personal_data_protection_amendment_act_2020_d7cc5937b1_chunk_0148_ast"", ""personal_data_protection_act_2012_e857c5e9da_chunk_0002_ast"", ""personal_data_protection_act_2012_e857c5e9da_chunk_0005_ast"", ""personal_data_protection_act_2012_e857c5e9da_chunk_0007_ast"", ""personal_data_protection_act_2012_e857c5e9da_chunk_0008_ast"", ""personal_data_protection_act_2012_e857c5e9da_chunk_0019_ast"", ""personal_data_protection_act_2012_e857c5e9da_chunk_0020_ast"", ""personal_data_protection_act_2012_e857c5e9da_chunk_0030_ast"", ""personal_data_protection_act_2012_e857c5e9da_chunk_0031_ast"", ""personal_data_protection_act_2012_e857c5e9da_chunk_0032_ast"", ""personal_data_protection_act_2012_e857c5e9da_chunk_0033_ast""]",high,pending
synonym_9cc79e6d9bd1,disclosure,provision,synonym,"[""companies_act_1967_c8232023ef_chunk_0015_ast"", ""companies_act_1967_c8232023ef_chunk_0016_ast"", ""companies_act_1967_c8232023ef_chunk_0101_ast"", ""companies_act_1967_c8232023ef_chunk_0225_ast"", ""companies_act_1967_c8232023ef_chunk_0479_ast"", ""companies_act_1967_c8232023ef_chunk_0490_ast"", ""companies_act_1967_c8232023ef_chunk_0526_ast"", ""companies_act_1967_c8232023ef_chunk_0528_ast"", ""companies_act_1967_c8232023ef_chunk_0533_ast"", ""companies_act_1967_c8232023ef_chunk_0539_ast"", ""companies_act_1967_c8232023ef_chunk_0846_ast"", ""companies_act_1967_c8232023ef_chunk_1020_ast"", ""companies_act_1967_c8232023ef_chunk_1083_ast"", ""companies_act_1967_c8232023ef_chunk_1085_ast"", ""entranslation_of_the_personal_data_protection_act_0_1c77b4099e_chunk_0003_ast"", ""entranslation_of_the_personal_data_protection_act_0_1c77b4099e_chunk_0004_ast"", ""entranslation_of_the_personal_data_protection_act_0_1c77b4099e_chunk_0006_ast"", ""entranslation_of_the_personal_data_protection_act_0_1c77b4099e_chunk_0008_ast"", ""entranslation_of_the_personal_data_protection_act_0_1c77b4099e_chunk_0021_ast"", ""entranslation_of_the_personal_data_protection_act_0_1c77b4099e_chunk_0022_ast"", ""entranslation_of_the_personal_data_protection_act_0_1c77b4099e_chunk_0023_ast"", ""entranslation_of_the_personal_data_protection_act_0_1c77b4099e_chunk_0025_ast"", ""entranslation_of_the_personal_data_protection_act_0_1c77b4099e_chunk_0026_ast"", ""entranslation_of_the_personal_data_protection_act_0_1c77b4099e_chunk_0031_ast"", ""entranslation_of_the_personal_data_protection_act_0_1c77b4099e_chunk_0032_ast"", ""entranslation_of_the_personal_data_protection_act_0_1c77b4099e_chunk_0037_ast"", ""entranslation_of_the_personal_data_protection_act_0_1c77b4099e_chunk_0038_ast"", ""entranslation_of_the_personal_data_protection_act_0_1c77b4099e_chunk_0042_ast"", ""entranslation_of_the_personal_data_protection_act_0_1c77b4099e_chunk_0044_ast"", ""entranslation_of_the_personal_data_protection_act_0_1c77b4099e_chunk_0045_ast"", ""entranslation_of_the_personal_data_protection_act_0_1c77b4099e_chunk_0046_ast"", ""entranslation_of_the_personal_data_protection_act_0_1c77b4099e_chunk_0048_ast"", ""entranslation_of_the_personal_data_protection_act_0_1c77b4099e_chunk_0053_ast"", ""entranslation_of_the_personal_data_protection_act_0_1c77b4099e_chunk_0055_ast"", ""entranslation_of_the_personal_data_protection_act_0_1c77b4099e_chunk_0056_ast"", ""entranslation_of_the_personal_data_protection_act_0_1c77b4099e_chunk_0057_ast"", ""entranslation_of_the_personal_data_protection_act_0_1c77b4099e_chunk_0058_ast"", ""entranslation_of_the_personal_data_protection_act_0_1c77b4099e_chunk_0059_ast"", ""entranslation_of_the_personal_data_protection_act_0_1c77b4099e_chunk_0060_ast"", ""entranslation_of_the_personal_data_protection_act_0_1c77b4099e_chunk_0061_ast"", ""entranslation_of_the_personal_data_protection_act_0_1c77b4099e_chunk_0062_ast"", ""entranslation_of_the_personal_data_protection_act_0_1c77b4099e_chunk_0063_ast"", ""entranslation_of_the_personal_data_protection_act_0_1c77b4099e_chunk_0064_ast"", ""entranslation_of_the_personal_data_protection_act_0_1c77b4099e_chunk_0105_ast"", ""entranslation_of_the_personal_data_protection_act_0_1c77b4099e_chunk_0116_ast"", ""entranslation_of_the_personal_data_protection_act_0_1c77b4099e_chunk_0117_ast"", ""personal_data_protection_amendment_act_2020_d7cc5937b1_chunk_0009_ast"", ""personal_data_protection_amendment_act_2020_d7cc5937b1_chunk_0010_ast"", ""personal_data_protection_amendment_act_2020_d7cc5937b1_chunk_0011_ast"", ""personal_data_protection_amendment_act_2020_d7cc5937b1_chunk_0012_ast"", ""personal_data_protection_amendment_act_2020_d7cc5937b1_chunk_0013_ast"", ""personal_data_protection_amendment_act_2020_d7cc5937b1_chunk_0014_ast"", ""personal_data_protection_amendment_act_2020_d7cc5937b1_chunk_0015_ast"", ""personal_data_protection_amendment_act_2020_d7cc5937b1_chunk_0016_ast"", ""personal_data_protection_amendment_act_2020_d7cc5937b1_chunk_0017_ast"", ""personal_data_protection_amendment_act_2020_d7cc5937b1_chunk_0018_ast"", ""personal_data_protection_amendment_act_2020_d7cc5937b1_chunk_0019_ast"", ""personal_data_protection_amendment_act_2020_d7cc5937b1_chunk_0022_ast"", ""personal_data_protection_amendment_act_2020_d7cc5937b1_chunk_0023_ast"", ""personal_data_protection_amendment_act_2020_d7cc5937b1_chunk_0024_ast"", ""personal_data_protection_amendment_act_2020_d7cc5937b1_chunk_0025_ast"", ""personal_data_protection_amendment_act_2020_d7cc5937b1_chunk_0028_ast"", ""personal_data_protection_amendment_act_2020_d7cc5937b1_chunk_0029_ast"", ""personal_data_protection_amendment_act_2020_d7cc5937b1_chunk_0035_ast"", ""personal_data_protection_amendment_act_2020_d7cc5937b1_chunk_0036_ast"", ""personal_data_protection_amendment_act_2020_d7cc5937b1_chunk_0037_ast"", ""personal_data_protection_amendment_act_2020_d7cc5937b1_chunk_0056_ast"", ""personal_data_protection_amendment_act_2020_d7cc5937b1_chunk_0057_ast"", ""personal_data_protection_amendment_act_2020_d7cc5937b1_chunk_0058_ast"", ""personal_data_protection_amendment_act_2020_d7cc5937b1_chunk_0059_ast"", ""personal_data_protection_amendment_act_2020_d7cc5937b1_chunk_0109_ast"", ""personal_data_protection_amendment_act_2020_d7cc5937b1_chunk_0110_ast"", ""personal_data_protection_amendment_act_2020_d7cc5937b1_chunk_0111_ast"", ""personal_data_protection_amendment_act_2020_d7cc5937b1_chunk_0115_ast"", ""personal_data_protection_amendment_act_2020_d7cc5937b1_chunk_0116_ast"", ""personal_data_protection_amendment_act_2020_d7cc5937b1_chunk_0117_ast"", ""personal_data_protection_amendment_act_2020_d7cc5937b1_chunk_0118_ast"", ""personal_data_protection_amendment_act_2020_d7cc5937b1_chunk_0120_ast"", ""personal_data_protection_amendment_act_2020_d7cc5937b1_chunk_0128_ast"", ""personal_data_protection_amendment_act_2020_d7cc5937b1_chunk_0129_ast""]",high,pending
synonym_238ed6395bfd,disclosure,sharing,synonym,"[""companies_act_1967_c8232023ef_chunk_0015_ast"", ""companies_act_1967_c8232023ef_chunk_0016_ast"", ""companies_act_1967_c8232023ef_chunk_0101_ast"", ""companies_act_1967_c8232023ef_chunk_0225_ast"", ""companies_act_1967_c8232023ef_chunk_0479_ast"", ""companies_act_1967_c8232023ef_chunk_0490_ast"", ""companies_act_1967_c8232023ef_chunk_0526_ast"", ""companies_act_1967_c8232023ef_chunk_0528_ast"", ""companies_act_1967_c8232023ef_chunk_0533_ast"", ""companies_act_1967_c8232023ef_chunk_0539_ast"", ""companies_act_1967_c8232023ef_chunk_0846_ast"", ""companies_act_1967_c8232023ef_chunk_1020_ast"", ""companies_act_1967_c8232023ef_chunk_1083_ast"", ""companies_act_1967_c8232023ef_chunk_1085_ast"", ""entranslation_of_the_personal_data_protection_act_0_1c77b4099e_chunk_0003_ast"", ""entranslation_of_the_personal_data_protection_act_0_1c77b4099e_chunk_0004_ast"", ""entranslation_of_the_personal_data_protection_act_0_1c77b4099e_chunk_0006_ast"", ""entranslation_of_the_personal_data_protection_act_0_1c77b4099e_chunk_0008_ast"", ""entranslation_of_the_personal_data_protection_act_0_1c77b4099e_chunk_0021_ast"", ""entranslation_of_the_personal_data_protection_act_0_1c77b4099e_chunk_0022_ast"", ""entranslation_of_the_personal_data_protection_act_0_1c77b4099e_chunk_0023_ast"", ""entranslation_of_the_personal_data_protection_act_0_1c77b4099e_chunk_0025_ast"", ""entranslation_of_the_personal_data_protection_act_0_1c77b4099e_chunk_0026_ast"", ""entranslation_of_the_personal_data_protection_act_0_1c77b4099e_chunk_0031_ast"", ""entranslation_of_the_personal_data_protection_act_0_1c77b4099e_chunk_0032_ast"", ""entranslation_of_the_personal_data_protection_act_0_1c77b4099e_chunk_0037_ast"", ""entranslation_of_the_personal_data_protection_act_0_1c77b4099e_chunk_0038_ast"", ""entranslation_of_the_personal_data_protection_act_0_1c77b4099e_chunk_0042_ast"", ""entranslation_of_the_personal_data_protection_act_0_1c77b4099e_chunk_0044_ast"", ""entranslation_of_the_personal_data_protection_act_0_1c77b4099e_chunk_0045_ast"", ""entranslation_of_the_personal_data_protection_act_0_1c77b4099e_chunk_0046_ast"", ""entranslation_of_the_personal_data_protection_act_0_1c77b4099e_chunk_0048_ast"", ""entranslation_of_the_personal_data_protection_act_0_1c77b4099e_chunk_0053_ast"", ""entranslation_of_the_personal_data_protection_act_0_1c77b4099e_chunk_0055_ast"", ""entranslation_of_the_personal_data_protection_act_0_1c77b4099e_chunk_0056_ast"", ""entranslation_of_the_personal_data_protection_act_0_1c77b4099e_chunk_0057_ast"", ""entranslation_of_the_personal_data_protection_act_0_1c77b4099e_chunk_0058_ast"", ""entranslation_of_the_personal_data_protection_act_0_1c77b4099e_chunk_0059_ast"", ""entranslation_of_the_personal_data_protection_act_0_1c77b4099e_chunk_0060_ast"", ""entranslation_of_the_personal_data_protection_act_0_1c77b4099e_chunk_0061_ast"", ""entranslation_of_the_personal_data_protection_act_0_1c77b4099e_chunk_0062_ast"", ""entranslation_of_the_personal_data_protection_act_0_1c77b4099e_chunk_0063_ast"", ""entranslation_of_the_personal_data_protection_act_0_1c77b4099e_chunk_0064_ast"", ""entranslation_of_the_personal_data_protection_act_0_1c77b4099e_chunk_0105_ast"", ""entranslation_of_the_personal_data_protection_act_0_1c77b4099e_chunk_0116_ast"", ""entranslation_of_the_personal_data_protection_act_0_1c77b4099e_chunk_0117_ast"", ""personal_data_protection_amendment_act_2020_d7cc5937b1_chunk_0009_ast"", ""personal_data_protection_amendment_act_2020_d7cc5937b1_chunk_0010_ast"", ""personal_data_protection_amendment_act_2020_d7cc5937b1_chunk_0011_ast"", ""personal_data_protection_amendment_act_2020_d7cc5937b1_chunk_0012_ast"", ""personal_data_protection_amendment_act_2020_d7cc5937b1_chunk_0013_ast"", ""personal_data_protection_amendment_act_2020_d7cc5937b1_chunk_0014_ast"", ""personal_data_protection_amendment_act_2020_d7cc5937b1_chunk_0015_ast"", ""personal_data_protection_amendment_act_2020_d7cc5937b1_chunk_0016_ast"", ""personal_data_protection_amendment_act_2020_d7cc5937b1_chunk_0017_ast"", ""personal_data_protection_amendment_act_2020_d7cc5937b1_chunk_0018_ast"", ""personal_data_protection_amendment_act_2020_d7cc5937b1_chunk_0019_ast"", ""personal_data_protection_amendment_act_2020_d7cc5937b1_chunk_0022_ast"", ""personal_data_protection_amendment_act_2020_d7cc5937b1_chunk_0023_ast"", ""personal_data_protection_amendment_act_2020_d7cc5937b1_chunk_0024_ast"", ""personal_data_protection_amendment_act_2020_d7cc5937b1_chunk_0025_ast"", ""personal_data_protection_amendment_act_2020_d7cc5937b1_chunk_0028_ast"", ""personal_data_protection_amendment_act_2020_d7cc5937b1_chunk_0029_ast"", ""personal_data_protection_amendment_act_2020_d7cc5937b1_chunk_0035_ast"", ""personal_data_protection_amendment_act_2020_d7cc5937b1_chunk_0036_ast"", ""personal_data_protection_amendment_act_2020_d7cc5937b1_chunk_0037_ast"", ""personal_data_protection_amendment_act_2020_d7cc5937b1_chunk_0056_ast"", ""personal_data_protection_amendment_act_2020_d7cc5937b1_chunk_0057_ast"", ""personal_data_protection_amendment_act_2020_d7cc5937b1_chunk_0058_ast"", ""personal_data_protection_amendment_act_2020_d7cc5937b1_chunk_0059_ast"", ""personal_data_protection_amendment_act_2020_d7cc5937b1_chunk_0109_ast"", ""personal_data_protection_amendment_act_2020_d7cc5937b1_chunk_0110_ast"", ""personal_data_protection_amendment_act_2020_d7cc5937b1_chunk_0111_ast"", ""personal_data_protection_amendment_act_2020_d7cc5937b1_chunk_0115_ast"", ""personal_data_protection_amendment_act_2020_d7cc5937b1_chunk_0116_ast"", ""personal_data_protection_amendment_act_2020_d7cc5937b1_chunk_0117_ast"", ""personal_data_protection_amendment_act_2020_d7cc5937b1_chunk_0118_ast"", ""personal_data_protection_amendment_act_2020_d7cc5937b1_chunk_0120_ast"", ""personal_data_protection_amendment_act_2020_d7cc5937b1_chunk_0128_ast"", ""personal_data_protection_amendment_act_2020_d7cc5937b1_chunk_0129_ast""]",high,pending
synonym_2d7a911c735e,disclosure,个人信息,related_term,"[""entranslation_of_the_personal_data_protection_act_0_1c77b4099e_chunk_0003_ast"", ""entranslation_of_the_personal_data_protection_act_0_1c77b4099e_chunk_0004_ast"", ""entranslation_of_the_personal_data_protection_act_0_1c77b4099e_chunk_0006_ast"", ""entranslation_of_the_personal_data_protection_act_0_1c77b4099e_chunk_0008_ast"", ""entranslation_of_the_personal_data_protection_act_0_1c77b4099e_chunk_0021_ast"", ""entranslation_of_the_personal_data_protection_act_0_1c77b4099e_chunk_0022_ast"", ""entranslation_of_the_personal_data_protection_act_0_1c77b4099e_chunk_0023_ast"", ""entranslation_of_the_personal_data_protection_act_0_1c77b4099e_chunk_0025_ast"", ""entranslation_of_the_personal_data_protection_act_0_1c77b4099e_chunk_0026_ast"", ""entranslation_of_the_personal_data_protection_act_0_1c77b4099e_chunk_0031_ast"", ""entranslation_of_the_personal_data_protection_act_0_1c77b4099e_chunk_0032_ast"", ""entranslation_of_the_personal_data_protection_act_0_1c77b4099e_chunk_0037_ast"", ""entranslation_of_the_personal_data_protection_act_0_1c77b4099e_chunk_0038_ast"", ""entranslation_of_the_personal_data_protection_act_0_1c77b4099e_chunk_0042_ast"", ""entranslation_of_the_personal_data_protection_act_0_1c77b4099e_chunk_0044_ast"", ""entranslation_of_the_personal_data_protection_act_0_1c77b4099e_chunk_0045_ast"", ""entranslation_of_the_personal_data_protection_act_0_1c77b4099e_chunk_0046_ast"", ""entranslation_of_the_personal_data_protection_act_0_1c77b4099e_chunk_0048_ast"", ""entranslation_of_the_personal_data_protection_act_0_1c77b4099e_chunk_0053_ast"", ""entranslation_of_the_personal_data_protection_act_0_1c77b4099e_chunk_0055_ast"", ""entranslation_of_the_personal_data_protection_act_0_1c77b4099e_chunk_0056_ast"", ""entranslation_of_the_personal_data_protection_act_0_1c77b4099e_chunk_0057_ast"", ""entranslation_of_the_personal_data_protection_act_0_1c77b4099e_chunk_0058_ast"", ""entranslation_of_the_personal_data_protection_act_0_1c77b4099e_chunk_0059_ast"", ""entranslation_of_the_personal_data_protection_act_0_1c77b4099e_chunk_0060_ast"", ""entranslation_of_the_personal_data_protection_act_0_1c77b4099e_chunk_0061_ast"", ""entranslation_of_the_personal_data_protection_act_0_1c77b4099e_chunk_0062_ast"", ""entranslation_of_the_personal_data_protection_act_0_1c77b4099e_chunk_0063_ast"", ""entranslation_of_the_personal_data_protection_act_0_1c77b4099e_chunk_0064_ast"", ""entranslation_of_the_personal_data_protection_act_0_1c77b4099e_chunk_0105_ast"", ""entranslation_of_the_personal_data_protection_act_0_1c77b4099e_chunk_0116_ast"", ""entranslation_of_the_personal_data_protection_act_0_1c77b4099e_chunk_0117_ast"", ""personal_data_protection_amendment_act_2020_d7cc5937b1_chunk_0009_ast"", ""personal_data_protection_amendment_act_2020_d7cc5937b1_chunk_0010_ast"", ""personal_data_protection_amendment_act_2020_d7cc5937b1_chunk_0011_ast"", ""personal_data_protection_amendment_act_2020_d7cc5937b1_chunk_0012_ast"", ""personal_data_protection_amendment_act_2020_d7cc5937b1_chunk_0013_ast"", ""personal_data_protection_amendment_act_2020_d7cc5937b1_chunk_0014_ast"", ""personal_data_protection_amendment_act_2020_d7cc5937b1_chunk_0015_ast"", ""personal_data_protection_amendment_act_2020_d7cc5937b1_chunk_0016_ast"", ""personal_data_protection_amendment_act_2020_d7cc5937b1_chunk_0017_ast"", ""personal_data_protection_amendment_act_2020_d7cc5937b1_chunk_0018_ast"", ""personal_data_protection_amendment_act_2020_d7cc5937b1_chunk_0019_ast"", ""personal_data_protection_amendment_act_2020_d7cc5937b1_chunk_0022_ast"", ""personal_data_protection_amendment_act_2020_d7cc5937b1_chunk_0023_ast"", ""personal_data_protection_amendment_act_2020_d7cc5937b1_chunk_0024_ast"", ""personal_data_protection_amendment_act_2020_d7cc5937b1_chunk_0025_ast"", ""personal_data_protection_amendment_act_2020_d7cc5937b1_chunk_0029_ast"", ""personal_data_protection_amendment_act_2020_d7cc5937b1_chunk_0035_ast"", ""personal_data_protection_amendment_act_2020_d7cc5937b1_chunk_0036_ast"", ""personal_data_protection_amendment_act_2020_d7cc5937b1_chunk_0056_ast"", ""personal_data_protection_amendment_act_2020_d7cc5937b1_chunk_0057_ast"", ""personal_data_protection_amendment_act_2020_d7cc5937b1_chunk_0058_ast"", ""personal_data_protection_amendment_act_2020_d7cc5937b1_chunk_0059_ast"", ""personal_data_protection_amendment_act_2020_d7cc5937b1_chunk_0110_ast"", ""personal_data_protection_amendment_act_2020_d7cc5937b1_chunk_0111_ast"", ""personal_data_protection_amendment_act_2020_d7cc5937b1_chunk_0115_ast"", ""personal_data_protection_amendment_act_2020_d7cc5937b1_chunk_0116_ast"", ""personal_data_protection_amendment_act_2020_d7cc5937b1_chunk_0117_ast"", ""personal_data_protection_amendment_act_2020_d7cc5937b1_chunk_0118_ast"", ""personal_data_protection_amendment_act_2020_d7cc5937b1_chunk_0120_ast"", ""personal_data_protection_amendment_act_2020_d7cc5937b1_chunk_0128_ast"", ""personal_data_protection_amendment_act_2020_d7cc5937b1_chunk_0129_ast"", ""personal_data_protection_amendment_act_2020_d7cc5937b1_chunk_0130_ast"", ""personal_data_protection_amendment_act_2020_d7cc5937b1_chunk_0131_ast"", ""personal_data_protection_amendment_act_2020_d7cc5937b1_chunk_0133_ast"", ""personal_data_protection_amendment_act_2020_d7cc5937b1_chunk_0134_ast"", ""personal_data_protection_amendment_act_2020_d7cc5937b1_chunk_0135_ast"", ""personal_data_protection_amendment_act_2020_d7cc5937b1_chunk_0147_ast"", ""personal_data_protection_amendment_act_2020_d7cc5937b1_chunk_0148_ast"", ""personal_data_protection_act_2012_e857c5e9da_chunk_0002_ast"", ""personal_data_protection_act_2012_e857c5e9da_chunk_0005_ast"", ""personal_data_protection_act_2012_e857c5e9da_chunk_0007_ast"", ""personal_data_protection_act_2012_e857c5e9da_chunk_0008_ast"", ""personal_data_protection_act_2012_e857c5e9da_chunk_0019_ast"", ""personal_data_protection_act_2012_e857c5e9da_chunk_0020_ast"", ""personal_data_protection_act_2012_e857c5e9da_chunk_0030_ast"", ""personal_data_protection_act_2012_e857c5e9da_chunk_0031_ast"", ""personal_data_protection_act_2012_e857c5e9da_chunk_0032_ast"", ""personal_data_protection_act_2012_e857c5e9da_chunk_0033_ast""]",high,pending
synonym_805feb46a4bc,disclosure,公开,synonym,"[""companies_act_1967_c8232023ef_chunk_0015_ast"", ""companies_act_1967_c8232023ef_chunk_0016_ast"", ""companies_act_1967_c8232023ef_chunk_0101_ast"", ""companies_act_1967_c8232023ef_chunk_0225_ast"", ""companies_act_1967_c8232023ef_chunk_0479_ast"", ""companies_act_1967_c8232023ef_chunk_0490_ast"", ""companies_act_1967_c8232023ef_chunk_0526_ast"", ""companies_act_1967_c8232023ef_chunk_0528_ast"", ""companies_act_1967_c8232023ef_chunk_0533_ast"", ""companies_act_1967_c8232023ef_chunk_0539_ast"", ""companies_act_1967_c8232023ef_chunk_0846_ast"", ""companies_act_1967_c8232023ef_chunk_1020_ast"", ""companies_act_1967_c8232023ef_chunk_1083_ast"", ""companies_act_1967_c8232023ef_chunk_1085_ast"", ""entranslation_of_the_personal_data_protection_act_0_1c77b4099e_chunk_0003_ast"", ""entranslation_of_the_personal_data_protection_act_0_1c77b4099e_chunk_0004_ast"", ""entranslation_of_the_personal_data_protection_act_0_1c77b4099e_chunk_0006_ast"", ""entranslation_of_the_personal_data_protection_act_0_1c77b4099e_chunk_0008_ast"", ""entranslation_of_the_personal_data_protection_act_0_1c77b4099e_chunk_0021_ast"", ""entranslation_of_the_personal_data_protection_act_0_1c77b4099e_chunk_0022_ast"", ""entranslation_of_the_personal_data_protection_act_0_1c77b4099e_chunk_0023_ast"", ""entranslation_of_the_personal_data_protection_act_0_1c77b4099e_chunk_0025_ast"", ""entranslation_of_the_personal_data_protection_act_0_1c77b4099e_chunk_0026_ast"", ""entranslation_of_the_personal_data_protection_act_0_1c77b4099e_chunk_0031_ast"", ""entranslation_of_the_personal_data_protection_act_0_1c77b4099e_chunk_0032_ast"", ""entranslation_of_the_personal_data_protection_act_0_1c77b4099e_chunk_0037_ast"", ""entranslation_of_the_personal_data_protection_act_0_1c77b4099e_chunk_0038_ast"", ""entranslation_of_the_personal_data_protection_act_0_1c77b4099e_chunk_0042_ast"", ""entranslation_of_the_personal_data_protection_act_0_1c77b4099e_chunk_0044_ast"", ""entranslation_of_the_personal_data_protection_act_0_1c77b4099e_chunk_0045_ast"", ""entranslation_of_the_personal_data_protection_act_0_1c77b4099e_chunk_0046_ast"", ""entranslation_of_the_personal_data_protection_act_0_1c77b4099e_chunk_0048_ast"", ""entranslation_of_the_personal_data_protection_act_0_1c77b4099e_chunk_0053_ast"", ""entranslation_of_the_personal_data_protection_act_0_1c77b4099e_chunk_0055_ast"", ""entranslation_of_the_personal_data_protection_act_0_1c77b4099e_chunk_0056_ast"", ""entranslation_of_the_personal_data_protection_act_0_1c77b4099e_chunk_0057_ast"", ""entranslation_of_the_personal_data_protection_act_0_1c77b4099e_chunk_0058_ast"", ""entranslation_of_the_personal_data_protection_act_0_1c77b4099e_chunk_0059_ast"", ""entranslation_of_the_personal_data_protection_act_0_1c77b4099e_chunk_0060_ast"", ""entranslation_of_the_personal_data_protection_act_0_1c77b4099e_chunk_0061_ast"", ""entranslation_of_the_personal_data_protection_act_0_1c77b4099e_chunk_0062_ast"", ""entranslation_of_the_personal_data_protection_act_0_1c77b4099e_chunk_0063_ast"", ""entranslation_of_the_personal_data_protection_act_0_1c77b4099e_chunk_0064_ast"", ""entranslation_of_the_personal_data_protection_act_0_1c77b4099e_chunk_0105_ast"", ""entranslation_of_the_personal_data_protection_act_0_1c77b4099e_chunk_0116_ast"", ""entranslation_of_the_personal_data_protection_act_0_1c77b4099e_chunk_0117_ast"", ""personal_data_protection_amendment_act_2020_d7cc5937b1_chunk_0009_ast"", ""personal_data_protection_amendment_act_2020_d7cc5937b1_chunk_0010_ast"", ""personal_data_protection_amendment_act_2020_d7cc5937b1_chunk_0011_ast"", ""personal_data_protection_amendment_act_2020_d7cc5937b1_chunk_0012_ast"", ""personal_data_protection_amendment_act_2020_d7cc5937b1_chunk_0013_ast"", ""personal_data_protection_amendment_act_2020_d7cc5937b1_chunk_0014_ast"", ""personal_data_protection_amendment_act_2020_d7cc5937b1_chunk_0015_ast"", ""personal_data_protection_amendment_act_2020_d7cc5937b1_chunk_0016_ast"", ""personal_data_protection_amendment_act_2020_d7cc5937b1_chunk_0017_ast"", ""personal_data_protection_amendment_act_2020_d7cc5937b1_chunk_0018_ast"", ""personal_data_protection_amendment_act_2020_d7cc5937b1_chunk_0019_ast"", ""personal_data_protection_amendment_act_2020_d7cc5937b1_chunk_0022_ast"", ""personal_data_protection_amendment_act_2020_d7cc5937b1_chunk_0023_ast"", ""personal_data_protection_amendment_act_2020_d7cc5937b1_chunk_0024_ast"", ""personal_data_protection_amendment_act_2020_d7cc5937b1_chunk_0025_ast"", ""personal_data_protection_amendment_act_2020_d7cc5937b1_chunk_0028_ast"", ""personal_data_protection_amendment_act_2020_d7cc5937b1_chunk_0029_ast"", ""personal_data_protection_amendment_act_2020_d7cc5937b1_chunk_0035_ast"", ""personal_data_protection_amendment_act_2020_d7cc5937b1_chunk_0036_ast"", ""personal_data_protection_amendment_act_2020_d7cc5937b1_chunk_0037_ast"", ""personal_data_protection_amendment_act_2020_d7cc5937b1_chunk_0056_ast"", ""personal_data_protection_amendment_act_2020_d7cc5937b1_chunk_0057_ast"", ""personal_data_protection_amendment_act_2020_d7cc5937b1_chunk_0058_ast"", ""personal_data_protection_amendment_act_2020_d7cc5937b1_chunk_0059_ast"", ""personal_data_protection_amendment_act_2020_d7cc5937b1_chunk_0109_ast"", ""personal_data_protection_amendment_act_2020_d7cc5937b1_chunk_0110_ast"", ""personal_data_protection_amendment_act_2020_d7cc5937b1_chunk_0111_ast"", ""personal_data_protection_amendment_act_2020_d7cc5937b1_chunk_0115_ast"", ""personal_data_protection_amendment_act_2020_d7cc5937b1_chunk_0116_ast"", ""personal_data_protection_amendment_act_2020_d7cc5937b1_chunk_0117_ast"", ""personal_data_protection_amendment_act_2020_d7cc5937b1_chunk_0118_ast"", ""personal_data_protection_amendment_act_2020_d7cc5937b1_chunk_0120_ast"", ""personal_data_protection_amendment_act_2020_d7cc5937b1_chunk_0128_ast"", ""personal_data_protection_amendment_act_2020_d7cc5937b1_chunk_0129_ast""]",high,pending
synonym_d0823ed40ae3,disclosure,同意,related_term,"[""companies_act_1967_c8232023ef_chunk_0101_ast"", ""entranslation_of_the_personal_data_protection_act_0_1c77b4099e_chunk_0021_ast"", ""entranslation_of_the_personal_data_protection_act_0_1c77b4099e_chunk_0022_ast"", ""entranslation_of_the_personal_data_protection_act_0_1c77b4099e_chunk_0023_ast"", ""entranslation_of_the_personal_data_protection_act_0_1c77b4099e_chunk_0025_ast"", ""entranslation_of_the_personal_data_protection_act_0_1c77b4099e_chunk_0026_ast"", ""entranslation_of_the_personal_data_protection_act_0_1c77b4099e_chunk_0031_ast"", ""entranslation_of_the_personal_data_protection_act_0_1c77b4099e_chunk_0037_ast"", ""entranslation_of_the_personal_data_protection_act_0_1c77b4099e_chunk_0038_ast"", ""entranslation_of_the_personal_data_protection_act_0_1c77b4099e_chunk_0042_ast"", ""entranslation_of_the_personal_data_protection_act_0_1c77b4099e_chunk_0044_ast"", ""entranslation_of_the_personal_data_protection_act_0_1c77b4099e_chunk_0046_ast"", ""entranslation_of_the_personal_data_protection_act_0_1c77b4099e_chunk_0048_ast"", ""entranslation_of_the_personal_data_protection_act_0_1c77b4099e_chunk_0053_ast"", ""entranslation_of_the_personal_data_protection_act_0_1c77b4099e_chunk_0105_ast"", ""entranslation_of_the_personal_data_protection_act_0_1c77b4099e_chunk_0116_ast"", ""personal_data_protection_amendment_act_2020_d7cc5937b1_chunk_0009_ast"", ""personal_data_protection_amendment_act_2020_d7cc5937b1_chunk_0010_ast"", ""personal_data_protection_amendment_act_2020_d7cc5937b1_chunk_0012_ast"", ""personal_data_protection_amendment_act_2020_d7cc5937b1_chunk_0013_ast"", ""personal_data_protection_amendment_act_2020_d7cc5937b1_chunk_0014_ast"", ""personal_data_protection_amendment_act_2020_d7cc5937b1_chunk_0015_ast"", ""personal_data_protection_amendment_act_2020_d7cc5937b1_chunk_0016_ast"", ""personal_data_protection_amendment_act_2020_d7cc5937b1_chunk_0036_ast"", ""personal_data_protection_amendment_act_2020_d7cc5937b1_chunk_0110_ast"", ""personal_data_protection_amendment_act_2020_d7cc5937b1_chunk_0111_ast"", ""personal_data_protection_amendment_act_2020_d7cc5937b1_chunk_0130_ast"", ""personal_data_protection_amendment_act_2020_d7cc5937b1_chunk_0133_ast"", ""personal_data_protection_amendment_act_2020_d7cc5937b1_chunk_0135_ast"", ""personal_data_protection_act_2012_e857c5e9da_chunk_0002_ast"", ""personal_data_protection_act_2012_e857c5e9da_chunk_0007_ast"", ""personal_data_protection_act_2012_e857c5e9da_chunk_0030_ast"", ""personal_data_protection_act_2012_e857c5e9da_chunk_0031_ast"", ""personal_data_protection_act_2012_e857c5e9da_chunk_0032_ast"", ""personal_data_protection_act_2012_e857c5e9da_chunk_0033_ast"", ""personal_data_protection_act_2012_e857c5e9da_chunk_0035_ast"", ""personal_data_protection_act_2012_e857c5e9da_chunk_0037_ast"", ""personal_data_protection_act_2012_e857c5e9da_chunk_0038_ast"", ""personal_data_protection_act_2012_e857c5e9da_chunk_0039_ast"", ""personal_data_protection_act_2012_e857c5e9da_chunk_0040_ast"", ""personal_data_protection_act_2012_e857c5e9da_chunk_0041_ast"", ""personal_data_protection_act_2012_e857c5e9da_chunk_0043_ast"", ""personal_data_protection_act_2012_e857c5e9da_chunk_0044_ast"", ""personal_data_protection_act_2012_e857c5e9da_chunk_0047_ast"", ""personal_data_protection_act_2012_e857c5e9da_chunk_0157_ast"", ""personal_data_protection_act_2012_e857c5e9da_chunk_0158_ast"", ""personal_data_protection_act_2012_e857c5e9da_chunk_0177_ast"", ""personal_data_protection_act_2012_e857c5e9da_chunk_0180_ast"", ""personal_data_protection_act_2012_e857c5e9da_chunk_0182_ast""]",high,pending
synonym_1e53860bd051,disclosure,披露,synonym,"[""companies_act_1967_c8232023ef_chunk_0015_ast"", ""companies_act_1967_c8232023ef_chunk_0016_ast"", ""companies_act_1967_c8232023ef_chunk_0101_ast"", ""companies_act_1967_c8232023ef_chunk_0225_ast"", ""companies_act_1967_c8232023ef_chunk_0479_ast"", ""companies_act_1967_c8232023ef_chunk_0490_ast"", ""companies_act_1967_c8232023ef_chunk_0526_ast"", ""companies_act_1967_c8232023ef_chunk_0528_ast"", ""companies_act_1967_c8232023ef_chunk_0533_ast"", ""companies_act_1967_c8232023ef_chunk_0539_ast"", ""companies_act_1967_c8232023ef_chunk_0846_ast"", ""companies_act_1967_c8232023ef_chunk_1020_ast"", ""companies_act_1967_c8232023ef_chunk_1083_ast"", ""companies_act_1967_c8232023ef_chunk_1085_ast"", ""entranslation_of_the_personal_data_protection_act_0_1c77b4099e_chunk_0003_ast"", ""entranslation_of_the_personal_data_protection_act_0_1c77b4099e_chunk_0004_ast"", ""entranslation_of_the_personal_data_protection_act_0_1c77b4099e_chunk_0006_ast"", ""entranslation_of_the_personal_data_protection_act_0_1c77b4099e_chunk_0008_ast"", ""entranslation_of_the_personal_data_protection_act_0_1c77b4099e_chunk_0021_ast"", ""entranslation_of_the_personal_data_protection_act_0_1c77b4099e_chunk_0022_ast"", ""entranslation_of_the_personal_data_protection_act_0_1c77b4099e_chunk_0023_ast"", ""entranslation_of_the_personal_data_protection_act_0_1c77b4099e_chunk_0025_ast"", ""entranslation_of_the_personal_data_protection_act_0_1c77b4099e_chunk_0026_ast"", ""entranslation_of_the_personal_data_protection_act_0_1c77b4099e_chunk_0031_ast"", ""entranslation_of_the_personal_data_protection_act_0_1c77b4099e_chunk_0032_ast"", ""entranslation_of_the_personal_data_protection_act_0_1c77b4099e_chunk_0037_ast"", ""entranslation_of_the_personal_data_protection_act_0_1c77b4099e_chunk_0038_ast"", ""entranslation_of_the_personal_data_protection_act_0_1c77b4099e_chunk_0042_ast"", ""entranslation_of_the_personal_data_protection_act_0_1c77b4099e_chunk_0044_ast"", ""entranslation_of_the_personal_data_protection_act_0_1c77b4099e_chunk_0045_ast"", ""entranslation_of_the_personal_data_protection_act_0_1c77b4099e_chunk_0046_ast"", ""entranslation_of_the_personal_data_protection_act_0_1c77b4099e_chunk_0048_ast"", ""entranslation_of_the_personal_data_protection_act_0_1c77b4099e_chunk_0053_ast"", ""entranslation_of_the_personal_data_protection_act_0_1c77b4099e_chunk_0055_ast"", ""entranslation_of_the_personal_data_protection_act_0_1c77b4099e_chunk_0056_ast"", ""entranslation_of_the_personal_data_protection_act_0_1c77b4099e_chunk_0057_ast"", ""entranslation_of_the_personal_data_protection_act_0_1c77b4099e_chunk_0058_ast"", ""entranslation_of_the_personal_data_protection_act_0_1c77b4099e_chunk_0059_ast"", ""entranslation_of_the_personal_data_protection_act_0_1c77b4099e_chunk_0060_ast"", ""entranslation_of_the_personal_data_protection_act_0_1c77b4099e_chunk_0061_ast"", ""entranslation_of_the_personal_data_protection_act_0_1c77b4099e_chunk_0062_ast"", ""entranslation_of_the_personal_data_protection_act_0_1c77b4099e_chunk_0063_ast"", ""entranslation_of_the_personal_data_protection_act_0_1c77b4099e_chunk_0064_ast"", ""entranslation_of_the_personal_data_protection_act_0_1c77b4099e_chunk_0105_ast"", ""entranslation_of_the_personal_data_protection_act_0_1c77b4099e_chunk_0116_ast"", ""entranslation_of_the_personal_data_protection_act_0_1c77b4099e_chunk_0117_ast"", ""personal_data_protection_amendment_act_2020_d7cc5937b1_chunk_0009_ast"", ""personal_data_protection_amendment_act_2020_d7cc5937b1_chunk_0010_ast"", ""personal_data_protection_amendment_act_2020_d7cc5937b1_chunk_0011_ast"", ""personal_data_protection_amendment_act_2020_d7cc5937b1_chunk_0012_ast"", ""personal_data_protection_amendment_act_2020_d7cc5937b1_chunk_0013_ast"", ""personal_data_protection_amendment_act_2020_d7cc5937b1_chunk_0014_ast"", ""personal_data_protection_amendment_act_2020_d7cc5937b1_chunk_0015_ast"", ""personal_data_protection_amendment_act_2020_d7cc5937b1_chunk_0016_ast"", ""personal_data_protection_amendment_act_2020_d7cc5937b1_chunk_0017_ast"", ""personal_data_protection_amendment_act_2020_d7cc5937b1_chunk_0018_ast"", ""personal_data_protection_amendment_act_2020_d7cc5937b1_chunk_0019_ast"", ""personal_data_protection_amendment_act_2020_d7cc5937b1_chunk_0022_ast"", ""personal_data_protection_amendment_act_2020_d7cc5937b1_chunk_0023_ast"", ""personal_data_protection_amendment_act_2020_d7cc5937b1_chunk_0024_ast"", ""personal_data_protection_amendment_act_2020_d7cc5937b1_chunk_0025_ast"", ""personal_data_protection_amendment_act_2020_d7cc5937b1_chunk_0028_ast"", ""personal_data_protection_amendment_act_2020_d7cc5937b1_chunk_0029_ast"", ""personal_data_protection_amendment_act_2020_d7cc5937b1_chunk_0035_ast"", ""personal_data_protection_amendment_act_2020_d7cc5937b1_chunk_0036_ast"", ""personal_data_protection_amendment_act_2020_d7cc5937b1_chunk_0037_ast"", ""personal_data_protection_amendment_act_2020_d7cc5937b1_chunk_0056_ast"", ""personal_data_protection_amendment_act_2020_d7cc5937b1_chunk_0057_ast"", ""personal_data_protection_amendment_act_2020_d7cc5937b1_chunk_0058_ast"", ""personal_data_protection_amendment_act_2020_d7cc5937b1_chunk_0059_ast"", ""personal_data_protection_amendment_act_2020_d7cc5937b1_chunk_0109_ast"", ""personal_data_protection_amendment_act_2020_d7cc5937b1_chunk_0110_ast"", ""personal_data_protection_amendment_act_2020_d7cc5937b1_chunk_0111_ast"", ""personal_data_protection_amendment_act_2020_d7cc5937b1_chunk_0115_ast"", ""personal_data_protection_amendment_act_2020_d7cc5937b1_chunk_0116_ast"", ""personal_data_protection_amendment_act_2020_d7cc5937b1_chunk_0117_ast"", ""personal_data_protection_amendment_act_2020_d7cc5937b1_chunk_0118_ast"", ""personal_data_protection_amendment_act_2020_d7cc5937b1_chunk_0120_ast"", ""personal_data_protection_amendment_act_2020_d7cc5937b1_chunk_0128_ast"", ""personal_data_protection_amendment_act_2020_d7cc5937b1_chunk_0129_ast""]",high,pending
synonym_e22cdb6badbf,disclosure,网络安全,related_term,"[""entranslation_of_the_personal_data_protection_act_0_1c77b4099e_chunk_0004_ast""]",high,pending
synonym_c7b6faeb1c0d,disclosure,自然人,related_term,"[""companies_act_1967_c8232023ef_chunk_0015_ast"", ""companies_act_1967_c8232023ef_chunk_1085_ast"", ""personal_data_protection_amendment_act_2020_d7cc5937b1_chunk_0009_ast"", ""personal_data_protection_amendment_act_2020_d7cc5937b1_chunk_0010_ast"", ""personal_data_protection_amendment_act_2020_d7cc5937b1_chunk_0011_ast"", ""personal_data_protection_amendment_act_2020_d7cc5937b1_chunk_0012_ast"", ""personal_data_protection_amendment_act_2020_d7cc5937b1_chunk_0013_ast"", ""personal_data_protection_amendment_act_2020_d7cc5937b1_chunk_0014_ast"", ""personal_data_protection_amendment_act_2020_d7cc5937b1_chunk_0015_ast"", ""personal_data_protection_amendment_act_2020_d7cc5937b1_chunk_0016_ast"", ""personal_data_protection_amendment_act_2020_d7cc5937b1_chunk_0017_ast"", ""personal_data_protection_amendment_act_2020_d7cc5937b1_chunk_0018_ast"", ""personal_data_protection_amendment_act_2020_d7cc5937b1_chunk_0019_ast"", ""personal_data_protection_amendment_act_2020_d7cc5937b1_chunk_0023_ast"", ""personal_data_protection_amendment_act_2020_d7cc5937b1_chunk_0024_ast"", ""personal_data_protection_amendment_act_2020_d7cc5937b1_chunk_0025_ast"", ""personal_data_protection_amendment_act_2020_d7cc5937b1_chunk_0028_ast"", ""personal_data_protection_amendment_act_2020_d7cc5937b1_chunk_0035_ast"", ""personal_data_protection_amendment_act_2020_d7cc5937b1_chunk_0036_ast"", ""personal_data_protection_amendment_act_2020_d7cc5937b1_chunk_0056_ast"", ""personal_data_protection_amendment_act_2020_d7cc5937b1_chunk_0057_ast"", ""personal_data_protection_amendment_act_2020_d7cc5937b1_chunk_0110_ast"", ""personal_data_protection_amendment_act_2020_d7cc5937b1_chunk_0111_ast"", ""personal_data_protection_amendment_act_2020_d7cc5937b1_chunk_0115_ast"", ""personal_data_protection_amendment_act_2020_d7cc5937b1_chunk_0116_ast"", ""personal_data_protection_amendment_act_2020_d7cc5937b1_chunk_0117_ast"", ""personal_data_protection_amendment_act_2020_d7cc5937b1_chunk_0118_ast"", ""personal_data_protection_amendment_act_2020_d7cc5937b1_chunk_0120_ast"", ""personal_data_protection_amendment_act_2020_d7cc5937b1_chunk_0128_ast"", ""personal_data_protection_amendment_act_2020_d7cc5937b1_chunk_0129_ast"", ""personal_data_protection_amendment_act_2020_d7cc5937b1_chunk_0130_ast"", ""personal_data_protection_amendment_act_2020_d7cc5937b1_chunk_0131_ast"", ""personal_data_protection_amendment_act_2020_d7cc5937b1_chunk_0133_ast"", ""personal_data_protection_amendment_act_2020_d7cc5937b1_chunk_0134_ast"", ""personal_data_protection_amendment_act_2020_d7cc5937b1_chunk_0135_ast"", ""personal_data_protection_amendment_act_2020_d7cc5937b1_chunk_0147_ast"", ""personal_data_protection_amendment_act_2020_d7cc5937b1_chunk_0148_ast"", ""personal_data_protection_amendment_act_2020_d7cc5937b1_chunk_0159_ast"", ""personal_data_protection_amendment_act_2020_d7cc5937b1_chunk_0163_ast"", ""personal_data_protection_act_2012_e857c5e9da_chunk_0019_ast"", ""personal_data_protection_act_2012_e857c5e9da_chunk_0020_ast"", ""personal_data_protection_act_2012_e857c5e9da_chunk_0030_ast"", ""personal_data_protection_act_2012_e857c5e9da_chunk_0031_ast"", ""personal_data_protection_act_2012_e857c5e9da_chunk_0032_ast"", ""personal_data_protection_act_2012_e857c5e9da_chunk_0033_ast"", ""personal_data_protection_act_2012_e857c5e9da_chunk_0034_ast"", ""personal_data_protection_act_2012_e857c5e9da_chunk_0035_ast"", ""personal_data_protection_act_2012_e857c5e9da_chunk_0037_ast"", ""personal_data_protection_act_2012_e857c5e9da_chunk_0038_ast"", ""personal_data_protection_act_2012_e857c5e9da_chunk_0039_ast"", ""personal_data_protection_act_2012_e857c5e9da_chunk_0040_ast"", ""personal_data_protection_act_2012_e857c5e9da_chunk_0041_ast"", ""personal_data_protection_act_2012_e857c5e9da_chunk_0043_ast"", ""personal_data_protection_act_2012_e857c5e9da_chunk_0044_ast"", ""personal_data_protection_act_2012_e857c5e9da_chunk_0045_ast"", ""personal_data_protection_act_2012_e857c5e9da_chunk_0047_ast"", ""personal_data_protection_act_2012_e857c5e9da_chunk_0052_ast"", ""personal_data_protection_act_2012_e857c5e9da_chunk_0054_ast"", ""personal_data_protection_act_2012_e857c5e9da_chunk_0056_ast"", ""personal_data_protection_act_2012_e857c5e9da_chunk_0059_ast"", ""personal_data_protection_act_2012_e857c5e9da_chunk_0090_ast"", ""personal_data_protection_act_2012_e857c5e9da_chunk_0091_ast"", ""personal_data_protection_act_2012_e857c5e9da_chunk_0093_ast"", ""personal_data_protection_act_2012_e857c5e9da_chunk_0130_ast"", ""personal_data_protection_act_2012_e857c5e9da_chunk_0157_ast"", ""personal_data_protection_act_2012_e857c5e9da_chunk_0158_ast"", ""personal_data_protection_act_2012_e857c5e9da_chunk_0159_ast"", ""personal_data_protection_act_2012_e857c5e9da_chunk_0161_ast"", ""personal_data_protection_act_2012_e857c5e9da_chunk_0162_ast"", ""personal_data_protection_act_2012_e857c5e9da_chunk_0163_ast"", ""personal_data_protection_act_2012_e857c5e9da_chunk_0164_ast"", ""personal_data_protection_act_2012_e857c5e9da_chunk_0166_ast"", ""personal_data_protection_act_2012_e857c5e9da_chunk_0175_ast"", ""personal_data_protection_act_2012_e857c5e9da_chunk_0176_ast"", ""personal_data_protection_act_2012_e857c5e9da_chunk_0177_ast"", ""personal_data_protection_act_2012_e857c5e9da_chunk_0178_ast"", ""personal_data_protection_act_2012_e857c5e9da_chunk_0180_ast"", ""personal_data_protection_act_2012_e857c5e9da_chunk_0181_ast"", ""personal_data_protection_act_2012_e857c5e9da_chunk_0182_ast""]",high,pending
synonym_058509a57865,domestic,business,related_term,"[""personal_data_protection_act_2012_e857c5e9da_chunk_0012_ast""]",high,pending
synonym_277ee32e897a,domestic,company,related_term,"[""personal_data_protection_act_2012_e857c5e9da_chunk_0012_ast""]",high,pending
synonym_d26d9ad3c1dc,domestic,data subject,related_term,"[""personal_data_protection_act_2012_e857c5e9da_chunk_0012_ast""]",high,pending
synonym_00d12458dae3,domestic,data subject information,related_term,"[""personal_data_protection_act_2012_e857c5e9da_chunk_0012_ast""]",high,pending
synonym_69c19adc146c,domestic,organization,related_term,"[""personal_data_protection_act_2012_e857c5e9da_chunk_0012_ast""]",high,pending
synonym_d098c823e597,domestic,person,related_term,"[""personal_data_protection_act_2012_e857c5e9da_chunk_0012_ast""]",high,pending
synonym_38c000be7170,domestic,personal information,related_term,"[""personal_data_protection_act_2012_e857c5e9da_chunk_0012_ast""]",high,pending
synonym_34afde66b58a,domestic,个人信息,related_term,"[""personal_data_protection_act_2012_e857c5e9da_chunk_0012_ast""]",high,pending
synonym_fc4c4838b5a9,domestic,自然人,related_term,"[""personal_data_protection_act_2012_e857c5e9da_chunk_0012_ast""]",high,pending
synonym_4318e3187ced,education institution,business,related_term,"[""personal_data_protection_act_2012_e857c5e9da_chunk_0012_ast""]",high,pending
synonym_308960cd1b00,education institution,company,related_term,"[""personal_data_protection_act_2012_e857c5e9da_chunk_0012_ast""]",high,pending
synonym_65c40f30a687,education institution,data subject,related_term,"[""personal_data_protection_act_2012_e857c5e9da_chunk_0012_ast""]",high,pending
synonym_fa492e0e994d,education institution,data subject information,related_term,"[""personal_data_protection_act_2012_e857c5e9da_chunk_0012_ast""]",high,pending
synonym_1e1e6a24f865,education institution,organization,related_term,"[""personal_data_protection_act_2012_e857c5e9da_chunk_0012_ast""]",high,pending
synonym_92a7db2df052,education institution,person,related_term,"[""personal_data_protection_act_2012_e857c5e9da_chunk_0012_ast""]",high,pending
synonym_9a98b4952877,education institution,personal information,related_term,"[""personal_data_protection_act_2012_e857c5e9da_chunk_0012_ast""]",high,pending
synonym_cd37fefecc69,education institution,个人信息,related_term,"[""personal_data_protection_act_2012_e857c5e9da_chunk_0012_ast""]",high,pending
synonym_f3a5a5ffde50,education institution,自然人,related_term,"[""personal_data_protection_act_2012_e857c5e9da_chunk_0012_ast""]",high,pending
synonym_9bd47be62da9,electronic record,digital record,related_term,"[""companies_act_1967_c8232023ef_chunk_1022_ast""]",high,pending
synonym_c00d7d472806,electronic record,digital record,synonym,"[""companies_act_1967_c8232023ef_chunk_1022_ast""]",high,pending
synonym_6851305a392b,electronic record,电子记录,related_term,"[""companies_act_1967_c8232023ef_chunk_1022_ast""]",high,pending
synonym_43a535ad2e59,electronic record,电子记录,synonym,"[""companies_act_1967_c8232023ef_chunk_1022_ast""]",high,pending
synonym_70b1359fc7cf,enforcement,authorisation,related_term,"[""personal_data_protection_act_2012_e857c5e9da_chunk_0047_ast"", ""personal_data_protection_act_2012_e857c5e9da_chunk_0145_ast""]",high,pending
synonym_201395728180,enforcement,business,related_term,"[""personal_data_protection_amendment_act_2020_d7cc5937b1_chunk_0006_ast"", ""personal_data_protection_amendment_act_2020_d7cc5937b1_chunk_0019_ast"", ""personal_data_protection_amendment_act_2020_d7cc5937b1_chunk_0028_ast"", ""personal_data_protection_amendment_act_2020_d7cc5937b1_chunk_0081_ast"", ""personal_data_protection_act_2012_e857c5e9da_chunk_0028_ast"", ""personal_data_protection_act_2012_e857c5e9da_chunk_0047_ast"", ""personal_data_protection_act_2012_e857c5e9da_chunk_0059_ast"", ""personal_data_protection_act_2012_e857c5e9da_chunk_0099_ast"", ""personal_data_protection_act_2012_e857c5e9da_chunk_0115_ast""]",high,pending
synonym_a1c1c8ab5dc3,enforcement,company,related_term,"[""personal_data_protection_amendment_act_2020_d7cc5937b1_chunk_0006_ast"", ""personal_data_protection_amendment_act_2020_d7cc5937b1_chunk_0019_ast"", ""personal_data_protection_amendment_act_2020_d7cc5937b1_chunk_0028_ast"", ""personal_data_protection_amendment_act_2020_d7cc5937b1_chunk_0081_ast"", ""personal_data_protection_act_2012_e857c5e9da_chunk_0028_ast"", ""personal_data_protection_act_2012_e857c5e9da_chunk_0047_ast"", ""personal_data_protection_act_2012_e857c5e9da_chunk_0059_ast"", ""personal_data_protection_act_2012_e857c5e9da_chunk_0099_ast"", ""personal_data_protection_act_2012_e857c5e9da_chunk_0115_ast""]",high,pending
synonym_cce2f1ce1f18,enforcement,data subject,related_term,"[""companies_act_1967_c8232023ef_chunk_0122_ast"", ""personal_data_protection_amendment_act_2020_d7cc5937b1_chunk_0006_ast"", ""personal_data_protection_amendment_act_2020_d7cc5937b1_chunk_0019_ast"", ""personal_data_protection_amendment_act_2020_d7cc5937b1_chunk_0028_ast"", ""personal_data_protection_amendment_act_2020_d7cc5937b1_chunk_0134_ast"", ""personal_data_protection_act_2012_e857c5e9da_chunk_0016_ast"", ""personal_data_protection_act_2012_e857c5e9da_chunk_0028_ast"", ""personal_data_protection_act_2012_e857c5e9da_chunk_0047_ast"", ""personal_data_protection_act_2012_e857c5e9da_chunk_0059_ast"", ""personal_data_protection_act_2012_e857c5e9da_chunk_0099_ast"", ""personal_data_protection_act_2012_e857c5e9da_chunk_0142_ast"", ""personal_data_protection_act_2012_e857c5e9da_chunk_0181_ast""]",high,pending
synonym_a9113416ef4f,enforcement,data subject information,related_term,"[""entranslation_of_the_personal_data_protection_act_0_1c77b4099e_chunk_0020_ast"", ""entranslation_of_the_personal_data_protection_act_0_1c77b4099e_chunk_0041_ast"", ""personal_data_protection_amendment_act_2020_d7cc5937b1_chunk_0006_ast"", ""personal_data_protection_amendment_act_2020_d7cc5937b1_chunk_0019_ast"", ""personal_data_protection_amendment_act_2020_d7cc5937b1_chunk_0134_ast"", ""personal_data_protection_act_2012_e857c5e9da_chunk_0005_ast"", ""personal_data_protection_act_2012_e857c5e9da_chunk_0024_ast"", ""personal_data_protection_act_2012_e857c5e9da_chunk_0028_ast"", ""personal_data_protection_act_2012_e857c5e9da_chunk_0047_ast"", ""personal_data_protection_act_2012_e857c5e9da_chunk_0181_ast""]",high,pending
synonym_432a75a8a379,enforcement,organization,related_term,"[""personal_data_protection_amendment_act_2020_d7cc5937b1_chunk_0006_ast"", ""personal_data_protection_amendment_act_2020_d7cc5937b1_chunk_0019_ast"", ""personal_data_protection_amendment_act_2020_d7cc5937b1_chunk_0028_ast"", ""personal_data_protection_amendment_act_2020_d7cc5937b1_chunk_0081_ast"", ""personal_data_protection_act_2012_e857c5e9da_chunk_0028_ast"", ""personal_data_protection_act_2012_e857c5e9da_chunk_0047_ast"", ""personal_data_protection_act_2012_e857c5e9da_chunk_0059_ast"", ""personal_data_protection_act_2012_e857c5e9da_chunk_0099_ast"", ""personal_data_protection_act_2012_e857c5e9da_chunk_0115_ast""]",high,pending
synonym_b201404add4f,enforcement,permission,related_term,"[""personal_data_protection_act_2012_e857c5e9da_chunk_0047_ast"", ""personal_data_protection_act_2012_e857c5e9da_chunk_0145_ast""]",high,pending
synonym_2ea033f3b63e,enforcement,person,related_term,"[""companies_act_1967_c8232023ef_chunk_0122_ast"", ""personal_data_protection_amendment_act_2020_d7cc5937b1_chunk_0006_ast"", ""personal_data_protection_amendment_act_2020_d7cc5937b1_chunk_0019_ast"", ""personal_data_protection_amendment_act_2020_d7cc5937b1_chunk_0028_ast"", ""personal_data_protection_amendment_act_2020_d7cc5937b1_chunk_0134_ast"", ""personal_data_protection_act_2012_e857c5e9da_chunk_0016_ast"", ""personal_data_protection_act_2012_e857c5e9da_chunk_0028_ast"", ""personal_data_protection_act_2012_e857c5e9da_chunk_0047_ast"", ""personal_data_protection_act_2012_e857c5e9da_chunk_0059_ast"", ""personal_data_protection_act_2012_e857c5e9da_chunk_0099_ast"", ""personal_data_protection_act_2012_e857c5e9da_chunk_0142_ast"", ""personal_data_protection_act_2012_e857c5e9da_chunk_0181_ast""]",high,pending
synonym_898fe617f498,enforcement,personal information,related_term,"[""entranslation_of_the_personal_data_protection_act_0_1c77b4099e_chunk_0020_ast"", ""entranslation_of_the_personal_data_protection_act_0_1c77b4099e_chunk_0041_ast"", ""personal_data_protection_amendment_act_2020_d7cc5937b1_chunk_0006_ast"", ""personal_data_protection_amendment_act_2020_d7cc5937b1_chunk_0019_ast"", ""personal_data_protection_amendment_act_2020_d7cc5937b1_chunk_0134_ast"", ""personal_data_protection_act_2012_e857c5e9da_chunk_0005_ast"", ""personal_data_protection_act_2012_e857c5e9da_chunk_0024_ast"", ""personal_data_protection_act_2012_e857c5e9da_chunk_0028_ast"", ""personal_data_protection_act_2012_e857c5e9da_chunk_0047_ast"", ""personal_data_protection_act_2012_e857c5e9da_chunk_0181_ast""]",high,pending
synonym_2b10a6b558c6,enforcement,个人信息,related_term,"[""entranslation_of_the_personal_data_protection_act_0_1c77b4099e_chunk_0020_ast"", ""entranslation_of_the_personal_data_protection_act_0_1c77b4099e_chunk_0041_ast"", ""personal_data_protection_amendment_act_2020_d7cc5937b1_chunk_0006_ast"", ""personal_data_protection_amendment_act_2020_d7cc5937b1_chunk_0019_ast"", ""personal_data_protection_amendment_act_2020_d7cc5937b1_chunk_0134_ast"", ""personal_data_protection_act_2012_e857c5e9da_chunk_0005_ast"", ""personal_data_protection_act_2012_e857c5e9da_chunk_0024_ast"", ""personal_data_protection_act_2012_e857c5e9da_chunk_0028_ast"", ""personal_data_protection_act_2012_e857c5e9da_chunk_0047_ast"", ""personal_data_protection_act_2012_e857c5e9da_chunk_0181_ast""]",high,pending
synonym_ef0dd68b480a,enforcement,同意,related_term,"[""personal_data_protection_act_2012_e857c5e9da_chunk_0047_ast"", ""personal_data_protection_act_2012_e857c5e9da_chunk_0145_ast""]",high,pending
synonym_72b0f9867964,enforcement,自然人,related_term,"[""companies_act_1967_c8232023ef_chunk_0122_ast"", ""personal_data_protection_amendment_act_2020_d7cc5937b1_chunk_0006_ast"", ""personal_data_protection_amendment_act_2020_d7cc5937b1_chunk_0019_ast"", ""personal_data_protection_amendment_act_2020_d7cc5937b1_chunk_0028_ast"", ""personal_data_protection_amendment_act_2020_d7cc5937b1_chunk_0134_ast"", ""personal_data_protection_act_2012_e857c5e9da_chunk_0016_ast"", ""personal_data_protection_act_2012_e857c5e9da_chunk_0028_ast"", ""personal_data_protection_act_2012_e857c5e9da_chunk_0047_ast"", ""personal_data_protection_act_2012_e857c5e9da_chunk_0059_ast"", ""personal_data_protection_act_2012_e857c5e9da_chunk_0099_ast"", ""personal_data_protection_act_2012_e857c5e9da_chunk_0142_ast"", ""personal_data_protection_act_2012_e857c5e9da_chunk_0181_ast""]",high,pending
synonym_bacc5d7abd33,evaluative purpose,data subject,related_term,"[""personal_data_protection_act_2012_e857c5e9da_chunk_0013_ast""]",high,pending
synonym_d80bd51bea97,evaluative purpose,person,related_term,"[""personal_data_protection_act_2012_e857c5e9da_chunk_0013_ast""]",high,pending
synonym_1a291b34739e,evaluative purpose,自然人,related_term,"[""personal_data_protection_act_2012_e857c5e9da_chunk_0013_ast""]",high,pending
synonym_1a2b1ae8b43a,financial penalty,business,related_term,"[""personal_data_protection_amendment_act_2020_d7cc5937b1_chunk_0072_ast"", ""personal_data_protection_amendment_act_2020_d7cc5937b1_chunk_0073_ast"", ""personal_data_protection_amendment_act_2020_d7cc5937b1_chunk_0075_ast"", ""personal_data_protection_amendment_act_2020_d7cc5937b1_chunk_0076_ast"", ""personal_data_protection_amendment_act_2020_d7cc5937b1_chunk_0077_ast"", ""personal_data_protection_amendment_act_2020_d7cc5937b1_chunk_0078_ast"", ""personal_data_protection_amendment_act_2020_d7cc5937b1_chunk_0079_ast"", ""personal_data_protection_amendment_act_2020_d7cc5937b1_chunk_0084_ast"", ""personal_data_protection_amendment_act_2020_d7cc5937b1_chunk_0089_ast"", ""personal_data_protection_amendment_act_2020_d7cc5937b1_chunk_0091_ast"", ""personal_data_protection_amendment_act_2020_d7cc5937b1_chunk_0092_ast"", ""personal_data_protection_amendment_act_2020_d7cc5937b1_chunk_0093_ast"", ""personal_data_protection_amendment_act_2020_d7cc5937b1_chunk_0094_ast"", ""personal_data_protection_act_2012_e857c5e9da_chunk_0105_ast"", ""personal_data_protection_act_2012_e857c5e9da_chunk_0106_ast"", ""personal_data_protection_act_2012_e857c5e9da_chunk_0107_ast"", ""personal_data_protection_act_2012_e857c5e9da_chunk_0108_ast"", ""personal_data_protection_act_2012_e857c5e9da_chunk_0109_ast"", ""personal_data_protection_act_2012_e857c5e9da_chunk_0110_ast"", ""personal_data_protection_act_2012_e857c5e9da_chunk_0111_ast"", ""personal_data_protection_act_2012_e857c5e9da_chunk_0112_ast"", ""personal_data_protection_act_2012_e857c5e9da_chunk_0113_ast"", ""personal_data_protection_act_2012_e857c5e9da_chunk_0117_ast"", ""personal_data_protection_act_2012_e857c5e9da_chunk_0118_ast"", ""personal_data_protection_act_2012_e857c5e9da_chunk_0119_ast"", ""personal_data_protection_act_2012_e857c5e9da_chunk_0123_ast""]",high,pending
synonym_699456e35b5b,financial penalty,company,related_term,"[""personal_data_protection_amendment_act_2020_d7cc5937b1_chunk_0072_ast"", ""personal_data_protection_amendment_act_2020_d7cc5937b1_chunk_0073_ast"", ""personal_data_protection_amendment_act_2020_d7cc5937b1_chunk_0075_ast"", ""personal_data_protection_amendment_act_2020_d7cc5937b1_chunk_0076_ast"", ""personal_data_protection_amendment_act_2020_d7cc5937b1_chunk_0077_ast"", ""personal_data_protection_amendment_act_2020_d7cc5937b1_chunk_0078_ast"", ""personal_data_protection_amendment_act_2020_d7cc5937b1_chunk_0079_ast"", ""personal_data_protection_amendment_act_2020_d7cc5937b1_chunk_0084_ast"", ""personal_data_protection_amendment_act_2020_d7cc5937b1_chunk_0089_ast"", ""personal_data_protection_amendment_act_2020_d7cc5937b1_chunk_0091_ast"", ""personal_data_protection_amendment_act_2020_d7cc5937b1_chunk_0092_ast"", ""personal_data_protection_amendment_act_2020_d7cc5937b1_chunk_0093_ast"", ""personal_data_protection_amendment_act_2020_d7cc5937b1_chunk_0094_ast"", ""personal_data_protection_act_2012_e857c5e9da_chunk_0105_ast"", ""personal_data_protection_act_2012_e857c5e9da_chunk_0106_ast"", ""personal_data_protection_act_2012_e857c5e9da_chunk_0107_ast"", ""personal_data_protection_act_2012_e857c5e9da_chunk_0108_ast"", ""personal_data_protection_act_2012_e857c5e9da_chunk_0109_ast"", ""personal_data_protection_act_2012_e857c5e9da_chunk_0110_ast"", ""personal_data_protection_act_2012_e857c5e9da_chunk_0111_ast"", ""personal_data_protection_act_2012_e857c5e9da_chunk_0112_ast"", ""personal_data_protection_act_2012_e857c5e9da_chunk_0113_ast"", ""personal_data_protection_act_2012_e857c5e9da_chunk_0117_ast"", ""personal_data_protection_act_2012_e857c5e9da_chunk_0118_ast"", ""personal_data_protection_act_2012_e857c5e9da_chunk_0119_ast"", ""personal_data_protection_act_2012_e857c5e9da_chunk_0123_ast""]",high,pending
synonym_9dd8419bf561,financial penalty,data subject,related_term,"[""personal_data_protection_amendment_act_2020_d7cc5937b1_chunk_0073_ast"", ""personal_data_protection_amendment_act_2020_d7cc5937b1_chunk_0084_ast"", ""personal_data_protection_amendment_act_2020_d7cc5937b1_chunk_0093_ast"", ""personal_data_protection_act_2012_e857c5e9da_chunk_0106_ast"", ""personal_data_protection_act_2012_e857c5e9da_chunk_0117_ast""]",high,pending
synonym_e473f4d85361,financial penalty,data subject information,related_term,"[""personal_data_protection_amendment_act_2020_d7cc5937b1_chunk_0072_ast"", ""personal_data_protection_amendment_act_2020_d7cc5937b1_chunk_0093_ast"", ""personal_data_protection_act_2012_e857c5e9da_chunk_0105_ast"", ""personal_data_protection_act_2012_e857c5e9da_chunk_0106_ast"", ""personal_data_protection_act_2012_e857c5e9da_chunk_0108_ast""]",high,pending
synonym_757976714624,financial penalty,organization,related_term,"[""personal_data_protection_amendment_act_2020_d7cc5937b1_chunk_0072_ast"", ""personal_data_protection_amendment_act_2020_d7cc5937b1_chunk_0073_ast"", ""personal_data_protection_amendment_act_2020_d7cc5937b1_chunk_0075_ast"", ""personal_data_protection_amendment_act_2020_d7cc5937b1_chunk_0076_ast"", ""personal_data_protection_amendment_act_2020_d7cc5937b1_chunk_0077_ast"", ""personal_data_protection_amendment_act_2020_d7cc5937b1_chunk_0078_ast"", ""personal_data_protection_amendment_act_2020_d7cc5937b1_chunk_0079_ast"", ""personal_data_protection_amendment_act_2020_d7cc5937b1_chunk_0084_ast"", ""personal_data_protection_amendment_act_2020_d7cc5937b1_chunk_0089_ast"", ""personal_data_protection_amendment_act_2020_d7cc5937b1_chunk_0091_ast"", ""personal_data_protection_amendment_act_2020_d7cc5937b1_chunk_0092_ast"", ""personal_data_protection_amendment_act_2020_d7cc5937b1_chunk_0093_ast"", ""personal_data_protection_amendment_act_2020_d7cc5937b1_chunk_0094_ast"", ""personal_data_protection_act_2012_e857c5e9da_chunk_0105_ast"", ""personal_data_protection_act_2012_e857c5e9da_chunk_0106_ast"", ""personal_data_protection_act_2012_e857c5e9da_chunk_0107_ast"", ""personal_data_protection_act_2012_e857c5e9da_chunk_0108_ast"", ""personal_data_protection_act_2012_e857c5e9da_chunk_0109_ast"", ""personal_data_protection_act_2012_e857c5e9da_chunk_0110_ast"", ""personal_data_protection_act_2012_e857c5e9da_chunk_0111_ast"", ""personal_data_protection_act_2012_e857c5e9da_chunk_0112_ast"", ""personal_data_protection_act_2012_e857c5e9da_chunk_0113_ast"", ""personal_data_protection_act_2012_e857c5e9da_chunk_0117_ast"", ""personal_data_protection_act_2012_e857c5e9da_chunk_0118_ast"", ""personal_data_protection_act_2012_e857c5e9da_chunk_0119_ast"", ""personal_data_protection_act_2012_e857c5e9da_chunk_0123_ast""]",high,pending
synonym_72702f0f7c45,financial penalty,person,related_term,"[""personal_data_protection_amendment_act_2020_d7cc5937b1_chunk_0073_ast"", ""personal_data_protection_amendment_act_2020_d7cc5937b1_chunk_0084_ast"", ""personal_data_protection_amendment_act_2020_d7cc5937b1_chunk_0093_ast"", ""personal_data_protection_act_2012_e857c5e9da_chunk_0106_ast"", ""personal_data_protection_act_2012_e857c5e9da_chunk_0117_ast""]",high,pending
synonym_7238b6874858,financial penalty,personal information,related_term,"[""personal_data_protection_amendment_act_2020_d7cc5937b1_chunk_0072_ast"", ""personal_data_protection_amendment_act_2020_d7cc5937b1_chunk_0093_ast"", ""personal_data_protection_act_2012_e857c5e9da_chunk_0105_ast"", ""personal_data_protection_act_2012_e857c5e9da_chunk_0106_ast"", ""personal_data_protection_act_2012_e857c5e9da_chunk_0108_ast""]",high,pending
synonym_65517cbdd067,financial penalty,个人信息,related_term,"[""personal_data_protection_amendment_act_2020_d7cc5937b1_chunk_0072_ast"", ""personal_data_protection_amendment_act_2020_d7cc5937b1_chunk_0093_ast"", ""personal_data_protection_act_2012_e857c5e9da_chunk_0105_ast"", ""personal_data_protection_act_2012_e857c5e9da_chunk_0106_ast"", ""personal_data_protection_act_2012_e857c5e9da_chunk_0108_ast""]",high,pending
synonym_a6196f068ccb,financial penalty,自然人,related_term,"[""personal_data_protection_amendment_act_2020_d7cc5937b1_chunk_0073_ast"", ""personal_data_protection_amendment_act_2020_d7cc5937b1_chunk_0084_ast"", ""personal_data_protection_amendment_act_2020_d7cc5937b1_chunk_0093_ast"", ""personal_data_protection_act_2012_e857c5e9da_chunk_0106_ast"", ""personal_data_protection_act_2012_e857c5e9da_chunk_0117_ast""]",high,pending
synonym_bde980a7c9e4,foreign company,authorisation,related_term,"[""companies_act_1967_c8232023ef_chunk_0454_ast""]",high,pending
synonym_a51d5d8ec94f,foreign company,data subject,related_term,"[""companies_act_1967_c8232023ef_chunk_0454_ast""]",high,pending
synonym_d2ef5b4b4e69,foreign company,permission,related_term,"[""companies_act_1967_c8232023ef_chunk_0454_ast""]",high,pending
synonym_589c464bc02c,foreign company,person,related_term,"[""companies_act_1967_c8232023ef_chunk_0454_ast""]",high,pending
synonym_7616a33f0c25,foreign company,同意,related_term,"[""companies_act_1967_c8232023ef_chunk_0454_ast""]",high,pending
synonym_de7211d2bef9,foreign company,自然人,related_term,"[""companies_act_1967_c8232023ef_chunk_0454_ast""]",high,pending
synonym_f772c3279925,foreign data protection body,business,related_term,"[""personal_data_protection_act_2012_e857c5e9da_chunk_0028_ast""]",high,pending
synonym_8335487160bc,foreign data protection body,company,related_term,"[""personal_data_protection_act_2012_e857c5e9da_chunk_0028_ast""]",high,pending
synonym_73ff4ec0137b,foreign data protection body,data subject,related_term,"[""personal_data_protection_act_2012_e857c5e9da_chunk_0028_ast""]",high,pending
synonym_dd88b429ce8e,foreign data protection body,data subject information,related_term,"[""personal_data_protection_act_2012_e857c5e9da_chunk_0028_ast""]",high,pending
synonym_1adc0e3360ed,foreign data protection body,organization,related_term,"[""personal_data_protection_act_2012_e857c5e9da_chunk_0028_ast""]",high,pending
synonym_bb6124e3d67f,foreign data protection body,person,related_term,"[""personal_data_protection_act_2012_e857c5e9da_chunk_0028_ast""]",high,pending
synonym_6799dc12e7b3,foreign data protection body,personal information,related_term,"[""personal_data_protection_act_2012_e857c5e9da_chunk_0028_ast""]",high,pending
synonym_004ea021bb7b,foreign data protection body,个人信息,related_term,"[""personal_data_protection_act_2012_e857c5e9da_chunk_0028_ast""]",high,pending
synonym_c8046c3b3b4a,foreign data protection body,自然人,related_term,"[""personal_data_protection_act_2012_e857c5e9da_chunk_0028_ast""]",high,pending
synonym_74662ba7006b,Former Commission,data subject information,related_term,"[""personal_data_protection_act_2012_e857c5e9da_chunk_0156_ast""]",high,pending
synonym_b4077ff3da08,Former Commission,personal information,related_term,"[""personal_data_protection_act_2012_e857c5e9da_chunk_0156_ast""]",high,pending
synonym_ea3256398e7c,Former Commission,个人信息,related_term,"[""personal_data_protection_act_2012_e857c5e9da_chunk_0156_ast""]",high,pending
synonym_a962909804da,full name,data subject,related_term,"[""companies_act_1967_c8232023ef_chunk_0055_ast""]",high,pending
synonym_d7f9cf12cb11,full name,person,related_term,"[""companies_act_1967_c8232023ef_chunk_0055_ast""]",high,pending
synonym_7151b9ee336d,full name,自然人,related_term,"[""companies_act_1967_c8232023ef_chunk_0055_ast""]",high,pending
synonym_7791d4a7670b,gain,data subject,related_term,"[""personal_data_protection_amendment_act_2020_d7cc5937b1_chunk_0054_ast"", ""personal_data_protection_amendment_act_2020_d7cc5937b1_chunk_0145_ast""]",high,pending
synonym_57364d95eda1,gain,data subject information,related_term,"[""personal_data_protection_amendment_act_2020_d7cc5937b1_chunk_0054_ast"", ""personal_data_protection_amendment_act_2020_d7cc5937b1_chunk_0145_ast"", ""personal_data_protection_act_2012_e857c5e9da_chunk_0088_ast""]",high,pending
synonym_bd640dafe0b8,gain,person,related_term,"[""personal_data_protection_amendment_act_2020_d7cc5937b1_chunk_0054_ast"", ""personal_data_protection_amendment_act_2020_d7cc5937b1_chunk_0145_ast""]",high,pending
synonym_706e7decfc52,gain,personal information,related_term,"[""personal_data_protection_amendment_act_2020_d7cc5937b1_chunk_0054_ast"", ""personal_data_protection_amendment_act_2020_d7cc5937b1_chunk_0145_ast"", ""personal_data_protection_act_2012_e857c5e9da_chunk_0088_ast""]",high,pending
synonym_f2ea2a48d6b7,gain,个人信息,related_term,"[""personal_data_protection_amendment_act_2020_d7cc5937b1_chunk_0054_ast"", ""personal_data_protection_amendment_act_2020_d7cc5937b1_chunk_0145_ast"", ""personal_data_protection_act_2012_e857c5e9da_chunk_0088_ast""]",high,pending
synonym_d5915826464d,gain,自然人,related_term,"[""personal_data_protection_amendment_act_2020_d7cc5937b1_chunk_0054_ast"", ""personal_data_protection_amendment_act_2020_d7cc5937b1_chunk_0145_ast""]",high,pending
synonym_2d6f3ddf0e85,generally available information,data subject,related_term,"[""personal_data_protection_amendment_act_2020_d7cc5937b1_chunk_0145_ast""]",high,pending
synonym_35dc75f1e6eb,generally available information,data subject information,related_term,"[""personal_data_protection_amendment_act_2020_d7cc5937b1_chunk_0145_ast""]",high,pending
synonym_537a03511b46,generally available information,person,related_term,"[""personal_data_protection_amendment_act_2020_d7cc5937b1_chunk_0145_ast""]",high,pending
synonym_04581b82fe11,generally available information,personal information,related_term,"[""personal_data_protection_amendment_act_2020_d7cc5937b1_chunk_0145_ast""]",high,pending
synonym_96b4cacfdb3b,generally available information,个人信息,related_term,"[""personal_data_protection_amendment_act_2020_d7cc5937b1_chunk_0145_ast""]",high,pending
synonym_a7e7e4643dda,generally available information,自然人,related_term,"[""personal_data_protection_amendment_act_2020_d7cc5937b1_chunk_0145_ast""]",high,pending
synonym_8bb56fd6e5a9,identification,data subject,related_term,"[""companies_act_1967_c8232023ef_chunk_0055_ast""]",high,pending
synonym_9c0deea3522b,identification,person,related_term,"[""companies_act_1967_c8232023ef_chunk_0055_ast""]",high,pending
synonym_5e0eb49bae39,identification,自然人,related_term,"[""companies_act_1967_c8232023ef_chunk_0055_ast""]",high,pending
synonym_acd3f33d4416,in electronic form,digital record,related_term,"[""companies_act_1967_c8232023ef_chunk_1022_ast""]",high,pending
synonym_be073bb0bb3a,in electronic form,电子记录,related_term,"[""companies_act_1967_c8232023ef_chunk_1022_ast""]",high,pending
synonym_537a86b098aa,in hard copy form,digital record,related_term,"[""companies_act_1967_c8232023ef_chunk_1022_ast""]",high,pending
synonym_6a368300c043,in hard copy form,电子记录,related_term,"[""companies_act_1967_c8232023ef_chunk_1022_ast""]",high,pending
synonym_0ffeda0b6b4d,individual,authorisation,related_term,"[""companies_act_1967_c8232023ef_chunk_0437_ast"", ""companies_act_1967_c8232023ef_chunk_0454_ast"", ""companies_act_1967_c8232023ef_chunk_0542_ast"", ""personal_data_protection_amendment_act_2020_d7cc5937b1_chunk_0009_ast"", ""personal_data_protection_amendment_act_2020_d7cc5937b1_chunk_0010_ast"", ""personal_data_protection_amendment_act_2020_d7cc5937b1_chunk_0012_ast"", ""personal_data_protection_amendment_act_2020_d7cc5937b1_chunk_0013_ast"", ""personal_data_protection_amendment_act_2020_d7cc5937b1_chunk_0014_ast"", ""personal_data_protection_amendment_act_2020_d7cc5937b1_chunk_0015_ast"", ""personal_data_protection_amendment_act_2020_d7cc5937b1_chunk_0016_ast"", ""personal_data_protection_amendment_act_2020_d7cc5937b1_chunk_0020_ast"", ""personal_data_protection_amendment_act_2020_d7cc5937b1_chunk_0036_ast"", ""personal_data_protection_amendment_act_2020_d7cc5937b1_chunk_0067_ast"", ""personal_data_protection_amendment_act_2020_d7cc5937b1_chunk_0099_ast"", ""personal_data_protection_amendment_act_2020_d7cc5937b1_chunk_0103_ast"", ""personal_data_protection_amendment_act_2020_d7cc5937b1_chunk_0110_ast"", ""personal_data_protection_amendment_act_2020_d7cc5937b1_chunk_0111_ast"", ""personal_data_protection_amendment_act_2020_d7cc5937b1_chunk_0130_ast"", ""personal_data_protection_amendment_act_2020_d7cc5937b1_chunk_0133_ast"", ""personal_data_protection_amendment_act_2020_d7cc5937b1_chunk_0135_ast"", ""personal_data_protection_act_2012_e857c5e9da_chunk_0030_ast"", ""personal_data_protection_act_2012_e857c5e9da_chunk_0031_ast"", ""personal_data_protection_act_2012_e857c5e9da_chunk_0032_ast"", ""personal_data_protection_act_2012_e857c5e9da_chunk_0033_ast"", ""personal_data_protection_act_2012_e857c5e9da_chunk_0035_ast"", ""personal_data_protection_act_2012_e857c5e9da_chunk_0036_ast"", ""personal_data_protection_act_2012_e857c5e9da_chunk_0037_ast"", ""personal_data_protection_act_2012_e857c5e9da_chunk_0038_ast"", ""personal_data_protection_act_2012_e857c5e9da_chunk_0039_ast"", ""personal_data_protection_act_2012_e857c5e9da_chunk_0040_ast"", ""personal_data_protection_act_2012_e857c5e9da_chunk_0041_ast"", ""personal_data_protection_act_2012_e857c5e9da_chunk_0042_ast"", ""personal_data_protection_act_2012_e857c5e9da_chunk_0043_ast"", ""personal_data_protection_act_2012_e857c5e9da_chunk_0044_ast"", ""personal_data_protection_act_2012_e857c5e9da_chunk_0047_ast"", ""personal_data_protection_act_2012_e857c5e9da_chunk_0050_ast"", ""personal_data_protection_act_2012_e857c5e9da_chunk_0100_ast"", ""personal_data_protection_act_2012_e857c5e9da_chunk_0133_ast"", ""personal_data_protection_act_2012_e857c5e9da_chunk_0137_ast"", ""personal_data_protection_act_2012_e857c5e9da_chunk_0153_ast"", ""personal_data_protection_act_2012_e857c5e9da_chunk_0157_ast"", ""personal_data_protection_act_2012_e857c5e9da_chunk_0158_ast"", ""personal_data_protection_act_2012_e857c5e9da_chunk_0177_ast"", ""personal_data_protection_act_2012_e857c5e9da_chunk_0180_ast"", ""personal_data_protection_act_2012_e857c5e9da_chunk_0182_ast"", ""personal_data_protection_act_2012_e857c5e9da_chunk_0184_ast""]",high,pending
synonym_806ba2e77651,individual,business,related_term,"[""personal_data_protection_amendment_act_2020_d7cc5937b1_chunk_0006_ast"", ""personal_data_protection_amendment_act_2020_d7cc5937b1_chunk_0007_ast"", ""personal_data_protection_amendment_act_2020_d7cc5937b1_chunk_0009_ast"", ""personal_data_protection_amendment_act_2020_d7cc5937b1_chunk_0010_ast"", ""personal_data_protection_amendment_act_2020_d7cc5937b1_chunk_0011_ast"", ""personal_data_protection_amendment_act_2020_d7cc5937b1_chunk_0012_ast"", ""personal_data_protection_amendment_act_2020_d7cc5937b1_chunk_0013_ast"", ""personal_data_protection_amendment_act_2020_d7cc5937b1_chunk_0014_ast"", ""personal_data_protection_amendment_act_2020_d7cc5937b1_chunk_0015_ast"", ""personal_data_protection_amendment_act_2020_d7cc5937b1_chunk_0016_ast"", ""personal_data_protection_amendment_act_2020_d7cc5937b1_chunk_0017_ast"", ""personal_data_protection_amendment_act_2020_d7cc5937b1_chunk_0018_ast"", ""personal_data_protection_amendment_act_2020_d7cc5937b1_chunk_0019_ast"", ""personal_data_protection_amendment_act_2020_d7cc5937b1_chunk_0020_ast"", ""personal_data_protection_amendment_act_2020_d7cc5937b1_chunk_0021_ast"", ""personal_data_protection_amendment_act_2020_d7cc5937b1_chunk_0025_ast"", ""personal_data_protection_amendment_act_2020_d7cc5937b1_chunk_0027_ast"", ""personal_data_protection_amendment_act_2020_d7cc5937b1_chunk_0028_ast"", ""personal_data_protection_amendment_act_2020_d7cc5937b1_chunk_0030_ast"", ""personal_data_protection_amendment_act_2020_d7cc5937b1_chunk_0032_ast"", ""personal_data_protection_amendment_act_2020_d7cc5937b1_chunk_0033_ast"", ""personal_data_protection_amendment_act_2020_d7cc5937b1_chunk_0034_ast"", ""personal_data_protection_amendment_act_2020_d7cc5937b1_chunk_0035_ast"", ""personal_data_protection_amendment_act_2020_d7cc5937b1_chunk_0036_ast"", ""personal_data_protection_amendment_act_2020_d7cc5937b1_chunk_0044_ast"", ""personal_data_protection_amendment_act_2020_d7cc5937b1_chunk_0045_ast"", ""personal_data_protection_amendment_act_2020_d7cc5937b1_chunk_0057_ast"", ""personal_data_protection_amendment_act_2020_d7cc5937b1_chunk_0060_ast"", ""personal_data_protection_amendment_act_2020_d7cc5937b1_chunk_0063_ast"", ""personal_data_protection_amendment_act_2020_d7cc5937b1_chunk_0064_ast"", ""personal_data_protection_amendment_act_2020_d7cc5937b1_chunk_0067_ast"", ""personal_data_protection_amendment_act_2020_d7cc5937b1_chunk_0068_ast"", ""personal_data_protection_amendment_act_2020_d7cc5937b1_chunk_0073_ast"", ""personal_data_protection_amendment_act_2020_d7cc5937b1_chunk_0084_ast"", ""personal_data_protection_amendment_act_2020_d7cc5937b1_chunk_0088_ast"", ""personal_data_protection_amendment_act_2020_d7cc5937b1_chunk_0093_ast"", ""personal_data_protection_amendment_act_2020_d7cc5937b1_chunk_0096_ast"", ""personal_data_protection_amendment_act_2020_d7cc5937b1_chunk_0097_ast"", ""personal_data_protection_amendment_act_2020_d7cc5937b1_chunk_0098_ast"", ""personal_data_protection_amendment_act_2020_d7cc5937b1_chunk_0106_ast"", ""personal_data_protection_amendment_act_2020_d7cc5937b1_chunk_0110_ast"", ""personal_data_protection_amendment_act_2020_d7cc5937b1_chunk_0113_ast"", ""personal_data_protection_amendment_act_2020_d7cc5937b1_chunk_0115_ast"", ""personal_data_protection_amendment_act_2020_d7cc5937b1_chunk_0116_ast"", ""personal_data_protection_amendment_act_2020_d7cc5937b1_chunk_0117_ast"", ""personal_data_protection_amendment_act_2020_d7cc5937b1_chunk_0118_ast"", ""personal_data_protection_amendment_act_2020_d7cc5937b1_chunk_0119_ast"", ""personal_data_protection_amendment_act_2020_d7cc5937b1_chunk_0120_ast"", ""personal_data_protection_amendment_act_2020_d7cc5937b1_chunk_0121_ast"", ""personal_data_protection_amendment_act_2020_d7cc5937b1_chunk_0123_ast"", ""personal_data_protection_amendment_act_2020_d7cc5937b1_chunk_0125_ast"", ""personal_data_protection_amendment_act_2020_d7cc5937b1_chunk_0127_ast"", ""personal_data_protection_amendment_act_2020_d7cc5937b1_chunk_0131_ast"", ""personal_data_protection_amendment_act_2020_d7cc5937b1_chunk_0132_ast"", ""personal_data_protection_amendment_act_2020_d7cc5937b1_chunk_0133_ast"", ""personal_data_protection_amendment_act_2020_d7cc5937b1_chunk_0135_ast"", ""personal_data_protection_amendment_act_2020_d7cc5937b1_chunk_0144_ast"", ""personal_data_protection_act_2012_e857c5e9da_chunk_0010_ast"", ""personal_data_protection_act_2012_e857c5e9da_chunk_0011_ast"", ""personal_data_protection_act_2012_e857c5e9da_chunk_0012_ast"", ""personal_data_protection_act_2012_e857c5e9da_chunk_0015_ast"", ""personal_data_protection_act_2012_e857c5e9da_chunk_0018_ast"", ""personal_data_protection_act_2012_e857c5e9da_chunk_0019_ast"", ""personal_data_protection_act_2012_e857c5e9da_chunk_0020_ast"", ""personal_data_protection_act_2012_e857c5e9da_chunk_0028_ast"", ""personal_data_protection_act_2012_e857c5e9da_chunk_0029_ast"", ""personal_data_protection_act_2012_e857c5e9da_chunk_0030_ast"", ""personal_data_protection_act_2012_e857c5e9da_chunk_0031_ast"", ""personal_data_protection_act_2012_e857c5e9da_chunk_0032_ast"", ""personal_data_protection_act_2012_e857c5e9da_chunk_0033_ast"", ""personal_data_protection_act_2012_e857c5e9da_chunk_0034_ast"", ""personal_data_protection_act_2012_e857c5e9da_chunk_0035_ast"", ""personal_data_protection_act_2012_e857c5e9da_chunk_0036_ast"", ""personal_data_protection_act_2012_e857c5e9da_chunk_0037_ast"", ""personal_data_protection_act_2012_e857c5e9da_chunk_0038_ast"", ""personal_data_protection_act_2012_e857c5e9da_chunk_0039_ast"", ""personal_data_protection_act_2012_e857c5e9da_chunk_0040_ast"", ""personal_data_protection_act_2012_e857c5e9da_chunk_0041_ast"", ""personal_data_protection_act_2012_e857c5e9da_chunk_0042_ast"", ""personal_data_protection_act_2012_e857c5e9da_chunk_0043_ast""]",high,pending
synonym_a4c8b88c78f2,individual,company,related_term,"[""personal_data_protection_amendment_act_2020_d7cc5937b1_chunk_0006_ast"", ""personal_data_protection_amendment_act_2020_d7cc5937b1_chunk_0007_ast"", ""personal_data_protection_amendment_act_2020_d7cc5937b1_chunk_0009_ast"", ""personal_data_protection_amendment_act_2020_d7cc5937b1_chunk_0010_ast"", ""personal_data_protection_amendment_act_2020_d7cc5937b1_chunk_0011_ast"", ""personal_data_protection_amendment_act_2020_d7cc5937b1_chunk_0012_ast"", ""personal_data_protection_amendment_act_2020_d7cc5937b1_chunk_0013_ast"", ""personal_data_protection_amendment_act_2020_d7cc5937b1_chunk_0014_ast"", ""personal_data_protection_amendment_act_2020_d7cc5937b1_chunk_0015_ast"", ""personal_data_protection_amendment_act_2020_d7cc5937b1_chunk_0016_ast"", ""personal_data_protection_amendment_act_2020_d7cc5937b1_chunk_0017_ast"", ""personal_data_protection_amendment_act_2020_d7cc5937b1_chunk_0018_ast"", ""personal_data_protection_amendment_act_2020_d7cc5937b1_chunk_0019_ast"", ""personal_data_protection_amendment_act_2020_d7cc5937b1_chunk_0020_ast"", ""personal_data_protection_amendment_act_2020_d7cc5937b1_chunk_0021_ast"", ""personal_data_protection_amendment_act_2020_d7cc5937b1_chunk_0025_ast"", ""personal_data_protection_amendment_act_2020_d7cc5937b1_chunk_0027_ast"", ""personal_data_protection_amendment_act_2020_d7cc5937b1_chunk_0028_ast"", ""personal_data_protection_amendment_act_2020_d7cc5937b1_chunk_0030_ast"", ""personal_data_protection_amendment_act_2020_d7cc5937b1_chunk_0032_ast"", ""personal_data_protection_amendment_act_2020_d7cc5937b1_chunk_0033_ast"", ""personal_data_protection_amendment_act_2020_d7cc5937b1_chunk_0034_ast"", ""personal_data_protection_amendment_act_2020_d7cc5937b1_chunk_0035_ast"", ""personal_data_protection_amendment_act_2020_d7cc5937b1_chunk_0036_ast"", ""personal_data_protection_amendment_act_2020_d7cc5937b1_chunk_0044_ast"", ""personal_data_protection_amendment_act_2020_d7cc5937b1_chunk_0045_ast"", ""personal_data_protection_amendment_act_2020_d7cc5937b1_chunk_0057_ast"", ""personal_data_protection_amendment_act_2020_d7cc5937b1_chunk_0060_ast"", ""personal_data_protection_amendment_act_2020_d7cc5937b1_chunk_0063_ast"", ""personal_data_protection_amendment_act_2020_d7cc5937b1_chunk_0064_ast"", ""personal_data_protection_amendment_act_2020_d7cc5937b1_chunk_0067_ast"", ""personal_data_protection_amendment_act_2020_d7cc5937b1_chunk_0068_ast"", ""personal_data_protection_amendment_act_2020_d7cc5937b1_chunk_0073_ast"", ""personal_data_protection_amendment_act_2020_d7cc5937b1_chunk_0084_ast"", ""personal_data_protection_amendment_act_2020_d7cc5937b1_chunk_0088_ast"", ""personal_data_protection_amendment_act_2020_d7cc5937b1_chunk_0093_ast"", ""personal_data_protection_amendment_act_2020_d7cc5937b1_chunk_0096_ast"", ""personal_data_protection_amendment_act_2020_d7cc5937b1_chunk_0097_ast"", ""personal_data_protection_amendment_act_2020_d7cc5937b1_chunk_0098_ast"", ""personal_data_protection_amendment_act_2020_d7cc5937b1_chunk_0106_ast"", ""personal_data_protection_amendment_act_2020_d7cc5937b1_chunk_0110_ast"", ""personal_data_protection_amendment_act_2020_d7cc5937b1_chunk_0113_ast"", ""personal_data_protection_amendment_act_2020_d7cc5937b1_chunk_0115_ast"", ""personal_data_protection_amendment_act_2020_d7cc5937b1_chunk_0116_ast"", ""personal_data_protection_amendment_act_2020_d7cc5937b1_chunk_0117_ast"", ""personal_data_protection_amendment_act_2020_d7cc5937b1_chunk_0118_ast"", ""personal_data_protection_amendment_act_2020_d7cc5937b1_chunk_0119_ast"", ""personal_data_protection_amendment_act_2020_d7cc5937b1_chunk_0120_ast"", ""personal_data_protection_amendment_act_2020_d7cc5937b1_chunk_0121_ast"", ""personal_data_protection_amendment_act_2020_d7cc5937b1_chunk_0123_ast"", ""personal_data_protection_amendment_act_2020_d7cc5937b1_chunk_0125_ast"", ""personal_data_protection_amendment_act_2020_d7cc5937b1_chunk_0127_ast"", ""personal_data_protection_amendment_act_2020_d7cc5937b1_chunk_0131_ast"", ""personal_data_protection_amendment_act_2020_d7cc5937b1_chunk_0132_ast"", ""personal_data_protection_amendment_act_2020_d7cc5937b1_chunk_0133_ast"", ""personal_data_protection_amendment_act_2020_d7cc5937b1_chunk_0135_ast"", ""personal_data_protection_amendment_act_2020_d7cc5937b1_chunk_0144_ast"", ""personal_data_protection_act_2012_e857c5e9da_chunk_0010_ast"", ""personal_data_protection_act_2012_e857c5e9da_chunk_0011_ast"", ""personal_data_protection_act_2012_e857c5e9da_chunk_0012_ast"", ""personal_data_protection_act_2012_e857c5e9da_chunk_0015_ast"", ""personal_data_protection_act_2012_e857c5e9da_chunk_0018_ast"", ""personal_data_protection_act_2012_e857c5e9da_chunk_0019_ast"", ""personal_data_protection_act_2012_e857c5e9da_chunk_0020_ast"", ""personal_data_protection_act_2012_e857c5e9da_chunk_0028_ast"", ""personal_data_protection_act_2012_e857c5e9da_chunk_0029_ast"", ""personal_data_protection_act_2012_e857c5e9da_chunk_0030_ast"", ""personal_data_protection_act_2012_e857c5e9da_chunk_0031_ast"", ""personal_data_protection_act_2012_e857c5e9da_chunk_0032_ast"", ""personal_data_protection_act_2012_e857c5e9da_chunk_0033_ast"", ""personal_data_protection_act_2012_e857c5e9da_chunk_0034_ast"", ""personal_data_protection_act_2012_e857c5e9da_chunk_0035_ast"", ""personal_data_protection_act_2012_e857c5e9da_chunk_0036_ast"", ""personal_data_protection_act_2012_e857c5e9da_chunk_0037_ast"", ""personal_data_protection_act_2012_e857c5e9da_chunk_0038_ast"", ""personal_data_protection_act_2012_e857c5e9da_chunk_0039_ast"", ""personal_data_protection_act_2012_e857c5e9da_chunk_0040_ast"", ""personal_data_protection_act_2012_e857c5e9da_chunk_0041_ast"", ""personal_data_protection_act_2012_e857c5e9da_chunk_0042_ast"", ""personal_data_protection_act_2012_e857c5e9da_chunk_0043_ast""]",high,pending
synonym_9dd4469a2199,individual,data subject,related_term,"[""companies_act_1967_c8232023ef_chunk_0014_ast"", ""companies_act_1967_c8232023ef_chunk_0015_ast"", ""companies_act_1967_c8232023ef_chunk_0049_ast"", ""companies_act_1967_c8232023ef_chunk_0055_ast"", ""companies_act_1967_c8232023ef_chunk_0056_ast"", ""companies_act_1967_c8232023ef_chunk_0062_ast"", ""companies_act_1967_c8232023ef_chunk_0106_ast"", ""companies_act_1967_c8232023ef_chunk_0117_ast"", ""companies_act_1967_c8232023ef_chunk_0118_ast"", ""companies_act_1967_c8232023ef_chunk_0119_ast"", ""companies_act_1967_c8232023ef_chunk_0120_ast"", ""companies_act_1967_c8232023ef_chunk_0121_ast"", ""companies_act_1967_c8232023ef_chunk_0122_ast"", ""companies_act_1967_c8232023ef_chunk_0129_ast"", ""companies_act_1967_c8232023ef_chunk_0130_ast"", ""companies_act_1967_c8232023ef_chunk_0135_ast"", ""companies_act_1967_c8232023ef_chunk_0153_ast"", ""companies_act_1967_c8232023ef_chunk_0197_ast"", ""companies_act_1967_c8232023ef_chunk_0226_ast"", ""companies_act_1967_c8232023ef_chunk_0227_ast"", ""companies_act_1967_c8232023ef_chunk_0235_ast"", ""companies_act_1967_c8232023ef_chunk_0237_ast"", ""companies_act_1967_c8232023ef_chunk_0409_ast"", ""companies_act_1967_c8232023ef_chunk_0437_ast"", ""companies_act_1967_c8232023ef_chunk_0438_ast"", ""companies_act_1967_c8232023ef_chunk_0454_ast"", ""companies_act_1967_c8232023ef_chunk_0542_ast"", ""companies_act_1967_c8232023ef_chunk_0566_ast"", ""companies_act_1967_c8232023ef_chunk_0567_ast"", ""companies_act_1967_c8232023ef_chunk_0569_ast"", ""companies_act_1967_c8232023ef_chunk_0570_ast"", ""companies_act_1967_c8232023ef_chunk_0602_ast"", ""companies_act_1967_c8232023ef_chunk_0653_ast"", ""companies_act_1967_c8232023ef_chunk_0659_ast"", ""companies_act_1967_c8232023ef_chunk_0902_ast"", ""companies_act_1967_c8232023ef_chunk_0948_ast"", ""companies_act_1967_c8232023ef_chunk_0958_ast"", ""companies_act_1967_c8232023ef_chunk_1064_ast"", ""companies_act_1967_c8232023ef_chunk_1085_ast"", ""companies_act_1967_c8232023ef_chunk_1086_ast"", ""companies_act_1967_c8232023ef_chunk_1087_ast"", ""personal_data_protection_amendment_act_2020_d7cc5937b1_chunk_0006_ast"", ""personal_data_protection_amendment_act_2020_d7cc5937b1_chunk_0007_ast"", ""personal_data_protection_amendment_act_2020_d7cc5937b1_chunk_0009_ast"", ""personal_data_protection_amendment_act_2020_d7cc5937b1_chunk_0010_ast"", ""personal_data_protection_amendment_act_2020_d7cc5937b1_chunk_0011_ast"", ""personal_data_protection_amendment_act_2020_d7cc5937b1_chunk_0012_ast"", ""personal_data_protection_amendment_act_2020_d7cc5937b1_chunk_0013_ast"", ""personal_data_protection_amendment_act_2020_d7cc5937b1_chunk_0014_ast"", ""personal_data_protection_amendment_act_2020_d7cc5937b1_chunk_0015_ast"", ""personal_data_protection_amendment_act_2020_d7cc5937b1_chunk_0016_ast"", ""personal_data_protection_amendment_act_2020_d7cc5937b1_chunk_0017_ast"", ""personal_data_protection_amendment_act_2020_d7cc5937b1_chunk_0018_ast"", ""personal_data_protection_amendment_act_2020_d7cc5937b1_chunk_0019_ast"", ""personal_data_protection_amendment_act_2020_d7cc5937b1_chunk_0020_ast"", ""personal_data_protection_amendment_act_2020_d7cc5937b1_chunk_0021_ast"", ""personal_data_protection_amendment_act_2020_d7cc5937b1_chunk_0023_ast"", ""personal_data_protection_amendment_act_2020_d7cc5937b1_chunk_0024_ast"", ""personal_data_protection_amendment_act_2020_d7cc5937b1_chunk_0025_ast"", ""personal_data_protection_amendment_act_2020_d7cc5937b1_chunk_0027_ast"", ""personal_data_protection_amendment_act_2020_d7cc5937b1_chunk_0028_ast"", ""personal_data_protection_amendment_act_2020_d7cc5937b1_chunk_0030_ast"", ""personal_data_protection_amendment_act_2020_d7cc5937b1_chunk_0032_ast"", ""personal_data_protection_amendment_act_2020_d7cc5937b1_chunk_0033_ast"", ""personal_data_protection_amendment_act_2020_d7cc5937b1_chunk_0034_ast"", ""personal_data_protection_amendment_act_2020_d7cc5937b1_chunk_0035_ast"", ""personal_data_protection_amendment_act_2020_d7cc5937b1_chunk_0036_ast"", ""personal_data_protection_amendment_act_2020_d7cc5937b1_chunk_0043_ast"", ""personal_data_protection_amendment_act_2020_d7cc5937b1_chunk_0044_ast"", ""personal_data_protection_amendment_act_2020_d7cc5937b1_chunk_0045_ast"", ""personal_data_protection_amendment_act_2020_d7cc5937b1_chunk_0050_ast"", ""personal_data_protection_amendment_act_2020_d7cc5937b1_chunk_0054_ast"", ""personal_data_protection_amendment_act_2020_d7cc5937b1_chunk_0056_ast"", ""personal_data_protection_amendment_act_2020_d7cc5937b1_chunk_0057_ast"", ""personal_data_protection_amendment_act_2020_d7cc5937b1_chunk_0060_ast"", ""personal_data_protection_amendment_act_2020_d7cc5937b1_chunk_0063_ast"", ""personal_data_protection_amendment_act_2020_d7cc5937b1_chunk_0064_ast"", ""personal_data_protection_amendment_act_2020_d7cc5937b1_chunk_0067_ast"", ""personal_data_protection_amendment_act_2020_d7cc5937b1_chunk_0068_ast"", ""personal_data_protection_amendment_act_2020_d7cc5937b1_chunk_0073_ast""]",high,pending
synonym_a1ae767df5e9,individual,data subject,synonym,"[""companies_act_1967_c8232023ef_chunk_0014_ast"", ""companies_act_1967_c8232023ef_chunk_0015_ast"", ""companies_act_1967_c8232023ef_chunk_0049_ast"", ""companies_act_1967_c8232023ef_chunk_0055_ast"", ""companies_act_1967_c8232023ef_chunk_0056_ast"", ""companies_act_1967_c8232023ef_chunk_0062_ast"", ""companies_act_1967_c8232023ef_chunk_0106_ast"", ""companies_act_1967_c8232023ef_chunk_0117_ast"", ""companies_act_1967_c8232023ef_chunk_0118_ast"", ""companies_act_1967_c8232023ef_chunk_0119_ast"", ""companies_act_1967_c8232023ef_chunk_0120_ast"", ""companies_act_1967_c8232023ef_chunk_0121_ast"", ""companies_act_1967_c8232023ef_chunk_0122_ast"", ""companies_act_1967_c8232023ef_chunk_0129_ast"", ""companies_act_1967_c8232023ef_chunk_0130_ast"", ""companies_act_1967_c8232023ef_chunk_0135_ast"", ""companies_act_1967_c8232023ef_chunk_0153_ast"", ""companies_act_1967_c8232023ef_chunk_0197_ast"", ""companies_act_1967_c8232023ef_chunk_0226_ast"", ""companies_act_1967_c8232023ef_chunk_0227_ast"", ""companies_act_1967_c8232023ef_chunk_0235_ast"", ""companies_act_1967_c8232023ef_chunk_0237_ast"", ""companies_act_1967_c8232023ef_chunk_0409_ast"", ""companies_act_1967_c8232023ef_chunk_0437_ast"", ""companies_act_1967_c8232023ef_chunk_0438_ast"", ""companies_act_1967_c8232023ef_chunk_0454_ast"", ""companies_act_1967_c8232023ef_chunk_0542_ast"", ""companies_act_1967_c8232023ef_chunk_0566_ast"", ""companies_act_1967_c8232023ef_chunk_0567_ast"", ""companies_act_1967_c8232023ef_chunk_0569_ast"", ""companies_act_1967_c8232023ef_chunk_0570_ast"", ""companies_act_1967_c8232023ef_chunk_0602_ast"", ""companies_act_1967_c8232023ef_chunk_0653_ast"", ""companies_act_1967_c8232023ef_chunk_0659_ast"", ""companies_act_1967_c8232023ef_chunk_0902_ast"", ""companies_act_1967_c8232023ef_chunk_0948_ast"", ""companies_act_1967_c8232023ef_chunk_0958_ast"", ""companies_act_1967_c8232023ef_chunk_1064_ast"", ""companies_act_1967_c8232023ef_chunk_1085_ast"", ""companies_act_1967_c8232023ef_chunk_1086_ast"", ""companies_act_1967_c8232023ef_chunk_1087_ast"", ""personal_data_protection_amendment_act_2020_d7cc5937b1_chunk_0006_ast"", ""personal_data_protection_amendment_act_2020_d7cc5937b1_chunk_0007_ast"", ""personal_data_protection_amendment_act_2020_d7cc5937b1_chunk_0009_ast"", ""personal_data_protection_amendment_act_2020_d7cc5937b1_chunk_0010_ast"", ""personal_data_protection_amendment_act_2020_d7cc5937b1_chunk_0011_ast"", ""personal_data_protection_amendment_act_2020_d7cc5937b1_chunk_0012_ast"", ""personal_data_protection_amendment_act_2020_d7cc5937b1_chunk_0013_ast"", ""personal_data_protection_amendment_act_2020_d7cc5937b1_chunk_0014_ast"", ""personal_data_protection_amendment_act_2020_d7cc5937b1_chunk_0015_ast"", ""personal_data_protection_amendment_act_2020_d7cc5937b1_chunk_0016_ast"", ""personal_data_protection_amendment_act_2020_d7cc5937b1_chunk_0017_ast"", ""personal_data_protection_amendment_act_2020_d7cc5937b1_chunk_0018_ast"", ""personal_data_protection_amendment_act_2020_d7cc5937b1_chunk_0019_ast"", ""personal_data_protection_amendment_act_2020_d7cc5937b1_chunk_0020_ast"", ""personal_data_protection_amendment_act_2020_d7cc5937b1_chunk_0021_ast"", ""personal_data_protection_amendment_act_2020_d7cc5937b1_chunk_0023_ast"", ""personal_data_protection_amendment_act_2020_d7cc5937b1_chunk_0024_ast"", ""personal_data_protection_amendment_act_2020_d7cc5937b1_chunk_0025_ast"", ""personal_data_protection_amendment_act_2020_d7cc5937b1_chunk_0027_ast"", ""personal_data_protection_amendment_act_2020_d7cc5937b1_chunk_0028_ast"", ""personal_data_protection_amendment_act_2020_d7cc5937b1_chunk_0030_ast"", ""personal_data_protection_amendment_act_2020_d7cc5937b1_chunk_0032_ast"", ""personal_data_protection_amendment_act_2020_d7cc5937b1_chunk_0033_ast"", ""personal_data_protection_amendment_act_2020_d7cc5937b1_chunk_0034_ast"", ""personal_data_protection_amendment_act_2020_d7cc5937b1_chunk_0035_ast"", ""personal_data_protection_amendment_act_2020_d7cc5937b1_chunk_0036_ast"", ""personal_data_protection_amendment_act_2020_d7cc5937b1_chunk_0043_ast"", ""personal_data_protection_amendment_act_2020_d7cc5937b1_chunk_0044_ast"", ""personal_data_protection_amendment_act_2020_d7cc5937b1_chunk_0045_ast"", ""personal_data_protection_amendment_act_2020_d7cc5937b1_chunk_0050_ast"", ""personal_data_protection_amendment_act_2020_d7cc5937b1_chunk_0054_ast"", ""personal_data_protection_amendment_act_2020_d7cc5937b1_chunk_0056_ast"", ""personal_data_protection_amendment_act_2020_d7cc5937b1_chunk_0057_ast"", ""personal_data_protection_amendment_act_2020_d7cc5937b1_chunk_0060_ast"", ""personal_data_protection_amendment_act_2020_d7cc5937b1_chunk_0063_ast"", ""personal_data_protection_amendment_act_2020_d7cc5937b1_chunk_0064_ast"", ""personal_data_protection_amendment_act_2020_d7cc5937b1_chunk_0067_ast"", ""personal_data_protection_amendment_act_2020_d7cc5937b1_chunk_0068_ast"", ""personal_data_protection_amendment_act_2020_d7cc5937b1_chunk_0073_ast""]",high,pending
synonym_8eae81629c0f,individual,data subject information,related_term,"[""personal_data_protection_amendment_act_2020_d7cc5937b1_chunk_0006_ast"", ""personal_data_protection_amendment_act_2020_d7cc5937b1_chunk_0007_ast"", ""personal_data_protection_amendment_act_2020_d7cc5937b1_chunk_0009_ast"", ""personal_data_protection_amendment_act_2020_d7cc5937b1_chunk_0010_ast"", ""personal_data_protection_amendment_act_2020_d7cc5937b1_chunk_0011_ast"", ""personal_data_protection_amendment_act_2020_d7cc5937b1_chunk_0012_ast"", ""personal_data_protection_amendment_act_2020_d7cc5937b1_chunk_0013_ast"", ""personal_data_protection_amendment_act_2020_d7cc5937b1_chunk_0014_ast"", ""personal_data_protection_amendment_act_2020_d7cc5937b1_chunk_0015_ast"", ""personal_data_protection_amendment_act_2020_d7cc5937b1_chunk_0016_ast"", ""personal_data_protection_amendment_act_2020_d7cc5937b1_chunk_0017_ast"", ""personal_data_protection_amendment_act_2020_d7cc5937b1_chunk_0018_ast"", ""personal_data_protection_amendment_act_2020_d7cc5937b1_chunk_0019_ast"", ""personal_data_protection_amendment_act_2020_d7cc5937b1_chunk_0020_ast"", ""personal_data_protection_amendment_act_2020_d7cc5937b1_chunk_0021_ast"", ""personal_data_protection_amendment_act_2020_d7cc5937b1_chunk_0023_ast"", ""personal_data_protection_amendment_act_2020_d7cc5937b1_chunk_0024_ast"", ""personal_data_protection_amendment_act_2020_d7cc5937b1_chunk_0025_ast"", ""personal_data_protection_amendment_act_2020_d7cc5937b1_chunk_0030_ast"", ""personal_data_protection_amendment_act_2020_d7cc5937b1_chunk_0032_ast"", ""personal_data_protection_amendment_act_2020_d7cc5937b1_chunk_0035_ast"", ""personal_data_protection_amendment_act_2020_d7cc5937b1_chunk_0036_ast"", ""personal_data_protection_amendment_act_2020_d7cc5937b1_chunk_0054_ast"", ""personal_data_protection_amendment_act_2020_d7cc5937b1_chunk_0056_ast"", ""personal_data_protection_amendment_act_2020_d7cc5937b1_chunk_0057_ast"", ""personal_data_protection_amendment_act_2020_d7cc5937b1_chunk_0060_ast"", ""personal_data_protection_amendment_act_2020_d7cc5937b1_chunk_0093_ast"", ""personal_data_protection_amendment_act_2020_d7cc5937b1_chunk_0096_ast"", ""personal_data_protection_amendment_act_2020_d7cc5937b1_chunk_0110_ast"", ""personal_data_protection_amendment_act_2020_d7cc5937b1_chunk_0111_ast"", ""personal_data_protection_amendment_act_2020_d7cc5937b1_chunk_0113_ast"", ""personal_data_protection_amendment_act_2020_d7cc5937b1_chunk_0115_ast"", ""personal_data_protection_amendment_act_2020_d7cc5937b1_chunk_0116_ast"", ""personal_data_protection_amendment_act_2020_d7cc5937b1_chunk_0117_ast"", ""personal_data_protection_amendment_act_2020_d7cc5937b1_chunk_0118_ast"", ""personal_data_protection_amendment_act_2020_d7cc5937b1_chunk_0120_ast"", ""personal_data_protection_amendment_act_2020_d7cc5937b1_chunk_0121_ast"", ""personal_data_protection_amendment_act_2020_d7cc5937b1_chunk_0123_ast"", ""personal_data_protection_amendment_act_2020_d7cc5937b1_chunk_0125_ast"", ""personal_data_protection_amendment_act_2020_d7cc5937b1_chunk_0127_ast"", ""personal_data_protection_amendment_act_2020_d7cc5937b1_chunk_0128_ast"", ""personal_data_protection_amendment_act_2020_d7cc5937b1_chunk_0129_ast"", ""personal_data_protection_amendment_act_2020_d7cc5937b1_chunk_0130_ast"", ""personal_data_protection_amendment_act_2020_d7cc5937b1_chunk_0131_ast"", ""personal_data_protection_amendment_act_2020_d7cc5937b1_chunk_0132_ast"", ""personal_data_protection_amendment_act_2020_d7cc5937b1_chunk_0133_ast"", ""personal_data_protection_amendment_act_2020_d7cc5937b1_chunk_0134_ast"", ""personal_data_protection_amendment_act_2020_d7cc5937b1_chunk_0135_ast"", ""personal_data_protection_amendment_act_2020_d7cc5937b1_chunk_0145_ast"", ""personal_data_protection_amendment_act_2020_d7cc5937b1_chunk_0146_ast"", ""personal_data_protection_amendment_act_2020_d7cc5937b1_chunk_0147_ast"", ""personal_data_protection_amendment_act_2020_d7cc5937b1_chunk_0148_ast"", ""personal_data_protection_amendment_act_2020_d7cc5937b1_chunk_0149_ast"", ""personal_data_protection_amendment_act_2020_d7cc5937b1_chunk_0151_ast"", ""personal_data_protection_amendment_act_2020_d7cc5937b1_chunk_0152_ast"", ""personal_data_protection_amendment_act_2020_d7cc5937b1_chunk_0161_ast"", ""personal_data_protection_amendment_act_2020_d7cc5937b1_chunk_0164_ast"", ""personal_data_protection_act_2012_e857c5e9da_chunk_0011_ast"", ""personal_data_protection_act_2012_e857c5e9da_chunk_0012_ast"", ""personal_data_protection_act_2012_e857c5e9da_chunk_0015_ast"", ""personal_data_protection_act_2012_e857c5e9da_chunk_0018_ast"", ""personal_data_protection_act_2012_e857c5e9da_chunk_0019_ast"", ""personal_data_protection_act_2012_e857c5e9da_chunk_0020_ast"", ""personal_data_protection_act_2012_e857c5e9da_chunk_0021_ast"", ""personal_data_protection_act_2012_e857c5e9da_chunk_0028_ast"", ""personal_data_protection_act_2012_e857c5e9da_chunk_0030_ast"", ""personal_data_protection_act_2012_e857c5e9da_chunk_0031_ast"", ""personal_data_protection_act_2012_e857c5e9da_chunk_0032_ast"", ""personal_data_protection_act_2012_e857c5e9da_chunk_0033_ast"", ""personal_data_protection_act_2012_e857c5e9da_chunk_0034_ast"", ""personal_data_protection_act_2012_e857c5e9da_chunk_0035_ast"", ""personal_data_protection_act_2012_e857c5e9da_chunk_0036_ast"", ""personal_data_protection_act_2012_e857c5e9da_chunk_0037_ast"", ""personal_data_protection_act_2012_e857c5e9da_chunk_0038_ast"", ""personal_data_protection_act_2012_e857c5e9da_chunk_0039_ast"", ""personal_data_protection_act_2012_e857c5e9da_chunk_0040_ast"", ""personal_data_protection_act_2012_e857c5e9da_chunk_0041_ast"", ""personal_data_protection_act_2012_e857c5e9da_chunk_0042_ast"", ""personal_data_protection_act_2012_e857c5e9da_chunk_0043_ast"", ""personal_data_protection_act_2012_e857c5e9da_chunk_0044_ast""]",high,pending
synonym_266bdd48e4f8,individual,organization,related_term,"[""personal_data_protection_amendment_act_2020_d7cc5937b1_chunk_0006_ast"", ""personal_data_protection_amendment_act_2020_d7cc5937b1_chunk_0007_ast"", ""personal_data_protection_amendment_act_2020_d7cc5937b1_chunk_0009_ast"", ""personal_data_protection_amendment_act_2020_d7cc5937b1_chunk_0010_ast"", ""personal_data_protection_amendment_act_2020_d7cc5937b1_chunk_0011_ast"", ""personal_data_protection_amendment_act_2020_d7cc5937b1_chunk_0012_ast"", ""personal_data_protection_amendment_act_2020_d7cc5937b1_chunk_0013_ast"", ""personal_data_protection_amendment_act_2020_d7cc5937b1_chunk_0014_ast"", ""personal_data_protection_amendment_act_2020_d7cc5937b1_chunk_0015_ast"", ""personal_data_protection_amendment_act_2020_d7cc5937b1_chunk_0016_ast"", ""personal_data_protection_amendment_act_2020_d7cc5937b1_chunk_0017_ast"", ""personal_data_protection_amendment_act_2020_d7cc5937b1_chunk_0018_ast"", ""personal_data_protection_amendment_act_2020_d7cc5937b1_chunk_0019_ast"", ""personal_data_protection_amendment_act_2020_d7cc5937b1_chunk_0020_ast"", ""personal_data_protection_amendment_act_2020_d7cc5937b1_chunk_0021_ast"", ""personal_data_protection_amendment_act_2020_d7cc5937b1_chunk_0025_ast"", ""personal_data_protection_amendment_act_2020_d7cc5937b1_chunk_0027_ast"", ""personal_data_protection_amendment_act_2020_d7cc5937b1_chunk_0028_ast"", ""personal_data_protection_amendment_act_2020_d7cc5937b1_chunk_0030_ast"", ""personal_data_protection_amendment_act_2020_d7cc5937b1_chunk_0032_ast"", ""personal_data_protection_amendment_act_2020_d7cc5937b1_chunk_0033_ast"", ""personal_data_protection_amendment_act_2020_d7cc5937b1_chunk_0034_ast"", ""personal_data_protection_amendment_act_2020_d7cc5937b1_chunk_0035_ast"", ""personal_data_protection_amendment_act_2020_d7cc5937b1_chunk_0036_ast"", ""personal_data_protection_amendment_act_2020_d7cc5937b1_chunk_0044_ast"", ""personal_data_protection_amendment_act_2020_d7cc5937b1_chunk_0045_ast"", ""personal_data_protection_amendment_act_2020_d7cc5937b1_chunk_0057_ast"", ""personal_data_protection_amendment_act_2020_d7cc5937b1_chunk_0060_ast"", ""personal_data_protection_amendment_act_2020_d7cc5937b1_chunk_0063_ast"", ""personal_data_protection_amendment_act_2020_d7cc5937b1_chunk_0064_ast"", ""personal_data_protection_amendment_act_2020_d7cc5937b1_chunk_0067_ast"", ""personal_data_protection_amendment_act_2020_d7cc5937b1_chunk_0068_ast"", ""personal_data_protection_amendment_act_2020_d7cc5937b1_chunk_0073_ast"", ""personal_data_protection_amendment_act_2020_d7cc5937b1_chunk_0084_ast"", ""personal_data_protection_amendment_act_2020_d7cc5937b1_chunk_0088_ast"", ""personal_data_protection_amendment_act_2020_d7cc5937b1_chunk_0093_ast"", ""personal_data_protection_amendment_act_2020_d7cc5937b1_chunk_0096_ast"", ""personal_data_protection_amendment_act_2020_d7cc5937b1_chunk_0097_ast"", ""personal_data_protection_amendment_act_2020_d7cc5937b1_chunk_0098_ast"", ""personal_data_protection_amendment_act_2020_d7cc5937b1_chunk_0106_ast"", ""personal_data_protection_amendment_act_2020_d7cc5937b1_chunk_0110_ast"", ""personal_data_protection_amendment_act_2020_d7cc5937b1_chunk_0113_ast"", ""personal_data_protection_amendment_act_2020_d7cc5937b1_chunk_0115_ast"", ""personal_data_protection_amendment_act_2020_d7cc5937b1_chunk_0116_ast"", ""personal_data_protection_amendment_act_2020_d7cc5937b1_chunk_0117_ast"", ""personal_data_protection_amendment_act_2020_d7cc5937b1_chunk_0118_ast"", ""personal_data_protection_amendment_act_2020_d7cc5937b1_chunk_0119_ast"", ""personal_data_protection_amendment_act_2020_d7cc5937b1_chunk_0120_ast"", ""personal_data_protection_amendment_act_2020_d7cc5937b1_chunk_0121_ast"", ""personal_data_protection_amendment_act_2020_d7cc5937b1_chunk_0123_ast"", ""personal_data_protection_amendment_act_2020_d7cc5937b1_chunk_0125_ast"", ""personal_data_protection_amendment_act_2020_d7cc5937b1_chunk_0127_ast"", ""personal_data_protection_amendment_act_2020_d7cc5937b1_chunk_0131_ast"", ""personal_data_protection_amendment_act_2020_d7cc5937b1_chunk_0132_ast"", ""personal_data_protection_amendment_act_2020_d7cc5937b1_chunk_0133_ast"", ""personal_data_protection_amendment_act_2020_d7cc5937b1_chunk_0135_ast"", ""personal_data_protection_amendment_act_2020_d7cc5937b1_chunk_0144_ast"", ""personal_data_protection_act_2012_e857c5e9da_chunk_0010_ast"", ""personal_data_protection_act_2012_e857c5e9da_chunk_0011_ast"", ""personal_data_protection_act_2012_e857c5e9da_chunk_0012_ast"", ""personal_data_protection_act_2012_e857c5e9da_chunk_0015_ast"", ""personal_data_protection_act_2012_e857c5e9da_chunk_0018_ast"", ""personal_data_protection_act_2012_e857c5e9da_chunk_0019_ast"", ""personal_data_protection_act_2012_e857c5e9da_chunk_0020_ast"", ""personal_data_protection_act_2012_e857c5e9da_chunk_0028_ast"", ""personal_data_protection_act_2012_e857c5e9da_chunk_0029_ast"", ""personal_data_protection_act_2012_e857c5e9da_chunk_0030_ast"", ""personal_data_protection_act_2012_e857c5e9da_chunk_0031_ast"", ""personal_data_protection_act_2012_e857c5e9da_chunk_0032_ast"", ""personal_data_protection_act_2012_e857c5e9da_chunk_0033_ast"", ""personal_data_protection_act_2012_e857c5e9da_chunk_0034_ast"", ""personal_data_protection_act_2012_e857c5e9da_chunk_0035_ast"", ""personal_data_protection_act_2012_e857c5e9da_chunk_0036_ast"", ""personal_data_protection_act_2012_e857c5e9da_chunk_0037_ast"", ""personal_data_protection_act_2012_e857c5e9da_chunk_0038_ast"", ""personal_data_protection_act_2012_e857c5e9da_chunk_0039_ast"", ""personal_data_protection_act_2012_e857c5e9da_chunk_0040_ast"", ""personal_data_protection_act_2012_e857c5e9da_chunk_0041_ast"", ""personal_data_protection_act_2012_e857c5e9da_chunk_0042_ast"", ""personal_data_protection_act_2012_e857c5e9da_chunk_0043_ast""]",high,pending
synonym_1848c02dac2d,individual,permission,related_term,"[""companies_act_1967_c8232023ef_chunk_0437_ast"", ""companies_act_1967_c8232023ef_chunk_0454_ast"", ""companies_act_1967_c8232023ef_chunk_0542_ast"", ""personal_data_protection_amendment_act_2020_d7cc5937b1_chunk_0009_ast"", ""personal_data_protection_amendment_act_2020_d7cc5937b1_chunk_0010_ast"", ""personal_data_protection_amendment_act_2020_d7cc5937b1_chunk_0012_ast"", ""personal_data_protection_amendment_act_2020_d7cc5937b1_chunk_0013_ast"", ""personal_data_protection_amendment_act_2020_d7cc5937b1_chunk_0014_ast"", ""personal_data_protection_amendment_act_2020_d7cc5937b1_chunk_0015_ast"", ""personal_data_protection_amendment_act_2020_d7cc5937b1_chunk_0016_ast"", ""personal_data_protection_amendment_act_2020_d7cc5937b1_chunk_0020_ast"", ""personal_data_protection_amendment_act_2020_d7cc5937b1_chunk_0036_ast"", ""personal_data_protection_amendment_act_2020_d7cc5937b1_chunk_0067_ast"", ""personal_data_protection_amendment_act_2020_d7cc5937b1_chunk_0099_ast"", ""personal_data_protection_amendment_act_2020_d7cc5937b1_chunk_0103_ast"", ""personal_data_protection_amendment_act_2020_d7cc5937b1_chunk_0110_ast"", ""personal_data_protection_amendment_act_2020_d7cc5937b1_chunk_0111_ast"", ""personal_data_protection_amendment_act_2020_d7cc5937b1_chunk_0130_ast"", ""personal_data_protection_amendment_act_2020_d7cc5937b1_chunk_0133_ast"", ""personal_data_protection_amendment_act_2020_d7cc5937b1_chunk_0135_ast"", ""personal_data_protection_act_2012_e857c5e9da_chunk_0030_ast"", ""personal_data_protection_act_2012_e857c5e9da_chunk_0031_ast"", ""personal_data_protection_act_2012_e857c5e9da_chunk_0032_ast"", ""personal_data_protection_act_2012_e857c5e9da_chunk_0033_ast"", ""personal_data_protection_act_2012_e857c5e9da_chunk_0035_ast"", ""personal_data_protection_act_2012_e857c5e9da_chunk_0036_ast"", ""personal_data_protection_act_2012_e857c5e9da_chunk_0037_ast"", ""personal_data_protection_act_2012_e857c5e9da_chunk_0038_ast"", ""personal_data_protection_act_2012_e857c5e9da_chunk_0039_ast"", ""personal_data_protection_act_2012_e857c5e9da_chunk_0040_ast"", ""personal_data_protection_act_2012_e857c5e9da_chunk_0041_ast"", ""personal_data_protection_act_2012_e857c5e9da_chunk_0042_ast"", ""personal_data_protection_act_2012_e857c5e9da_chunk_0043_ast"", ""personal_data_protection_act_2012_e857c5e9da_chunk_0044_ast"", ""personal_data_protection_act_2012_e857c5e9da_chunk_0047_ast"", ""personal_data_protection_act_2012_e857c5e9da_chunk_0050_ast"", ""personal_data_protection_act_2012_e857c5e9da_chunk_0100_ast"", ""personal_data_protection_act_2012_e857c5e9da_chunk_0133_ast"", ""personal_data_protection_act_2012_e857c5e9da_chunk_0137_ast"", ""personal_data_protection_act_2012_e857c5e9da_chunk_0153_ast"", ""personal_data_protection_act_2012_e857c5e9da_chunk_0157_ast"", ""personal_data_protection_act_2012_e857c5e9da_chunk_0158_ast"", ""personal_data_protection_act_2012_e857c5e9da_chunk_0177_ast"", ""personal_data_protection_act_2012_e857c5e9da_chunk_0180_ast"", ""personal_data_protection_act_2012_e857c5e9da_chunk_0182_ast"", ""personal_data_protection_act_2012_e857c5e9da_chunk_0184_ast""]",high,pending
synonym_7807027f0730,individual,person,related_term,"[""companies_act_1967_c8232023ef_chunk_0014_ast"", ""companies_act_1967_c8232023ef_chunk_0015_ast"", ""companies_act_1967_c8232023ef_chunk_0049_ast"", ""companies_act_1967_c8232023ef_chunk_0055_ast"", ""companies_act_1967_c8232023ef_chunk_0056_ast"", ""companies_act_1967_c8232023ef_chunk_0062_ast"", ""companies_act_1967_c8232023ef_chunk_0106_ast"", ""companies_act_1967_c8232023ef_chunk_0117_ast"", ""companies_act_1967_c8232023ef_chunk_0118_ast"", ""companies_act_1967_c8232023ef_chunk_0119_ast"", ""companies_act_1967_c8232023ef_chunk_0120_ast"", ""companies_act_1967_c8232023ef_chunk_0121_ast"", ""companies_act_1967_c8232023ef_chunk_0122_ast"", ""companies_act_1967_c8232023ef_chunk_0129_ast"", ""companies_act_1967_c8232023ef_chunk_0130_ast"", ""companies_act_1967_c8232023ef_chunk_0135_ast"", ""companies_act_1967_c8232023ef_chunk_0153_ast"", ""companies_act_1967_c8232023ef_chunk_0197_ast"", ""companies_act_1967_c8232023ef_chunk_0226_ast"", ""companies_act_1967_c8232023ef_chunk_0227_ast"", ""companies_act_1967_c8232023ef_chunk_0235_ast"", ""companies_act_1967_c8232023ef_chunk_0237_ast"", ""companies_act_1967_c8232023ef_chunk_0409_ast"", ""companies_act_1967_c8232023ef_chunk_0437_ast"", ""companies_act_1967_c8232023ef_chunk_0438_ast"", ""companies_act_1967_c8232023ef_chunk_0454_ast"", ""companies_act_1967_c8232023ef_chunk_0542_ast"", ""companies_act_1967_c8232023ef_chunk_0566_ast"", ""companies_act_1967_c8232023ef_chunk_0567_ast"", ""companies_act_1967_c8232023ef_chunk_0569_ast"", ""companies_act_1967_c8232023ef_chunk_0570_ast"", ""companies_act_1967_c8232023ef_chunk_0602_ast"", ""companies_act_1967_c8232023ef_chunk_0653_ast"", ""companies_act_1967_c8232023ef_chunk_0659_ast"", ""companies_act_1967_c8232023ef_chunk_0902_ast"", ""companies_act_1967_c8232023ef_chunk_0948_ast"", ""companies_act_1967_c8232023ef_chunk_0958_ast"", ""companies_act_1967_c8232023ef_chunk_1064_ast"", ""companies_act_1967_c8232023ef_chunk_1085_ast"", ""companies_act_1967_c8232023ef_chunk_1086_ast"", ""companies_act_1967_c8232023ef_chunk_1087_ast"", ""personal_data_protection_amendment_act_2020_d7cc5937b1_chunk_0006_ast"", ""personal_data_protection_amendment_act_2020_d7cc5937b1_chunk_0007_ast"", ""personal_data_protection_amendment_act_2020_d7cc5937b1_chunk_0009_ast"", ""personal_data_protection_amendment_act_2020_d7cc5937b1_chunk_0010_ast"", ""personal_data_protection_amendment_act_2020_d7cc5937b1_chunk_0011_ast"", ""personal_data_protection_amendment_act_2020_d7cc5937b1_chunk_0012_ast"", ""personal_data_protection_amendment_act_2020_d7cc5937b1_chunk_0013_ast"", ""personal_data_protection_amendment_act_2020_d7cc5937b1_chunk_0014_ast"", ""personal_data_protection_amendment_act_2020_d7cc5937b1_chunk_0015_ast"", ""personal_data_protection_amendment_act_2020_d7cc5937b1_chunk_0016_ast"", ""personal_data_protection_amendment_act_2020_d7cc5937b1_chunk_0017_ast"", ""personal_data_protection_amendment_act_2020_d7cc5937b1_chunk_0018_ast"", ""personal_data_protection_amendment_act_2020_d7cc5937b1_chunk_0019_ast"", ""personal_data_protection_amendment_act_2020_d7cc5937b1_chunk_0020_ast"", ""personal_data_protection_amendment_act_2020_d7cc5937b1_chunk_0021_ast"", ""personal_data_protection_amendment_act_2020_d7cc5937b1_chunk_0023_ast"", ""personal_data_protection_amendment_act_2020_d7cc5937b1_chunk_0024_ast"", ""personal_data_protection_amendment_act_2020_d7cc5937b1_chunk_0025_ast"", ""personal_data_protection_amendment_act_2020_d7cc5937b1_chunk_0027_ast"", ""personal_data_protection_amendment_act_2020_d7cc5937b1_chunk_0028_ast"", ""personal_data_protection_amendment_act_2020_d7cc5937b1_chunk_0030_ast"", ""personal_data_protection_amendment_act_2020_d7cc5937b1_chunk_0032_ast"", ""personal_data_protection_amendment_act_2020_d7cc5937b1_chunk_0033_ast"", ""personal_data_protection_amendment_act_2020_d7cc5937b1_chunk_0034_ast"", ""personal_data_protection_amendment_act_2020_d7cc5937b1_chunk_0035_ast"", ""personal_data_protection_amendment_act_2020_d7cc5937b1_chunk_0036_ast"", ""personal_data_protection_amendment_act_2020_d7cc5937b1_chunk_0043_ast"", ""personal_data_protection_amendment_act_2020_d7cc5937b1_chunk_0044_ast"", ""personal_data_protection_amendment_act_2020_d7cc5937b1_chunk_0045_ast"", ""personal_data_protection_amendment_act_2020_d7cc5937b1_chunk_0050_ast"", ""personal_data_protection_amendment_act_2020_d7cc5937b1_chunk_0054_ast"", ""personal_data_protection_amendment_act_2020_d7cc5937b1_chunk_0056_ast"", ""personal_data_protection_amendment_act_2020_d7cc5937b1_chunk_0057_ast"", ""personal_data_protection_amendment_act_2020_d7cc5937b1_chunk_0060_ast"", ""personal_data_protection_amendment_act_2020_d7cc5937b1_chunk_0063_ast"", ""personal_data_protection_amendment_act_2020_d7cc5937b1_chunk_0064_ast"", ""personal_data_protection_amendment_act_2020_d7cc5937b1_chunk_0067_ast"", ""personal_data_protection_amendment_act_2020_d7cc5937b1_chunk_0068_ast"", ""personal_data_protection_amendment_act_2020_d7cc5937b1_chunk_0073_ast""]",high,pending
synonym_395b0d8ee5a1,individual,person,synonym,"[""companies_act_1967_c8232023ef_chunk_0014_ast"", ""companies_act_1967_c8232023ef_chunk_0015_ast"", ""companies_act_1967_c8232023ef_chunk_0049_ast"", ""companies_act_1967_c8232023ef_chunk_0055_ast"", ""companies_act_1967_c8232023ef_chunk_0056_ast"", ""companies_act_1967_c8232023ef_chunk_0062_ast"", ""companies_act_1967_c8232023ef_chunk_0106_ast"", ""companies_act_1967_c8232023ef_chunk_0117_ast"", ""companies_act_1967_c8232023ef_chunk_0118_ast"", ""companies_act_1967_c8232023ef_chunk_0119_ast"", ""companies_act_1967_c8232023ef_chunk_0120_ast"", ""companies_act_1967_c8232023ef_chunk_0121_ast"", ""companies_act_1967_c8232023ef_chunk_0122_ast"", ""companies_act_1967_c8232023ef_chunk_0129_ast"", ""companies_act_1967_c8232023ef_chunk_0130_ast"", ""companies_act_1967_c8232023ef_chunk_0135_ast"", ""companies_act_1967_c8232023ef_chunk_0153_ast"", ""companies_act_1967_c8232023ef_chunk_0197_ast"", ""companies_act_1967_c8232023ef_chunk_0226_ast"", ""companies_act_1967_c8232023ef_chunk_0227_ast"", ""companies_act_1967_c8232023ef_chunk_0235_ast"", ""companies_act_1967_c8232023ef_chunk_0237_ast"", ""companies_act_1967_c8232023ef_chunk_0409_ast"", ""companies_act_1967_c8232023ef_chunk_0437_ast"", ""companies_act_1967_c8232023ef_chunk_0438_ast"", ""companies_act_1967_c8232023ef_chunk_0454_ast"", ""companies_act_1967_c8232023ef_chunk_0542_ast"", ""companies_act_1967_c8232023ef_chunk_0566_ast"", ""companies_act_1967_c8232023ef_chunk_0567_ast"", ""companies_act_1967_c8232023ef_chunk_0569_ast"", ""companies_act_1967_c8232023ef_chunk_0570_ast"", ""companies_act_1967_c8232023ef_chunk_0602_ast"", ""companies_act_1967_c8232023ef_chunk_0653_ast"", ""companies_act_1967_c8232023ef_chunk_0659_ast"", ""companies_act_1967_c8232023ef_chunk_0902_ast"", ""companies_act_1967_c8232023ef_chunk_0948_ast"", ""companies_act_1967_c8232023ef_chunk_0958_ast"", ""companies_act_1967_c8232023ef_chunk_1064_ast"", ""companies_act_1967_c8232023ef_chunk_1085_ast"", ""companies_act_1967_c8232023ef_chunk_1086_ast"", ""companies_act_1967_c8232023ef_chunk_1087_ast"", ""personal_data_protection_amendment_act_2020_d7cc5937b1_chunk_0006_ast"", ""personal_data_protection_amendment_act_2020_d7cc5937b1_chunk_0007_ast"", ""personal_data_protection_amendment_act_2020_d7cc5937b1_chunk_0009_ast"", ""personal_data_protection_amendment_act_2020_d7cc5937b1_chunk_0010_ast"", ""personal_data_protection_amendment_act_2020_d7cc5937b1_chunk_0011_ast"", ""personal_data_protection_amendment_act_2020_d7cc5937b1_chunk_0012_ast"", ""personal_data_protection_amendment_act_2020_d7cc5937b1_chunk_0013_ast"", ""personal_data_protection_amendment_act_2020_d7cc5937b1_chunk_0014_ast"", ""personal_data_protection_amendment_act_2020_d7cc5937b1_chunk_0015_ast"", ""personal_data_protection_amendment_act_2020_d7cc5937b1_chunk_0016_ast"", ""personal_data_protection_amendment_act_2020_d7cc5937b1_chunk_0017_ast"", ""personal_data_protection_amendment_act_2020_d7cc5937b1_chunk_0018_ast"", ""personal_data_protection_amendment_act_2020_d7cc5937b1_chunk_0019_ast"", ""personal_data_protection_amendment_act_2020_d7cc5937b1_chunk_0020_ast"", ""personal_data_protection_amendment_act_2020_d7cc5937b1_chunk_0021_ast"", ""personal_data_protection_amendment_act_2020_d7cc5937b1_chunk_0023_ast"", ""personal_data_protection_amendment_act_2020_d7cc5937b1_chunk_0024_ast"", ""personal_data_protection_amendment_act_2020_d7cc5937b1_chunk_0025_ast"", ""personal_data_protection_amendment_act_2020_d7cc5937b1_chunk_0027_ast"", ""personal_data_protection_amendment_act_2020_d7cc5937b1_chunk_0028_ast"", ""personal_data_protection_amendment_act_2020_d7cc5937b1_chunk_0030_ast"", ""personal_data_protection_amendment_act_2020_d7cc5937b1_chunk_0032_ast"", ""personal_data_protection_amendment_act_2020_d7cc5937b1_chunk_0033_ast"", ""personal_data_protection_amendment_act_2020_d7cc5937b1_chunk_0034_ast"", ""personal_data_protection_amendment_act_2020_d7cc5937b1_chunk_0035_ast"", ""personal_data_protection_amendment_act_2020_d7cc5937b1_chunk_0036_ast"", ""personal_data_protection_amendment_act_2020_d7cc5937b1_chunk_0043_ast"", ""personal_data_protection_amendment_act_2020_d7cc5937b1_chunk_0044_ast"", ""personal_data_protection_amendment_act_2020_d7cc5937b1_chunk_0045_ast"", ""personal_data_protection_amendment_act_2020_d7cc5937b1_chunk_0050_ast"", ""personal_data_protection_amendment_act_2020_d7cc5937b1_chunk_0054_ast"", ""personal_data_protection_amendment_act_2020_d7cc5937b1_chunk_0056_ast"", ""personal_data_protection_amendment_act_2020_d7cc5937b1_chunk_0057_ast"", ""personal_data_protection_amendment_act_2020_d7cc5937b1_chunk_0060_ast"", ""personal_data_protection_amendment_act_2020_d7cc5937b1_chunk_0063_ast"", ""personal_data_protection_amendment_act_2020_d7cc5937b1_chunk_0064_ast"", ""personal_data_protection_amendment_act_2020_d7cc5937b1_chunk_0067_ast"", ""personal_data_protection_amendment_act_2020_d7cc5937b1_chunk_0068_ast"", ""personal_data_protection_amendment_act_2020_d7cc5937b1_chunk_0073_ast""]",high,pending
synonym_fd708de87cbb,individual,personal information,related_term,"[""personal_data_protection_amendment_act_2020_d7cc5937b1_chunk_0006_ast"", ""personal_data_protection_amendment_act_2020_d7cc5937b1_chunk_0007_ast"", ""personal_data_protection_amendment_act_2020_d7cc5937b1_chunk_0009_ast"", ""personal_data_protection_amendment_act_2020_d7cc5937b1_chunk_0010_ast"", ""personal_data_protection_amendment_act_2020_d7cc5937b1_chunk_0011_ast"", ""personal_data_protection_amendment_act_2020_d7cc5937b1_chunk_0012_ast"", ""personal_data_protection_amendment_act_2020_d7cc5937b1_chunk_0013_ast"", ""personal_data_protection_amendment_act_2020_d7cc5937b1_chunk_0014_ast"", ""personal_data_protection_amendment_act_2020_d7cc5937b1_chunk_0015_ast"", ""personal_data_protection_amendment_act_2020_d7cc5937b1_chunk_0016_ast"", ""personal_data_protection_amendment_act_2020_d7cc5937b1_chunk_0017_ast"", ""personal_data_protection_amendment_act_2020_d7cc5937b1_chunk_0018_ast"", ""personal_data_protection_amendment_act_2020_d7cc5937b1_chunk_0019_ast"", ""personal_data_protection_amendment_act_2020_d7cc5937b1_chunk_0020_ast"", ""personal_data_protection_amendment_act_2020_d7cc5937b1_chunk_0021_ast"", ""personal_data_protection_amendment_act_2020_d7cc5937b1_chunk_0023_ast"", ""personal_data_protection_amendment_act_2020_d7cc5937b1_chunk_0024_ast"", ""personal_data_protection_amendment_act_2020_d7cc5937b1_chunk_0025_ast"", ""personal_data_protection_amendment_act_2020_d7cc5937b1_chunk_0030_ast"", ""personal_data_protection_amendment_act_2020_d7cc5937b1_chunk_0032_ast"", ""personal_data_protection_amendment_act_2020_d7cc5937b1_chunk_0035_ast"", ""personal_data_protection_amendment_act_2020_d7cc5937b1_chunk_0036_ast"", ""personal_data_protection_amendment_act_2020_d7cc5937b1_chunk_0054_ast"", ""personal_data_protection_amendment_act_2020_d7cc5937b1_chunk_0056_ast"", ""personal_data_protection_amendment_act_2020_d7cc5937b1_chunk_0057_ast"", ""personal_data_protection_amendment_act_2020_d7cc5937b1_chunk_0060_ast"", ""personal_data_protection_amendment_act_2020_d7cc5937b1_chunk_0093_ast"", ""personal_data_protection_amendment_act_2020_d7cc5937b1_chunk_0096_ast"", ""personal_data_protection_amendment_act_2020_d7cc5937b1_chunk_0110_ast"", ""personal_data_protection_amendment_act_2020_d7cc5937b1_chunk_0111_ast"", ""personal_data_protection_amendment_act_2020_d7cc5937b1_chunk_0113_ast"", ""personal_data_protection_amendment_act_2020_d7cc5937b1_chunk_0115_ast"", ""personal_data_protection_amendment_act_2020_d7cc5937b1_chunk_0116_ast"", ""personal_data_protection_amendment_act_2020_d7cc5937b1_chunk_0117_ast"", ""personal_data_protection_amendment_act_2020_d7cc5937b1_chunk_0118_ast"", ""personal_data_protection_amendment_act_2020_d7cc5937b1_chunk_0120_ast"", ""personal_data_protection_amendment_act_2020_d7cc5937b1_chunk_0121_ast"", ""personal_data_protection_amendment_act_2020_d7cc5937b1_chunk_0123_ast"", ""personal_data_protection_amendment_act_2020_d7cc5937b1_chunk_0125_ast"", ""personal_data_protection_amendment_act_2020_d7cc5937b1_chunk_0127_ast"", ""personal_data_protection_amendment_act_2020_d7cc5937b1_chunk_0128_ast"", ""personal_data_protection_amendment_act_2020_d7cc5937b1_chunk_0129_ast"", ""personal_data_protection_amendment_act_2020_d7cc5937b1_chunk_0130_ast"", ""personal_data_protection_amendment_act_2020_d7cc5937b1_chunk_0131_ast"", ""personal_data_protection_amendment_act_2020_d7cc5937b1_chunk_0132_ast"", ""personal_data_protection_amendment_act_2020_d7cc5937b1_chunk_0133_ast"", ""personal_data_protection_amendment_act_2020_d7cc5937b1_chunk_0134_ast"", ""personal_data_protection_amendment_act_2020_d7cc5937b1_chunk_0135_ast"", ""personal_data_protection_amendment_act_2020_d7cc5937b1_chunk_0145_ast"", ""personal_data_protection_amendment_act_2020_d7cc5937b1_chunk_0146_ast"", ""personal_data_protection_amendment_act_2020_d7cc5937b1_chunk_0147_ast"", ""personal_data_protection_amendment_act_2020_d7cc5937b1_chunk_0148_ast"", ""personal_data_protection_amendment_act_2020_d7cc5937b1_chunk_0149_ast"", ""personal_data_protection_amendment_act_2020_d7cc5937b1_chunk_0151_ast"", ""personal_data_protection_amendment_act_2020_d7cc5937b1_chunk_0152_ast"", ""personal_data_protection_amendment_act_2020_d7cc5937b1_chunk_0161_ast"", ""personal_data_protection_amendment_act_2020_d7cc5937b1_chunk_0164_ast"", ""personal_data_protection_act_2012_e857c5e9da_chunk_0011_ast"", ""personal_data_protection_act_2012_e857c5e9da_chunk_0012_ast"", ""personal_data_protection_act_2012_e857c5e9da_chunk_0015_ast"", ""personal_data_protection_act_2012_e857c5e9da_chunk_0018_ast"", ""personal_data_protection_act_2012_e857c5e9da_chunk_0019_ast"", ""personal_data_protection_act_2012_e857c5e9da_chunk_0020_ast"", ""personal_data_protection_act_2012_e857c5e9da_chunk_0021_ast"", ""personal_data_protection_act_2012_e857c5e9da_chunk_0028_ast"", ""personal_data_protection_act_2012_e857c5e9da_chunk_0030_ast"", ""personal_data_protection_act_2012_e857c5e9da_chunk_0031_ast"", ""personal_data_protection_act_2012_e857c5e9da_chunk_0032_ast"", ""personal_data_protection_act_2012_e857c5e9da_chunk_0033_ast"", ""personal_data_protection_act_2012_e857c5e9da_chunk_0034_ast"", ""personal_data_protection_act_2012_e857c5e9da_chunk_0035_ast"", ""personal_data_protection_act_2012_e857c5e9da_chunk_0036_ast"", ""personal_data_protection_act_2012_e857c5e9da_chunk_0037_ast"", ""personal_data_protection_act_2012_e857c5e9da_chunk_0038_ast"", ""personal_data_protection_act_2012_e857c5e9da_chunk_0039_ast"", ""personal_data_protection_act_2012_e857c5e9da_chunk_0040_ast"", ""personal_data_protection_act_2012_e857c5e9da_chunk_0041_ast"", ""personal_data_protection_act_2012_e857c5e9da_chunk_0042_ast"", ""personal_data_protection_act_2012_e857c5e9da_chunk_0043_ast"", ""personal_data_protection_act_2012_e857c5e9da_chunk_0044_ast""]",high,pending
synonym_e5b2765dd5f0,individual,个人,synonym,"[""companies_act_1967_c8232023ef_chunk_0014_ast"", ""companies_act_1967_c8232023ef_chunk_0015_ast"", ""companies_act_1967_c8232023ef_chunk_0049_ast"", ""companies_act_1967_c8232023ef_chunk_0055_ast"", ""companies_act_1967_c8232023ef_chunk_0056_ast"", ""companies_act_1967_c8232023ef_chunk_0062_ast"", ""companies_act_1967_c8232023ef_chunk_0106_ast"", ""companies_act_1967_c8232023ef_chunk_0117_ast"", ""companies_act_1967_c8232023ef_chunk_0118_ast"", ""companies_act_1967_c8232023ef_chunk_0119_ast"", ""companies_act_1967_c8232023ef_chunk_0120_ast"", ""companies_act_1967_c8232023ef_chunk_0121_ast"", ""companies_act_1967_c8232023ef_chunk_0122_ast"", ""companies_act_1967_c8232023ef_chunk_0129_ast"", ""companies_act_1967_c8232023ef_chunk_0130_ast"", ""companies_act_1967_c8232023ef_chunk_0135_ast"", ""companies_act_1967_c8232023ef_chunk_0153_ast"", ""companies_act_1967_c8232023ef_chunk_0197_ast"", ""companies_act_1967_c8232023ef_chunk_0226_ast"", ""companies_act_1967_c8232023ef_chunk_0227_ast"", ""companies_act_1967_c8232023ef_chunk_0235_ast"", ""companies_act_1967_c8232023ef_chunk_0237_ast"", ""companies_act_1967_c8232023ef_chunk_0409_ast"", ""companies_act_1967_c8232023ef_chunk_0437_ast"", ""companies_act_1967_c8232023ef_chunk_0438_ast"", ""companies_act_1967_c8232023ef_chunk_0454_ast"", ""companies_act_1967_c8232023ef_chunk_0542_ast"", ""companies_act_1967_c8232023ef_chunk_0566_ast"", ""companies_act_1967_c8232023ef_chunk_0567_ast"", ""companies_act_1967_c8232023ef_chunk_0569_ast"", ""companies_act_1967_c8232023ef_chunk_0570_ast"", ""companies_act_1967_c8232023ef_chunk_0602_ast"", ""companies_act_1967_c8232023ef_chunk_0653_ast"", ""companies_act_1967_c8232023ef_chunk_0659_ast"", ""companies_act_1967_c8232023ef_chunk_0902_ast"", ""companies_act_1967_c8232023ef_chunk_0948_ast"", ""companies_act_1967_c8232023ef_chunk_0958_ast"", ""companies_act_1967_c8232023ef_chunk_1064_ast"", ""companies_act_1967_c8232023ef_chunk_1085_ast"", ""companies_act_1967_c8232023ef_chunk_1086_ast"", ""companies_act_1967_c8232023ef_chunk_1087_ast"", ""personal_data_protection_amendment_act_2020_d7cc5937b1_chunk_0006_ast"", ""personal_data_protection_amendment_act_2020_d7cc5937b1_chunk_0007_ast"", ""personal_data_protection_amendment_act_2020_d7cc5937b1_chunk_0009_ast"", ""personal_data_protection_amendment_act_2020_d7cc5937b1_chunk_0010_ast"", ""personal_data_protection_amendment_act_2020_d7cc5937b1_chunk_0011_ast"", ""personal_data_protection_amendment_act_2020_d7cc5937b1_chunk_0012_ast"", ""personal_data_protection_amendment_act_2020_d7cc5937b1_chunk_0013_ast"", ""personal_data_protection_amendment_act_2020_d7cc5937b1_chunk_0014_ast"", ""personal_data_protection_amendment_act_2020_d7cc5937b1_chunk_0015_ast"", ""personal_data_protection_amendment_act_2020_d7cc5937b1_chunk_0016_ast"", ""personal_data_protection_amendment_act_2020_d7cc5937b1_chunk_0017_ast"", ""personal_data_protection_amendment_act_2020_d7cc5937b1_chunk_0018_ast"", ""personal_data_protection_amendment_act_2020_d7cc5937b1_chunk_0019_ast"", ""personal_data_protection_amendment_act_2020_d7cc5937b1_chunk_0020_ast"", ""personal_data_protection_amendment_act_2020_d7cc5937b1_chunk_0021_ast"", ""personal_data_protection_amendment_act_2020_d7cc5937b1_chunk_0023_ast"", ""personal_data_protection_amendment_act_2020_d7cc5937b1_chunk_0024_ast"", ""personal_data_protection_amendment_act_2020_d7cc5937b1_chunk_0025_ast"", ""personal_data_protection_amendment_act_2020_d7cc5937b1_chunk_0027_ast"", ""personal_data_protection_amendment_act_2020_d7cc5937b1_chunk_0028_ast"", ""personal_data_protection_amendment_act_2020_d7cc5937b1_chunk_0030_ast"", ""personal_data_protection_amendment_act_2020_d7cc5937b1_chunk_0032_ast"", ""personal_data_protection_amendment_act_2020_d7cc5937b1_chunk_0033_ast"", ""personal_data_protection_amendment_act_2020_d7cc5937b1_chunk_0034_ast"", ""personal_data_protection_amendment_act_2020_d7cc5937b1_chunk_0035_ast"", ""personal_data_protection_amendment_act_2020_d7cc5937b1_chunk_0036_ast"", ""personal_data_protection_amendment_act_2020_d7cc5937b1_chunk_0043_ast"", ""personal_data_protection_amendment_act_2020_d7cc5937b1_chunk_0044_ast"", ""personal_data_protection_amendment_act_2020_d7cc5937b1_chunk_0045_ast"", ""personal_data_protection_amendment_act_2020_d7cc5937b1_chunk_0050_ast"", ""personal_data_protection_amendment_act_2020_d7cc5937b1_chunk_0054_ast"", ""personal_data_protection_amendment_act_2020_d7cc5937b1_chunk_0056_ast"", ""personal_data_protection_amendment_act_2020_d7cc5937b1_chunk_0057_ast"", ""personal_data_protection_amendment_act_2020_d7cc5937b1_chunk_0060_ast"", ""personal_data_protection_amendment_act_2020_d7cc5937b1_chunk_0063_ast"", ""personal_data_protection_amendment_act_2020_d7cc5937b1_chunk_0064_ast"", ""personal_data_protection_amendment_act_2020_d7cc5937b1_chunk_0067_ast"", ""personal_data_protection_amendment_act_2020_d7cc5937b1_chunk_0068_ast"", ""personal_data_protection_amendment_act_2020_d7cc5937b1_chunk_0073_ast""]",high,pending
synonym_de485387566a,individual,个人信息,related_term,"[""personal_data_protection_amendment_act_2020_d7cc5937b1_chunk_0006_ast"", ""personal_data_protection_amendment_act_2020_d7cc5937b1_chunk_0007_ast"", ""personal_data_protection_amendment_act_2020_d7cc5937b1_chunk_0009_ast"", ""personal_data_protection_amendment_act_2020_d7cc5937b1_chunk_0010_ast"", ""personal_data_protection_amendment_act_2020_d7cc5937b1_chunk_0011_ast"", ""personal_data_protection_amendment_act_2020_d7cc5937b1_chunk_0012_ast"", ""personal_data_protection_amendment_act_2020_d7cc5937b1_chunk_0013_ast"", ""personal_data_protection_amendment_act_2020_d7cc5937b1_chunk_0014_ast"", ""personal_data_protection_amendment_act_2020_d7cc5937b1_chunk_0015_ast"", ""personal_data_protection_amendment_act_2020_d7cc5937b1_chunk_0016_ast"", ""personal_data_protection_amendment_act_2020_d7cc5937b1_chunk_0017_ast"", ""personal_data_protection_amendment_act_2020_d7cc5937b1_chunk_0018_ast"", ""personal_data_protection_amendment_act_2020_d7cc5937b1_chunk_0019_ast"", ""personal_data_protection_amendment_act_2020_d7cc5937b1_chunk_0020_ast"", ""personal_data_protection_amendment_act_2020_d7cc5937b1_chunk_0021_ast"", ""personal_data_protection_amendment_act_2020_d7cc5937b1_chunk_0023_ast"", ""personal_data_protection_amendment_act_2020_d7cc5937b1_chunk_0024_ast"", ""personal_data_protection_amendment_act_2020_d7cc5937b1_chunk_0025_ast"", ""personal_data_protection_amendment_act_2020_d7cc5937b1_chunk_0030_ast"", ""personal_data_protection_amendment_act_2020_d7cc5937b1_chunk_0032_ast"", ""personal_data_protection_amendment_act_2020_d7cc5937b1_chunk_0035_ast"", ""personal_data_protection_amendment_act_2020_d7cc5937b1_chunk_0036_ast"", ""personal_data_protection_amendment_act_2020_d7cc5937b1_chunk_0054_ast"", ""personal_data_protection_amendment_act_2020_d7cc5937b1_chunk_0056_ast"", ""personal_data_protection_amendment_act_2020_d7cc5937b1_chunk_0057_ast"", ""personal_data_protection_amendment_act_2020_d7cc5937b1_chunk_0060_ast"", ""personal_data_protection_amendment_act_2020_d7cc5937b1_chunk_0093_ast"", ""personal_data_protection_amendment_act_2020_d7cc5937b1_chunk_0096_ast"", ""personal_data_protection_amendment_act_2020_d7cc5937b1_chunk_0110_ast"", ""personal_data_protection_amendment_act_2020_d7cc5937b1_chunk_0111_ast"", ""personal_data_protection_amendment_act_2020_d7cc5937b1_chunk_0113_ast"", ""personal_data_protection_amendment_act_2020_d7cc5937b1_chunk_0115_ast"", ""personal_data_protection_amendment_act_2020_d7cc5937b1_chunk_0116_ast"", ""personal_data_protection_amendment_act_2020_d7cc5937b1_chunk_0117_ast"", ""personal_data_protection_amendment_act_2020_d7cc5937b1_chunk_0118_ast"", ""personal_data_protection_amendment_act_2020_d7cc5937b1_chunk_0120_ast"", ""personal_data_protection_amendment_act_2020_d7cc5937b1_chunk_0121_ast"", ""personal_data_protection_amendment_act_2020_d7cc5937b1_chunk_0123_ast"", ""personal_data_protection_amendment_act_2020_d7cc5937b1_chunk_0125_ast"", ""personal_data_protection_amendment_act_2020_d7cc5937b1_chunk_0127_ast"", ""personal_data_protection_amendment_act_2020_d7cc5937b1_chunk_0128_ast"", ""personal_data_protection_amendment_act_2020_d7cc5937b1_chunk_0129_ast"", ""personal_data_protection_amendment_act_2020_d7cc5937b1_chunk_0130_ast"", ""personal_data_protection_amendment_act_2020_d7cc5937b1_chunk_0131_ast"", ""personal_data_protection_amendment_act_2020_d7cc5937b1_chunk_0132_ast"", ""personal_data_protection_amendment_act_2020_d7cc5937b1_chunk_0133_ast"", ""personal_data_protection_amendment_act_2020_d7cc5937b1_chunk_0134_ast"", ""personal_data_protection_amendment_act_2020_d7cc5937b1_chunk_0135_ast"", ""personal_data_protection_amendment_act_2020_d7cc5937b1_chunk_0145_ast"", ""personal_data_protection_amendment_act_2020_d7cc5937b1_chunk_0146_ast"", ""personal_data_protection_amendment_act_2020_d7cc5937b1_chunk_0147_ast"", ""personal_data_protection_amendment_act_2020_d7cc5937b1_chunk_0148_ast"", ""personal_data_protection_amendment_act_2020_d7cc5937b1_chunk_0149_ast"", ""personal_data_protection_amendment_act_2020_d7cc5937b1_chunk_0151_ast"", ""personal_data_protection_amendment_act_2020_d7cc5937b1_chunk_0152_ast"", ""personal_data_protection_amendment_act_2020_d7cc5937b1_chunk_0161_ast"", ""personal_data_protection_amendment_act_2020_d7cc5937b1_chunk_0164_ast"", ""personal_data_protection_act_2012_e857c5e9da_chunk_0011_ast"", ""personal_data_protection_act_2012_e857c5e9da_chunk_0012_ast"", ""personal_data_protection_act_2012_e857c5e9da_chunk_0015_ast"", ""personal_data_protection_act_2012_e857c5e9da_chunk_0018_ast"", ""personal_data_protection_act_2012_e857c5e9da_chunk_0019_ast"", ""personal_data_protection_act_2012_e857c5e9da_chunk_0020_ast"", ""personal_data_protection_act_2012_e857c5e9da_chunk_0021_ast"", ""personal_data_protection_act_2012_e857c5e9da_chunk_0028_ast"", ""personal_data_protection_act_2012_e857c5e9da_chunk_0030_ast"", ""personal_data_protection_act_2012_e857c5e9da_chunk_0031_ast"", ""personal_data_protection_act_2012_e857c5e9da_chunk_0032_ast"", ""personal_data_protection_act_2012_e857c5e9da_chunk_0033_ast"", ""personal_data_protection_act_2012_e857c5e9da_chunk_0034_ast"", ""personal_data_protection_act_2012_e857c5e9da_chunk_0035_ast"", ""personal_data_protection_act_2012_e857c5e9da_chunk_0036_ast"", ""personal_data_protection_act_2012_e857c5e9da_chunk_0037_ast"", ""personal_data_protection_act_2012_e857c5e9da_chunk_0038_ast"", ""personal_data_protection_act_2012_e857c5e9da_chunk_0039_ast"", ""personal_data_protection_act_2012_e857c5e9da_chunk_0040_ast"", ""personal_data_protection_act_2012_e857c5e9da_chunk_0041_ast"", ""personal_data_protection_act_2012_e857c5e9da_chunk_0042_ast"", ""personal_data_protection_act_2012_e857c5e9da_chunk_0043_ast"", ""personal_data_protection_act_2012_e857c5e9da_chunk_0044_ast""]",high,pending
synonym_27a26cc2e45e,individual,同意,related_term,"[""companies_act_1967_c8232023ef_chunk_0437_ast"", ""companies_act_1967_c8232023ef_chunk_0454_ast"", ""companies_act_1967_c8232023ef_chunk_0542_ast"", ""personal_data_protection_amendment_act_2020_d7cc5937b1_chunk_0009_ast"", ""personal_data_protection_amendment_act_2020_d7cc5937b1_chunk_0010_ast"", ""personal_data_protection_amendment_act_2020_d7cc5937b1_chunk_0012_ast"", ""personal_data_protection_amendment_act_2020_d7cc5937b1_chunk_0013_ast"", ""personal_data_protection_amendment_act_2020_d7cc5937b1_chunk_0014_ast"", ""personal_data_protection_amendment_act_2020_d7cc5937b1_chunk_0015_ast"", ""personal_data_protection_amendment_act_2020_d7cc5937b1_chunk_0016_ast"", ""personal_data_protection_amendment_act_2020_d7cc5937b1_chunk_0020_ast"", ""personal_data_protection_amendment_act_2020_d7cc5937b1_chunk_0036_ast"", ""personal_data_protection_amendment_act_2020_d7cc5937b1_chunk_0067_ast"", ""personal_data_protection_amendment_act_2020_d7cc5937b1_chunk_0099_ast"", ""personal_data_protection_amendment_act_2020_d7cc5937b1_chunk_0103_ast"", ""personal_data_protection_amendment_act_2020_d7cc5937b1_chunk_0110_ast"", ""personal_data_protection_amendment_act_2020_d7cc5937b1_chunk_0111_ast"", ""personal_data_protection_amendment_act_2020_d7cc5937b1_chunk_0130_ast"", ""personal_data_protection_amendment_act_2020_d7cc5937b1_chunk_0133_ast"", ""personal_data_protection_amendment_act_2020_d7cc5937b1_chunk_0135_ast"", ""personal_data_protection_act_2012_e857c5e9da_chunk_0030_ast"", ""personal_data_protection_act_2012_e857c5e9da_chunk_0031_ast"", ""personal_data_protection_act_2012_e857c5e9da_chunk_0032_ast"", ""personal_data_protection_act_2012_e857c5e9da_chunk_0033_ast"", ""personal_data_protection_act_2012_e857c5e9da_chunk_0035_ast"", ""personal_data_protection_act_2012_e857c5e9da_chunk_0036_ast"", ""personal_data_protection_act_2012_e857c5e9da_chunk_0037_ast"", ""personal_data_protection_act_2012_e857c5e9da_chunk_0038_ast"", ""personal_data_protection_act_2012_e857c5e9da_chunk_0039_ast"", ""personal_data_protection_act_2012_e857c5e9da_chunk_0040_ast"", ""personal_data_protection_act_2012_e857c5e9da_chunk_0041_ast"", ""personal_data_protection_act_2012_e857c5e9da_chunk_0042_ast"", ""personal_data_protection_act_2012_e857c5e9da_chunk_0043_ast"", ""personal_data_protection_act_2012_e857c5e9da_chunk_0044_ast"", ""personal_data_protection_act_2012_e857c5e9da_chunk_0047_ast"", ""personal_data_protection_act_2012_e857c5e9da_chunk_0050_ast"", ""personal_data_protection_act_2012_e857c5e9da_chunk_0100_ast"", ""personal_data_protection_act_2012_e857c5e9da_chunk_0133_ast"", ""personal_data_protection_act_2012_e857c5e9da_chunk_0137_ast"", ""personal_data_protection_act_2012_e857c5e9da_chunk_0153_ast"", ""personal_data_protection_act_2012_e857c5e9da_chunk_0157_ast"", ""personal_data_protection_act_2012_e857c5e9da_chunk_0158_ast"", ""personal_data_protection_act_2012_e857c5e9da_chunk_0177_ast"", ""personal_data_protection_act_2012_e857c5e9da_chunk_0180_ast"", ""personal_data_protection_act_2012_e857c5e9da_chunk_0182_ast"", ""personal_data_protection_act_2012_e857c5e9da_chunk_0184_ast""]",high,pending
synonym_0aa35f06fc6b,individual,自然人,related_term,"[""companies_act_1967_c8232023ef_chunk_0014_ast"", ""companies_act_1967_c8232023ef_chunk_0015_ast"", ""companies_act_1967_c8232023ef_chunk_0049_ast"", ""companies_act_1967_c8232023ef_chunk_0055_ast"", ""companies_act_1967_c8232023ef_chunk_0056_ast"", ""companies_act_1967_c8232023ef_chunk_0062_ast"", ""companies_act_1967_c8232023ef_chunk_0106_ast"", ""companies_act_1967_c8232023ef_chunk_0117_ast"", ""companies_act_1967_c8232023ef_chunk_0118_ast"", ""companies_act_1967_c8232023ef_chunk_0119_ast"", ""companies_act_1967_c8232023ef_chunk_0120_ast"", ""companies_act_1967_c8232023ef_chunk_0121_ast"", ""companies_act_1967_c8232023ef_chunk_0122_ast"", ""companies_act_1967_c8232023ef_chunk_0129_ast"", ""companies_act_1967_c8232023ef_chunk_0130_ast"", ""companies_act_1967_c8232023ef_chunk_0135_ast"", ""companies_act_1967_c8232023ef_chunk_0153_ast"", ""companies_act_1967_c8232023ef_chunk_0197_ast"", ""companies_act_1967_c8232023ef_chunk_0226_ast"", ""companies_act_1967_c8232023ef_chunk_0227_ast"", ""companies_act_1967_c8232023ef_chunk_0235_ast"", ""companies_act_1967_c8232023ef_chunk_0237_ast"", ""companies_act_1967_c8232023ef_chunk_0409_ast"", ""companies_act_1967_c8232023ef_chunk_0437_ast"", ""companies_act_1967_c8232023ef_chunk_0438_ast"", ""companies_act_1967_c8232023ef_chunk_0454_ast"", ""companies_act_1967_c8232023ef_chunk_0542_ast"", ""companies_act_1967_c8232023ef_chunk_0566_ast"", ""companies_act_1967_c8232023ef_chunk_0567_ast"", ""companies_act_1967_c8232023ef_chunk_0569_ast"", ""companies_act_1967_c8232023ef_chunk_0570_ast"", ""companies_act_1967_c8232023ef_chunk_0602_ast"", ""companies_act_1967_c8232023ef_chunk_0653_ast"", ""companies_act_1967_c8232023ef_chunk_0659_ast"", ""companies_act_1967_c8232023ef_chunk_0902_ast"", ""companies_act_1967_c8232023ef_chunk_0948_ast"", ""companies_act_1967_c8232023ef_chunk_0958_ast"", ""companies_act_1967_c8232023ef_chunk_1064_ast"", ""companies_act_1967_c8232023ef_chunk_1085_ast"", ""companies_act_1967_c8232023ef_chunk_1086_ast"", ""companies_act_1967_c8232023ef_chunk_1087_ast"", ""personal_data_protection_amendment_act_2020_d7cc5937b1_chunk_0006_ast"", ""personal_data_protection_amendment_act_2020_d7cc5937b1_chunk_0007_ast"", ""personal_data_protection_amendment_act_2020_d7cc5937b1_chunk_0009_ast"", ""personal_data_protection_amendment_act_2020_d7cc5937b1_chunk_0010_ast"", ""personal_data_protection_amendment_act_2020_d7cc5937b1_chunk_0011_ast"", ""personal_data_protection_amendment_act_2020_d7cc5937b1_chunk_0012_ast"", ""personal_data_protection_amendment_act_2020_d7cc5937b1_chunk_0013_ast"", ""personal_data_protection_amendment_act_2020_d7cc5937b1_chunk_0014_ast"", ""personal_data_protection_amendment_act_2020_d7cc5937b1_chunk_0015_ast"", ""personal_data_protection_amendment_act_2020_d7cc5937b1_chunk_0016_ast"", ""personal_data_protection_amendment_act_2020_d7cc5937b1_chunk_0017_ast"", ""personal_data_protection_amendment_act_2020_d7cc5937b1_chunk_0018_ast"", ""personal_data_protection_amendment_act_2020_d7cc5937b1_chunk_0019_ast"", ""personal_data_protection_amendment_act_2020_d7cc5937b1_chunk_0020_ast"", ""personal_data_protection_amendment_act_2020_d7cc5937b1_chunk_0021_ast"", ""personal_data_protection_amendment_act_2020_d7cc5937b1_chunk_0023_ast"", ""personal_data_protection_amendment_act_2020_d7cc5937b1_chunk_0024_ast"", ""personal_data_protection_amendment_act_2020_d7cc5937b1_chunk_0025_ast"", ""personal_data_protection_amendment_act_2020_d7cc5937b1_chunk_0027_ast"", ""personal_data_protection_amendment_act_2020_d7cc5937b1_chunk_0028_ast"", ""personal_data_protection_amendment_act_2020_d7cc5937b1_chunk_0030_ast"", ""personal_data_protection_amendment_act_2020_d7cc5937b1_chunk_0032_ast"", ""personal_data_protection_amendment_act_2020_d7cc5937b1_chunk_0033_ast"", ""personal_data_protection_amendment_act_2020_d7cc5937b1_chunk_0034_ast"", ""personal_data_protection_amendment_act_2020_d7cc5937b1_chunk_0035_ast"", ""personal_data_protection_amendment_act_2020_d7cc5937b1_chunk_0036_ast"", ""personal_data_protection_amendment_act_2020_d7cc5937b1_chunk_0043_ast"", ""personal_data_protection_amendment_act_2020_d7cc5937b1_chunk_0044_ast"", ""personal_data_protection_amendment_act_2020_d7cc5937b1_chunk_0045_ast"", ""personal_data_protection_amendment_act_2020_d7cc5937b1_chunk_0050_ast"", ""personal_data_protection_amendment_act_2020_d7cc5937b1_chunk_0054_ast"", ""personal_data_protection_amendment_act_2020_d7cc5937b1_chunk_0056_ast"", ""personal_data_protection_amendment_act_2020_d7cc5937b1_chunk_0057_ast"", ""personal_data_protection_amendment_act_2020_d7cc5937b1_chunk_0060_ast"", ""personal_data_protection_amendment_act_2020_d7cc5937b1_chunk_0063_ast"", ""personal_data_protection_amendment_act_2020_d7cc5937b1_chunk_0064_ast"", ""personal_data_protection_amendment_act_2020_d7cc5937b1_chunk_0067_ast"", ""personal_data_protection_amendment_act_2020_d7cc5937b1_chunk_0068_ast"", ""personal_data_protection_amendment_act_2020_d7cc5937b1_chunk_0073_ast""]",high,pending
synonym_81b7e6c7cbc0,individual,自然人,synonym,"[""companies_act_1967_c8232023ef_chunk_0014_ast"", ""companies_act_1967_c8232023ef_chunk_0015_ast"", ""companies_act_1967_c8232023ef_chunk_0049_ast"", ""companies_act_1967_c8232023ef_chunk_0055_ast"", ""companies_act_1967_c8232023ef_chunk_0056_ast"", ""companies_act_1967_c8232023ef_chunk_0062_ast"", ""companies_act_1967_c8232023ef_chunk_0106_ast"", ""companies_act_1967_c8232023ef_chunk_0117_ast"", ""companies_act_1967_c8232023ef_chunk_0118_ast"", ""companies_act_1967_c8232023ef_chunk_0119_ast"", ""companies_act_1967_c8232023ef_chunk_0120_ast"", ""companies_act_1967_c8232023ef_chunk_0121_ast"", ""companies_act_1967_c8232023ef_chunk_0122_ast"", ""companies_act_1967_c8232023ef_chunk_0129_ast"", ""companies_act_1967_c8232023ef_chunk_0130_ast"", ""companies_act_1967_c8232023ef_chunk_0135_ast"", ""companies_act_1967_c8232023ef_chunk_0153_ast"", ""companies_act_1967_c8232023ef_chunk_0197_ast"", ""companies_act_1967_c8232023ef_chunk_0226_ast"", ""companies_act_1967_c8232023ef_chunk_0227_ast"", ""companies_act_1967_c8232023ef_chunk_0235_ast"", ""companies_act_1967_c8232023ef_chunk_0237_ast"", ""companies_act_1967_c8232023ef_chunk_0409_ast"", ""companies_act_1967_c8232023ef_chunk_0437_ast"", ""companies_act_1967_c8232023ef_chunk_0438_ast"", ""companies_act_1967_c8232023ef_chunk_0454_ast"", ""companies_act_1967_c8232023ef_chunk_0542_ast"", ""companies_act_1967_c8232023ef_chunk_0566_ast"", ""companies_act_1967_c8232023ef_chunk_0567_ast"", ""companies_act_1967_c8232023ef_chunk_0569_ast"", ""companies_act_1967_c8232023ef_chunk_0570_ast"", ""companies_act_1967_c8232023ef_chunk_0602_ast"", ""companies_act_1967_c8232023ef_chunk_0653_ast"", ""companies_act_1967_c8232023ef_chunk_0659_ast"", ""companies_act_1967_c8232023ef_chunk_0902_ast"", ""companies_act_1967_c8232023ef_chunk_0948_ast"", ""companies_act_1967_c8232023ef_chunk_0958_ast"", ""companies_act_1967_c8232023ef_chunk_1064_ast"", ""companies_act_1967_c8232023ef_chunk_1085_ast"", ""companies_act_1967_c8232023ef_chunk_1086_ast"", ""companies_act_1967_c8232023ef_chunk_1087_ast"", ""personal_data_protection_amendment_act_2020_d7cc5937b1_chunk_0006_ast"", ""personal_data_protection_amendment_act_2020_d7cc5937b1_chunk_0007_ast"", ""personal_data_protection_amendment_act_2020_d7cc5937b1_chunk_0009_ast"", ""personal_data_protection_amendment_act_2020_d7cc5937b1_chunk_0010_ast"", ""personal_data_protection_amendment_act_2020_d7cc5937b1_chunk_0011_ast"", ""personal_data_protection_amendment_act_2020_d7cc5937b1_chunk_0012_ast"", ""personal_data_protection_amendment_act_2020_d7cc5937b1_chunk_0013_ast"", ""personal_data_protection_amendment_act_2020_d7cc5937b1_chunk_0014_ast"", ""personal_data_protection_amendment_act_2020_d7cc5937b1_chunk_0015_ast"", ""personal_data_protection_amendment_act_2020_d7cc5937b1_chunk_0016_ast"", ""personal_data_protection_amendment_act_2020_d7cc5937b1_chunk_0017_ast"", ""personal_data_protection_amendment_act_2020_d7cc5937b1_chunk_0018_ast"", ""personal_data_protection_amendment_act_2020_d7cc5937b1_chunk_0019_ast"", ""personal_data_protection_amendment_act_2020_d7cc5937b1_chunk_0020_ast"", ""personal_data_protection_amendment_act_2020_d7cc5937b1_chunk_0021_ast"", ""personal_data_protection_amendment_act_2020_d7cc5937b1_chunk_0023_ast"", ""personal_data_protection_amendment_act_2020_d7cc5937b1_chunk_0024_ast"", ""personal_data_protection_amendment_act_2020_d7cc5937b1_chunk_0025_ast"", ""personal_data_protection_amendment_act_2020_d7cc5937b1_chunk_0027_ast"", ""personal_data_protection_amendment_act_2020_d7cc5937b1_chunk_0028_ast"", ""personal_data_protection_amendment_act_2020_d7cc5937b1_chunk_0030_ast"", ""personal_data_protection_amendment_act_2020_d7cc5937b1_chunk_0032_ast"", ""personal_data_protection_amendment_act_2020_d7cc5937b1_chunk_0033_ast"", ""personal_data_protection_amendment_act_2020_d7cc5937b1_chunk_0034_ast"", ""personal_data_protection_amendment_act_2020_d7cc5937b1_chunk_0035_ast"", ""personal_data_protection_amendment_act_2020_d7cc5937b1_chunk_0036_ast"", ""personal_data_protection_amendment_act_2020_d7cc5937b1_chunk_0043_ast"", ""personal_data_protection_amendment_act_2020_d7cc5937b1_chunk_0044_ast"", ""personal_data_protection_amendment_act_2020_d7cc5937b1_chunk_0045_ast"", ""personal_data_protection_amendment_act_2020_d7cc5937b1_chunk_0050_ast"", ""personal_data_protection_amendment_act_2020_d7cc5937b1_chunk_0054_ast"", ""personal_data_protection_amendment_act_2020_d7cc5937b1_chunk_0056_ast"", ""personal_data_protection_amendment_act_2020_d7cc5937b1_chunk_0057_ast"", ""personal_data_protection_amendment_act_2020_d7cc5937b1_chunk_0060_ast"", ""personal_data_protection_amendment_act_2020_d7cc5937b1_chunk_0063_ast"", ""personal_data_protection_amendment_act_2020_d7cc5937b1_chunk_0064_ast"", ""personal_data_protection_amendment_act_2020_d7cc5937b1_chunk_0067_ast"", ""personal_data_protection_amendment_act_2020_d7cc5937b1_chunk_0068_ast"", ""personal_data_protection_amendment_act_2020_d7cc5937b1_chunk_0073_ast""]",high,pending
synonym_b7481e6c2203,inspector,data subject,related_term,"[""personal_data_protection_act_2012_e857c5e9da_chunk_0014_ast""]",high,pending
synonym_e08365d5e26c,inspector,person,related_term,"[""personal_data_protection_act_2012_e857c5e9da_chunk_0014_ast""]",high,pending
synonym_a40be40c65b6,inspector,自然人,related_term,"[""personal_data_protection_act_2012_e857c5e9da_chunk_0014_ast""]",high,pending
synonym_dfaa70eb952c,interest,business,related_term,"[""personal_data_protection_amendment_act_2020_d7cc5937b1_chunk_0127_ast"", ""personal_data_protection_act_2012_e857c5e9da_chunk_0172_ast""]",high,pending
synonym_8521cb60fefd,interest,company,related_term,"[""personal_data_protection_amendment_act_2020_d7cc5937b1_chunk_0127_ast"", ""personal_data_protection_act_2012_e857c5e9da_chunk_0172_ast""]",high,pending
synonym_62b9130891bd,interest,data subject,related_term,"[""personal_data_protection_amendment_act_2020_d7cc5937b1_chunk_0127_ast"", ""personal_data_protection_act_2012_e857c5e9da_chunk_0172_ast"", ""personal_data_protection_act_2012_e857c5e9da_chunk_0173_ast""]",high,pending
synonym_6b197ef94ab4,interest,data subject information,related_term,"[""personal_data_protection_amendment_act_2020_d7cc5937b1_chunk_0127_ast"", ""personal_data_protection_act_2012_e857c5e9da_chunk_0172_ast"", ""personal_data_protection_act_2012_e857c5e9da_chunk_0173_ast""]",high,pending
synonym_166cfad8325b,interest,organization,related_term,"[""personal_data_protection_amendment_act_2020_d7cc5937b1_chunk_0127_ast"", ""personal_data_protection_act_2012_e857c5e9da_chunk_0172_ast""]",high,pending
synonym_b2cd562f7f01,interest,person,related_term,"[""personal_data_protection_amendment_act_2020_d7cc5937b1_chunk_0127_ast"", ""personal_data_protection_act_2012_e857c5e9da_chunk_0172_ast"", ""personal_data_protection_act_2012_e857c5e9da_chunk_0173_ast""]",high,pending
synonym_4f33f1601499,interest,personal information,related_term,"[""personal_data_protection_amendment_act_2020_d7cc5937b1_chunk_0127_ast"", ""personal_data_protection_act_2012_e857c5e9da_chunk_0172_ast"", ""personal_data_protection_act_2012_e857c5e9da_chunk_0173_ast""]",high,pending
synonym_8931e1d194ad,interest,个人信息,related_term,"[""personal_data_protection_amendment_act_2020_d7cc5937b1_chunk_0127_ast"", ""personal_data_protection_act_2012_e857c5e9da_chunk_0172_ast"", ""personal_data_protection_act_2012_e857c5e9da_chunk_0173_ast""]",high,pending
synonym_294ad62692d4,interest,自然人,related_term,"[""personal_data_protection_amendment_act_2020_d7cc5937b1_chunk_0127_ast"", ""personal_data_protection_act_2012_e857c5e9da_chunk_0172_ast"", ""personal_data_protection_act_2012_e857c5e9da_chunk_0173_ast""]",high,pending
synonym_072b61be10eb,investigation,data subject,related_term,"[""personal_data_protection_act_2012_e857c5e9da_chunk_0014_ast""]",high,pending
synonym_183f0f4324a4,investigation,person,related_term,"[""personal_data_protection_act_2012_e857c5e9da_chunk_0014_ast""]",high,pending
synonym_2d7f4f785784,investigation,自然人,related_term,"[""personal_data_protection_act_2012_e857c5e9da_chunk_0014_ast""]",high,pending
synonym_43559611318c,ister,data subject,related_term,"[""personal_data_protection_amendment_act_2020_d7cc5937b1_chunk_0043_ast""]",high,pending
synonym_04a138e1bbd9,ister,person,related_term,"[""personal_data_protection_amendment_act_2020_d7cc5937b1_chunk_0043_ast""]",high,pending
synonym_901d3d4c485f,ister,自然人,related_term,"[""personal_data_protection_amendment_act_2020_d7cc5937b1_chunk_0043_ast""]",high,pending
synonym_bf0327748092,legal entity,data subject,related_term,"[""companies_act_1967_c8232023ef_chunk_0948_ast""]",high,pending
synonym_b1d822de0d7c,legal entity,person,related_term,"[""companies_act_1967_c8232023ef_chunk_0948_ast""]",high,pending
synonym_1129e06ac374,legal entity,自然人,related_term,"[""companies_act_1967_c8232023ef_chunk_0948_ast""]",high,pending
synonym_c5d72141d973,liability,authorisation,related_term,"[""companies_act_1967_c8232023ef_chunk_0103_ast"", ""companies_act_1967_c8232023ef_chunk_0170_ast"", ""companies_act_1967_c8232023ef_chunk_0647_ast"", ""companies_act_1967_c8232023ef_chunk_0930_ast"", ""companies_act_1967_c8232023ef_chunk_0931_ast"", ""companies_act_1967_c8232023ef_chunk_1033_ast"", ""entranslation_of_the_personal_data_protection_act_0_1c77b4099e_chunk_0106_ast"", ""personal_data_protection_act_2012_e857c5e9da_chunk_0007_ast""]",high,pending
synonym_2d46ae63524d,liability,data subject,related_term,"[""companies_act_1967_c8232023ef_chunk_0015_ast"", ""companies_act_1967_c8232023ef_chunk_0049_ast"", ""companies_act_1967_c8232023ef_chunk_0153_ast"", ""companies_act_1967_c8232023ef_chunk_0948_ast""]",high,pending
synonym_9e6fa179b41f,liability,data subject information,related_term,"[""entranslation_of_the_personal_data_protection_act_0_1c77b4099e_chunk_0055_ast"", ""entranslation_of_the_personal_data_protection_act_0_1c77b4099e_chunk_0066_ast"", ""entranslation_of_the_personal_data_protection_act_0_1c77b4099e_chunk_0102_ast"", ""entranslation_of_the_personal_data_protection_act_0_1c77b4099e_chunk_0103_ast"", ""entranslation_of_the_personal_data_protection_act_0_1c77b4099e_chunk_0104_ast"", ""personal_data_protection_act_2012_e857c5e9da_chunk_0007_ast""]",high,pending
synonym_7a22eb2b1544,liability,permission,related_term,"[""companies_act_1967_c8232023ef_chunk_0103_ast"", ""companies_act_1967_c8232023ef_chunk_0170_ast"", ""companies_act_1967_c8232023ef_chunk_0647_ast"", ""companies_act_1967_c8232023ef_chunk_0930_ast"", ""companies_act_1967_c8232023ef_chunk_0931_ast"", ""companies_act_1967_c8232023ef_chunk_1033_ast"", ""entranslation_of_the_personal_data_protection_act_0_1c77b4099e_chunk_0106_ast"", ""personal_data_protection_act_2012_e857c5e9da_chunk_0007_ast""]",high,pending
synonym_d20ccd2f36a1,liability,person,related_term,"[""companies_act_1967_c8232023ef_chunk_0015_ast"", ""companies_act_1967_c8232023ef_chunk_0049_ast"", ""companies_act_1967_c8232023ef_chunk_0153_ast"", ""companies_act_1967_c8232023ef_chunk_0948_ast""]",high,pending
synonym_7185f9d9bcf0,liability,personal information,related_term,"[""entranslation_of_the_personal_data_protection_act_0_1c77b4099e_chunk_0055_ast"", ""entranslation_of_the_personal_data_protection_act_0_1c77b4099e_chunk_0066_ast"", ""entranslation_of_the_personal_data_protection_act_0_1c77b4099e_chunk_0102_ast"", ""entranslation_of_the_personal_data_protection_act_0_1c77b4099e_chunk_0103_ast"", ""entranslation_of_the_personal_data_protection_act_0_1c77b4099e_chunk_0104_ast"", ""personal_data_protection_act_2012_e857c5e9da_chunk_0007_ast""]",high,pending
synonym_6becf91a4005,liability,个人信息,related_term,"[""entranslation_of_the_personal_data_protection_act_0_1c77b4099e_chunk_0055_ast"", ""entranslation_of_the_personal_data_protection_act_0_1c77b4099e_chunk_0066_ast"", ""entranslation_of_the_personal_data_protection_act_0_1c77b4099e_chunk_0102_ast"", ""entranslation_of_the_personal_data_protection_act_0_1c77b4099e_chunk_0103_ast"", ""entranslation_of_the_personal_data_protection_act_0_1c77b4099e_chunk_0104_ast"", ""personal_data_protection_act_2012_e857c5e9da_chunk_0007_ast""]",high,pending
synonym_3caaf88d26f8,liability,同意,related_term,"[""companies_act_1967_c8232023ef_chunk_0103_ast"", ""companies_act_1967_c8232023ef_chunk_0170_ast"", ""companies_act_1967_c8232023ef_chunk_0647_ast"", ""companies_act_1967_c8232023ef_chunk_0930_ast"", ""companies_act_1967_c8232023ef_chunk_0931_ast"", ""companies_act_1967_c8232023ef_chunk_1033_ast"", ""entranslation_of_the_personal_data_protection_act_0_1c77b4099e_chunk_0106_ast"", ""personal_data_protection_act_2012_e857c5e9da_chunk_0007_ast""]",high,pending
synonym_4cd81f01ab70,liability,自然人,related_term,"[""companies_act_1967_c8232023ef_chunk_0015_ast"", ""companies_act_1967_c8232023ef_chunk_0049_ast"", ""companies_act_1967_c8232023ef_chunk_0153_ast"", ""companies_act_1967_c8232023ef_chunk_0948_ast""]",high,pending
synonym_c926cde248df,loss,data subject,related_term,"[""personal_data_protection_amendment_act_2020_d7cc5937b1_chunk_0054_ast"", ""personal_data_protection_amendment_act_2020_d7cc5937b1_chunk_0145_ast"", ""personal_data_protection_amendment_act_2020_d7cc5937b1_chunk_0163_ast"", ""personal_data_protection_act_2012_e857c5e9da_chunk_0089_ast""]",high,pending
synonym_9631bbd00969,loss,data subject information,related_term,"[""personal_data_protection_amendment_act_2020_d7cc5937b1_chunk_0054_ast"", ""personal_data_protection_amendment_act_2020_d7cc5937b1_chunk_0145_ast"", ""personal_data_protection_act_2012_e857c5e9da_chunk_0089_ast""]",high,pending
synonym_16421774cdc4,loss,person,related_term,"[""personal_data_protection_amendment_act_2020_d7cc5937b1_chunk_0054_ast"", ""personal_data_protection_amendment_act_2020_d7cc5937b1_chunk_0145_ast"", ""personal_data_protection_amendment_act_2020_d7cc5937b1_chunk_0163_ast"", ""personal_data_protection_act_2012_e857c5e9da_chunk_0089_ast""]",high,pending
synonym_98b9ae75c7f6,loss,personal information,related_term,"[""personal_data_protection_amendment_act_2020_d7cc5937b1_chunk_0054_ast"", ""personal_data_protection_amendment_act_2020_d7cc5937b1_chunk_0145_ast"", ""personal_data_protection_act_2012_e857c5e9da_chunk_0089_ast""]",high,pending
synonym_f16d2a481b60,loss,个人信息,related_term,"[""personal_data_protection_amendment_act_2020_d7cc5937b1_chunk_0054_ast"", ""personal_data_protection_amendment_act_2020_d7cc5937b1_chunk_0145_ast"", ""personal_data_protection_act_2012_e857c5e9da_chunk_0089_ast""]",high,pending
synonym_aff6a324baa7,loss,自然人,related_term,"[""personal_data_protection_amendment_act_2020_d7cc5937b1_chunk_0054_ast"", ""personal_data_protection_amendment_act_2020_d7cc5937b1_chunk_0145_ast"", ""personal_data_protection_amendment_act_2020_d7cc5937b1_chunk_0163_ast"", ""personal_data_protection_act_2012_e857c5e9da_chunk_0089_ast""]",high,pending
synonym_a5655fb8bc5b,Minister,data subject information,related_term,"[""entranslation_of_the_personal_data_protection_act_0_1c77b4099e_chunk_0009_ast""]",high,pending
synonym_5950bce20b65,Minister,personal information,related_term,"[""entranslation_of_the_personal_data_protection_act_0_1c77b4099e_chunk_0009_ast""]",high,pending
synonym_2972b85cf39e,Minister,个人信息,related_term,"[""entranslation_of_the_personal_data_protection_act_0_1c77b4099e_chunk_0009_ast""]",high,pending
synonym_7d2a28d8e275,Monetary Authority of Singapore,data subject,related_term,"[""personal_data_protection_amendment_act_2020_d7cc5937b1_chunk_0056_ast"", ""personal_data_protection_act_2012_e857c5e9da_chunk_0089_ast""]",high,pending
synonym_ede340215198,Monetary Authority of Singapore,data subject information,related_term,"[""personal_data_protection_amendment_act_2020_d7cc5937b1_chunk_0056_ast"", ""personal_data_protection_act_2012_e857c5e9da_chunk_0089_ast""]",high,pending
synonym_0743acdda19a,Monetary Authority of Singapore,person,related_term,"[""personal_data_protection_amendment_act_2020_d7cc5937b1_chunk_0056_ast"", ""personal_data_protection_act_2012_e857c5e9da_chunk_0089_ast""]",high,pending
synonym_71a3bec0ecfa,Monetary Authority of Singapore,personal information,related_term,"[""personal_data_protection_amendment_act_2020_d7cc5937b1_chunk_0056_ast"", ""personal_data_protection_act_2012_e857c5e9da_chunk_0089_ast""]",high,pending
synonym_f99c660f6184,Monetary Authority of Singapore,个人信息,related_term,"[""personal_data_protection_amendment_act_2020_d7cc5937b1_chunk_0056_ast"", ""personal_data_protection_act_2012_e857c5e9da_chunk_0089_ast""]",high,pending
synonym_d2941a1d8ad1,Monetary Authority of Singapore,自然人,related_term,"[""personal_data_protection_amendment_act_2020_d7cc5937b1_chunk_0056_ast"", ""personal_data_protection_act_2012_e857c5e9da_chunk_0089_ast""]",high,pending
synonym_10722746e211,news activity,business,related_term,"[""personal_data_protection_amendment_act_2020_d7cc5937b1_chunk_0113_ast"", ""personal_data_protection_act_2012_e857c5e9da_chunk_0159_ast""]",high,pending
synonym_ff3d38dfd825,news activity,company,related_term,"[""personal_data_protection_amendment_act_2020_d7cc5937b1_chunk_0113_ast"", ""personal_data_protection_act_2012_e857c5e9da_chunk_0159_ast""]",high,pending
synonym_4a314192cf56,news activity,data subject,related_term,"[""personal_data_protection_amendment_act_2020_d7cc5937b1_chunk_0113_ast"", ""personal_data_protection_act_2012_e857c5e9da_chunk_0159_ast""]",high,pending
synonym_31d263ba62a6,news activity,data subject information,related_term,"[""personal_data_protection_amendment_act_2020_d7cc5937b1_chunk_0113_ast"", ""personal_data_protection_act_2012_e857c5e9da_chunk_0159_ast""]",high,pending
synonym_85c2c3202576,news activity,organization,related_term,"[""personal_data_protection_amendment_act_2020_d7cc5937b1_chunk_0113_ast"", ""personal_data_protection_act_2012_e857c5e9da_chunk_0159_ast""]",high,pending
synonym_b157e7c9bc08,news activity,person,related_term,"[""personal_data_protection_amendment_act_2020_d7cc5937b1_chunk_0113_ast"", ""personal_data_protection_act_2012_e857c5e9da_chunk_0159_ast""]",high,pending
synonym_f8163ca2c60f,news activity,personal information,related_term,"[""personal_data_protection_amendment_act_2020_d7cc5937b1_chunk_0113_ast"", ""personal_data_protection_act_2012_e857c5e9da_chunk_0159_ast""]",high,pending
synonym_11a997f72857,news activity,个人信息,related_term,"[""personal_data_protection_amendment_act_2020_d7cc5937b1_chunk_0113_ast"", ""personal_data_protection_act_2012_e857c5e9da_chunk_0159_ast""]",high,pending
synonym_5881fa81f297,news activity,自然人,related_term,"[""personal_data_protection_amendment_act_2020_d7cc5937b1_chunk_0113_ast"", ""personal_data_protection_act_2012_e857c5e9da_chunk_0159_ast""]",high,pending
synonym_9c54e6b36a6c,news organisation,business,related_term,"[""personal_data_protection_amendment_act_2020_d7cc5937b1_chunk_0113_ast"", ""personal_data_protection_act_2012_e857c5e9da_chunk_0159_ast"", ""personal_data_protection_act_2012_e857c5e9da_chunk_0160_ast""]",high,pending
synonym_76faa8546e48,news organisation,company,related_term,"[""personal_data_protection_amendment_act_2020_d7cc5937b1_chunk_0113_ast"", ""personal_data_protection_act_2012_e857c5e9da_chunk_0159_ast"", ""personal_data_protection_act_2012_e857c5e9da_chunk_0160_ast""]",high,pending
synonym_d62f05ebedcb,news organisation,data subject,related_term,"[""personal_data_protection_amendment_act_2020_d7cc5937b1_chunk_0113_ast"", ""personal_data_protection_act_2012_e857c5e9da_chunk_0159_ast""]",high,pending
synonym_4e05995191ef,news organisation,data subject information,related_term,"[""personal_data_protection_amendment_act_2020_d7cc5937b1_chunk_0113_ast"", ""personal_data_protection_act_2012_e857c5e9da_chunk_0159_ast""]",high,pending
synonym_72f6c0dc1a45,news organisation,organization,related_term,"[""personal_data_protection_amendment_act_2020_d7cc5937b1_chunk_0113_ast"", ""personal_data_protection_act_2012_e857c5e9da_chunk_0159_ast"", ""personal_data_protection_act_2012_e857c5e9da_chunk_0160_ast""]",high,pending
synonym_aed1f795305e,news organisation,person,related_term,"[""personal_data_protection_amendment_act_2020_d7cc5937b1_chunk_0113_ast"", ""personal_data_protection_act_2012_e857c5e9da_chunk_0159_ast""]",high,pending
synonym_0f3d44a5789b,news organisation,personal information,related_term,"[""personal_data_protection_amendment_act_2020_d7cc5937b1_chunk_0113_ast"", ""personal_data_protection_act_2012_e857c5e9da_chunk_0159_ast""]",high,pending
synonym_b34a742846c2,news organisation,个人信息,related_term,"[""personal_data_protection_amendment_act_2020_d7cc5937b1_chunk_0113_ast"", ""personal_data_protection_act_2012_e857c5e9da_chunk_0159_ast""]",high,pending
synonym_a3d228a26674,news organisation,自然人,related_term,"[""personal_data_protection_amendment_act_2020_d7cc5937b1_chunk_0113_ast"", ""personal_data_protection_act_2012_e857c5e9da_chunk_0159_ast""]",high,pending
synonym_c6f8d3f60cea,offence,authorisation,related_term,"[""companies_act_1967_c8232023ef_chunk_0101_ast"", ""companies_act_1967_c8232023ef_chunk_0102_ast"", ""companies_act_1967_c8232023ef_chunk_0454_ast"", ""companies_act_1967_c8232023ef_chunk_0572_ast"", ""companies_act_1967_c8232023ef_chunk_0845_ast"", ""companies_act_1967_c8232023ef_chunk_0850_ast"", ""companies_act_1967_c8232023ef_chunk_1030_ast"", ""companies_act_1967_c8232023ef_chunk_1033_ast"", ""companies_act_1967_c8232023ef_chunk_1040_ast"", ""personal_data_protection_amendment_act_2020_d7cc5937b1_chunk_0099_ast"", ""personal_data_protection_amendment_act_2020_d7cc5937b1_chunk_0103_ast"", ""personal_data_protection_act_2012_e857c5e9da_chunk_0079_ast"", ""personal_data_protection_act_2012_e857c5e9da_chunk_0087_ast"", ""personal_data_protection_act_2012_e857c5e9da_chunk_0133_ast"", ""personal_data_protection_act_2012_e857c5e9da_chunk_0137_ast"", ""personal_data_protection_act_2012_e857c5e9da_chunk_0145_ast""]",high,pending
synonym_bca3df63b9ad,offence,business,related_term,"[""personal_data_protection_amendment_act_2020_d7cc5937b1_chunk_0057_ast"", ""personal_data_protection_amendment_act_2020_d7cc5937b1_chunk_0058_ast"", ""personal_data_protection_amendment_act_2020_d7cc5937b1_chunk_0060_ast"", ""personal_data_protection_amendment_act_2020_d7cc5937b1_chunk_0061_ast"", ""personal_data_protection_amendment_act_2020_d7cc5937b1_chunk_0064_ast"", ""personal_data_protection_amendment_act_2020_d7cc5937b1_chunk_0072_ast"", ""personal_data_protection_amendment_act_2020_d7cc5937b1_chunk_0073_ast"", ""personal_data_protection_amendment_act_2020_d7cc5937b1_chunk_0096_ast"", ""personal_data_protection_amendment_act_2020_d7cc5937b1_chunk_0098_ast"", ""personal_data_protection_act_2012_e857c5e9da_chunk_0091_ast"", ""personal_data_protection_act_2012_e857c5e9da_chunk_0094_ast"", ""personal_data_protection_act_2012_e857c5e9da_chunk_0095_ast"", ""personal_data_protection_act_2012_e857c5e9da_chunk_0097_ast"", ""personal_data_protection_act_2012_e857c5e9da_chunk_0105_ast"", ""personal_data_protection_act_2012_e857c5e9da_chunk_0129_ast"", ""personal_data_protection_act_2012_e857c5e9da_chunk_0130_ast"", ""personal_data_protection_act_2012_e857c5e9da_chunk_0131_ast"", ""personal_data_protection_act_2012_e857c5e9da_chunk_0132_ast"", ""personal_data_protection_act_2012_e857c5e9da_chunk_0149_ast""]",high,pending
synonym_f810ec818f9b,offence,company,related_term,"[""personal_data_protection_amendment_act_2020_d7cc5937b1_chunk_0057_ast"", ""personal_data_protection_amendment_act_2020_d7cc5937b1_chunk_0058_ast"", ""personal_data_protection_amendment_act_2020_d7cc5937b1_chunk_0060_ast"", ""personal_data_protection_amendment_act_2020_d7cc5937b1_chunk_0061_ast"", ""personal_data_protection_amendment_act_2020_d7cc5937b1_chunk_0064_ast"", ""personal_data_protection_amendment_act_2020_d7cc5937b1_chunk_0072_ast"", ""personal_data_protection_amendment_act_2020_d7cc5937b1_chunk_0073_ast"", ""personal_data_protection_amendment_act_2020_d7cc5937b1_chunk_0096_ast"", ""personal_data_protection_amendment_act_2020_d7cc5937b1_chunk_0098_ast"", ""personal_data_protection_act_2012_e857c5e9da_chunk_0091_ast"", ""personal_data_protection_act_2012_e857c5e9da_chunk_0094_ast"", ""personal_data_protection_act_2012_e857c5e9da_chunk_0095_ast"", ""personal_data_protection_act_2012_e857c5e9da_chunk_0097_ast"", ""personal_data_protection_act_2012_e857c5e9da_chunk_0105_ast"", ""personal_data_protection_act_2012_e857c5e9da_chunk_0129_ast"", ""personal_data_protection_act_2012_e857c5e9da_chunk_0130_ast"", ""personal_data_protection_act_2012_e857c5e9da_chunk_0131_ast"", ""personal_data_protection_act_2012_e857c5e9da_chunk_0132_ast"", ""personal_data_protection_act_2012_e857c5e9da_chunk_0149_ast""]",high,pending
synonym_3183d4b10570,offence,data subject,related_term,"[""companies_act_1967_c8232023ef_chunk_0015_ast"", ""companies_act_1967_c8232023ef_chunk_0237_ast"", ""companies_act_1967_c8232023ef_chunk_0454_ast"", ""personal_data_protection_amendment_act_2020_d7cc5937b1_chunk_0054_ast"", ""personal_data_protection_amendment_act_2020_d7cc5937b1_chunk_0056_ast"", ""personal_data_protection_amendment_act_2020_d7cc5937b1_chunk_0057_ast"", ""personal_data_protection_amendment_act_2020_d7cc5937b1_chunk_0060_ast"", ""personal_data_protection_amendment_act_2020_d7cc5937b1_chunk_0064_ast"", ""personal_data_protection_amendment_act_2020_d7cc5937b1_chunk_0073_ast"", ""personal_data_protection_amendment_act_2020_d7cc5937b1_chunk_0096_ast"", ""personal_data_protection_amendment_act_2020_d7cc5937b1_chunk_0098_ast"", ""personal_data_protection_amendment_act_2020_d7cc5937b1_chunk_0099_ast"", ""personal_data_protection_amendment_act_2020_d7cc5937b1_chunk_0103_ast"", ""personal_data_protection_amendment_act_2020_d7cc5937b1_chunk_0148_ast"", ""personal_data_protection_amendment_act_2020_d7cc5937b1_chunk_0149_ast"", ""personal_data_protection_amendment_act_2020_d7cc5937b1_chunk_0151_ast"", ""personal_data_protection_amendment_act_2020_d7cc5937b1_chunk_0153_ast"", ""personal_data_protection_amendment_act_2020_d7cc5937b1_chunk_0161_ast"", ""personal_data_protection_act_2012_e857c5e9da_chunk_0016_ast"", ""personal_data_protection_act_2012_e857c5e9da_chunk_0025_ast"", ""personal_data_protection_act_2012_e857c5e9da_chunk_0090_ast"", ""personal_data_protection_act_2012_e857c5e9da_chunk_0091_ast"", ""personal_data_protection_act_2012_e857c5e9da_chunk_0094_ast"", ""personal_data_protection_act_2012_e857c5e9da_chunk_0097_ast"", ""personal_data_protection_act_2012_e857c5e9da_chunk_0129_ast"", ""personal_data_protection_act_2012_e857c5e9da_chunk_0130_ast"", ""personal_data_protection_act_2012_e857c5e9da_chunk_0131_ast"", ""personal_data_protection_act_2012_e857c5e9da_chunk_0132_ast"", ""personal_data_protection_act_2012_e857c5e9da_chunk_0133_ast"", ""personal_data_protection_act_2012_e857c5e9da_chunk_0137_ast"", ""personal_data_protection_act_2012_e857c5e9da_chunk_0142_ast""]",high,pending
synonym_aed784a6ecd9,offence,data subject information,related_term,"[""personal_data_protection_amendment_act_2020_d7cc5937b1_chunk_0054_ast"", ""personal_data_protection_amendment_act_2020_d7cc5937b1_chunk_0056_ast"", ""personal_data_protection_amendment_act_2020_d7cc5937b1_chunk_0057_ast"", ""personal_data_protection_amendment_act_2020_d7cc5937b1_chunk_0058_ast"", ""personal_data_protection_amendment_act_2020_d7cc5937b1_chunk_0060_ast"", ""personal_data_protection_amendment_act_2020_d7cc5937b1_chunk_0061_ast"", ""personal_data_protection_amendment_act_2020_d7cc5937b1_chunk_0072_ast"", ""personal_data_protection_amendment_act_2020_d7cc5937b1_chunk_0096_ast"", ""personal_data_protection_amendment_act_2020_d7cc5937b1_chunk_0148_ast"", ""personal_data_protection_amendment_act_2020_d7cc5937b1_chunk_0149_ast"", ""personal_data_protection_amendment_act_2020_d7cc5937b1_chunk_0151_ast"", ""personal_data_protection_amendment_act_2020_d7cc5937b1_chunk_0158_ast"", ""personal_data_protection_amendment_act_2020_d7cc5937b1_chunk_0161_ast"", ""personal_data_protection_act_2012_e857c5e9da_chunk_0005_ast"", ""personal_data_protection_act_2012_e857c5e9da_chunk_0087_ast"", ""personal_data_protection_act_2012_e857c5e9da_chunk_0090_ast"", ""personal_data_protection_act_2012_e857c5e9da_chunk_0091_ast"", ""personal_data_protection_act_2012_e857c5e9da_chunk_0095_ast"", ""personal_data_protection_act_2012_e857c5e9da_chunk_0105_ast"", ""personal_data_protection_act_2012_e857c5e9da_chunk_0129_ast"", ""personal_data_protection_act_2012_e857c5e9da_chunk_0130_ast""]",high,pending
synonym_8dce5c5fcd8b,offence,organization,related_term,"[""personal_data_protection_amendment_act_2020_d7cc5937b1_chunk_0057_ast"", ""personal_data_protection_amendment_act_2020_d7cc5937b1_chunk_0058_ast"", ""personal_data_protection_amendment_act_2020_d7cc5937b1_chunk_0060_ast"", ""personal_data_protection_amendment_act_2020_d7cc5937b1_chunk_0061_ast"", ""personal_data_protection_amendment_act_2020_d7cc5937b1_chunk_0064_ast"", ""personal_data_protection_amendment_act_2020_d7cc5937b1_chunk_0072_ast"", ""personal_data_protection_amendment_act_2020_d7cc5937b1_chunk_0073_ast"", ""personal_data_protection_amendment_act_2020_d7cc5937b1_chunk_0096_ast"", ""personal_data_protection_amendment_act_2020_d7cc5937b1_chunk_0098_ast"", ""personal_data_protection_act_2012_e857c5e9da_chunk_0091_ast"", ""personal_data_protection_act_2012_e857c5e9da_chunk_0094_ast"", ""personal_data_protection_act_2012_e857c5e9da_chunk_0095_ast"", ""personal_data_protection_act_2012_e857c5e9da_chunk_0097_ast"", ""personal_data_protection_act_2012_e857c5e9da_chunk_0105_ast"", ""personal_data_protection_act_2012_e857c5e9da_chunk_0129_ast"", ""personal_data_protection_act_2012_e857c5e9da_chunk_0130_ast"", ""personal_data_protection_act_2012_e857c5e9da_chunk_0131_ast"", ""personal_data_protection_act_2012_e857c5e9da_chunk_0132_ast"", ""personal_data_protection_act_2012_e857c5e9da_chunk_0149_ast""]",high,pending
synonym_8762fe5fbde2,offence,permission,related_term,"[""companies_act_1967_c8232023ef_chunk_0101_ast"", ""companies_act_1967_c8232023ef_chunk_0102_ast"", ""companies_act_1967_c8232023ef_chunk_0454_ast"", ""companies_act_1967_c8232023ef_chunk_0572_ast"", ""companies_act_1967_c8232023ef_chunk_0845_ast"", ""companies_act_1967_c8232023ef_chunk_0850_ast"", ""companies_act_1967_c8232023ef_chunk_1030_ast"", ""companies_act_1967_c8232023ef_chunk_1033_ast"", ""companies_act_1967_c8232023ef_chunk_1040_ast"", ""personal_data_protection_amendment_act_2020_d7cc5937b1_chunk_0099_ast"", ""personal_data_protection_amendment_act_2020_d7cc5937b1_chunk_0103_ast"", ""personal_data_protection_act_2012_e857c5e9da_chunk_0079_ast"", ""personal_data_protection_act_2012_e857c5e9da_chunk_0087_ast"", ""personal_data_protection_act_2012_e857c5e9da_chunk_0133_ast"", ""personal_data_protection_act_2012_e857c5e9da_chunk_0137_ast"", ""personal_data_protection_act_2012_e857c5e9da_chunk_0145_ast""]",high,pending
synonym_29ba29ffb1e8,offence,person,related_term,"[""companies_act_1967_c8232023ef_chunk_0015_ast"", ""companies_act_1967_c8232023ef_chunk_0237_ast"", ""companies_act_1967_c8232023ef_chunk_0454_ast"", ""personal_data_protection_amendment_act_2020_d7cc5937b1_chunk_0054_ast"", ""personal_data_protection_amendment_act_2020_d7cc5937b1_chunk_0056_ast"", ""personal_data_protection_amendment_act_2020_d7cc5937b1_chunk_0057_ast"", ""personal_data_protection_amendment_act_2020_d7cc5937b1_chunk_0060_ast"", ""personal_data_protection_amendment_act_2020_d7cc5937b1_chunk_0064_ast"", ""personal_data_protection_amendment_act_2020_d7cc5937b1_chunk_0073_ast"", ""personal_data_protection_amendment_act_2020_d7cc5937b1_chunk_0096_ast"", ""personal_data_protection_amendment_act_2020_d7cc5937b1_chunk_0098_ast"", ""personal_data_protection_amendment_act_2020_d7cc5937b1_chunk_0099_ast"", ""personal_data_protection_amendment_act_2020_d7cc5937b1_chunk_0103_ast"", ""personal_data_protection_amendment_act_2020_d7cc5937b1_chunk_0148_ast"", ""personal_data_protection_amendment_act_2020_d7cc5937b1_chunk_0149_ast"", ""personal_data_protection_amendment_act_2020_d7cc5937b1_chunk_0151_ast"", ""personal_data_protection_amendment_act_2020_d7cc5937b1_chunk_0153_ast"", ""personal_data_protection_amendment_act_2020_d7cc5937b1_chunk_0161_ast"", ""personal_data_protection_act_2012_e857c5e9da_chunk_0016_ast"", ""personal_data_protection_act_2012_e857c5e9da_chunk_0025_ast"", ""personal_data_protection_act_2012_e857c5e9da_chunk_0090_ast"", ""personal_data_protection_act_2012_e857c5e9da_chunk_0091_ast"", ""personal_data_protection_act_2012_e857c5e9da_chunk_0094_ast"", ""personal_data_protection_act_2012_e857c5e9da_chunk_0097_ast"", ""personal_data_protection_act_2012_e857c5e9da_chunk_0129_ast"", ""personal_data_protection_act_2012_e857c5e9da_chunk_0130_ast"", ""personal_data_protection_act_2012_e857c5e9da_chunk_0131_ast"", ""personal_data_protection_act_2012_e857c5e9da_chunk_0132_ast"", ""personal_data_protection_act_2012_e857c5e9da_chunk_0133_ast"", ""personal_data_protection_act_2012_e857c5e9da_chunk_0137_ast"", ""personal_data_protection_act_2012_e857c5e9da_chunk_0142_ast""]",high,pending
synonym_f53f267c4c54,offence,personal information,related_term,"[""personal_data_protection_amendment_act_2020_d7cc5937b1_chunk_0054_ast"", ""personal_data_protection_amendment_act_2020_d7cc5937b1_chunk_0056_ast"", ""personal_data_protection_amendment_act_2020_d7cc5937b1_chunk_0057_ast"", ""personal_data_protection_amendment_act_2020_d7cc5937b1_chunk_0058_ast"", ""personal_data_protection_amendment_act_2020_d7cc5937b1_chunk_0060_ast"", ""personal_data_protection_amendment_act_2020_d7cc5937b1_chunk_0061_ast"", ""personal_data_protection_amendment_act_2020_d7cc5937b1_chunk_0072_ast"", ""personal_data_protection_amendment_act_2020_d7cc5937b1_chunk_0096_ast"", ""personal_data_protection_amendment_act_2020_d7cc5937b1_chunk_0148_ast"", ""personal_data_protection_amendment_act_2020_d7cc5937b1_chunk_0149_ast"", ""personal_data_protection_amendment_act_2020_d7cc5937b1_chunk_0151_ast"", ""personal_data_protection_amendment_act_2020_d7cc5937b1_chunk_0158_ast"", ""personal_data_protection_amendment_act_2020_d7cc5937b1_chunk_0161_ast"", ""personal_data_protection_act_2012_e857c5e9da_chunk_0005_ast"", ""personal_data_protection_act_2012_e857c5e9da_chunk_0087_ast"", ""personal_data_protection_act_2012_e857c5e9da_chunk_0090_ast"", ""personal_data_protection_act_2012_e857c5e9da_chunk_0091_ast"", ""personal_data_protection_act_2012_e857c5e9da_chunk_0095_ast"", ""personal_data_protection_act_2012_e857c5e9da_chunk_0105_ast"", ""personal_data_protection_act_2012_e857c5e9da_chunk_0129_ast"", ""personal_data_protection_act_2012_e857c5e9da_chunk_0130_ast""]",high,pending
synonym_824713cbcfd3,offence,个人信息,related_term,"[""personal_data_protection_amendment_act_2020_d7cc5937b1_chunk_0054_ast"", ""personal_data_protection_amendment_act_2020_d7cc5937b1_chunk_0056_ast"", ""personal_data_protection_amendment_act_2020_d7cc5937b1_chunk_0057_ast"", ""personal_data_protection_amendment_act_2020_d7cc5937b1_chunk_0058_ast"", ""personal_data_protection_amendment_act_2020_d7cc5937b1_chunk_0060_ast"", ""personal_data_protection_amendment_act_2020_d7cc5937b1_chunk_0061_ast"", ""personal_data_protection_amendment_act_2020_d7cc5937b1_chunk_0072_ast"", ""personal_data_protection_amendment_act_2020_d7cc5937b1_chunk_0096_ast"", ""personal_data_protection_amendment_act_2020_d7cc5937b1_chunk_0148_ast"", ""personal_data_protection_amendment_act_2020_d7cc5937b1_chunk_0149_ast"", ""personal_data_protection_amendment_act_2020_d7cc5937b1_chunk_0151_ast"", ""personal_data_protection_amendment_act_2020_d7cc5937b1_chunk_0158_ast"", ""personal_data_protection_amendment_act_2020_d7cc5937b1_chunk_0161_ast"", ""personal_data_protection_act_2012_e857c5e9da_chunk_0005_ast"", ""personal_data_protection_act_2012_e857c5e9da_chunk_0087_ast"", ""personal_data_protection_act_2012_e857c5e9da_chunk_0090_ast"", ""personal_data_protection_act_2012_e857c5e9da_chunk_0091_ast"", ""personal_data_protection_act_2012_e857c5e9da_chunk_0095_ast"", ""personal_data_protection_act_2012_e857c5e9da_chunk_0105_ast"", ""personal_data_protection_act_2012_e857c5e9da_chunk_0129_ast"", ""personal_data_protection_act_2012_e857c5e9da_chunk_0130_ast""]",high,pending
synonym_65d07409c0b4,offence,同意,related_term,"[""companies_act_1967_c8232023ef_chunk_0101_ast"", ""companies_act_1967_c8232023ef_chunk_0102_ast"", ""companies_act_1967_c8232023ef_chunk_0454_ast"", ""companies_act_1967_c8232023ef_chunk_0572_ast"", ""companies_act_1967_c8232023ef_chunk_0845_ast"", ""companies_act_1967_c8232023ef_chunk_0850_ast"", ""companies_act_1967_c8232023ef_chunk_1030_ast"", ""companies_act_1967_c8232023ef_chunk_1033_ast"", ""companies_act_1967_c8232023ef_chunk_1040_ast"", ""personal_data_protection_amendment_act_2020_d7cc5937b1_chunk_0099_ast"", ""personal_data_protection_amendment_act_2020_d7cc5937b1_chunk_0103_ast"", ""personal_data_protection_act_2012_e857c5e9da_chunk_0079_ast"", ""personal_data_protection_act_2012_e857c5e9da_chunk_0087_ast"", ""personal_data_protection_act_2012_e857c5e9da_chunk_0133_ast"", ""personal_data_protection_act_2012_e857c5e9da_chunk_0137_ast"", ""personal_data_protection_act_2012_e857c5e9da_chunk_0145_ast""]",high,pending
synonym_e764c5dc649b,offence,自然人,related_term,"[""companies_act_1967_c8232023ef_chunk_0015_ast"", ""companies_act_1967_c8232023ef_chunk_0237_ast"", ""companies_act_1967_c8232023ef_chunk_0454_ast"", ""personal_data_protection_amendment_act_2020_d7cc5937b1_chunk_0054_ast"", ""personal_data_protection_amendment_act_2020_d7cc5937b1_chunk_0056_ast"", ""personal_data_protection_amendment_act_2020_d7cc5937b1_chunk_0057_ast"", ""personal_data_protection_amendment_act_2020_d7cc5937b1_chunk_0060_ast"", ""personal_data_protection_amendment_act_2020_d7cc5937b1_chunk_0064_ast"", ""personal_data_protection_amendment_act_2020_d7cc5937b1_chunk_0073_ast"", ""personal_data_protection_amendment_act_2020_d7cc5937b1_chunk_0096_ast"", ""personal_data_protection_amendment_act_2020_d7cc5937b1_chunk_0098_ast"", ""personal_data_protection_amendment_act_2020_d7cc5937b1_chunk_0099_ast"", ""personal_data_protection_amendment_act_2020_d7cc5937b1_chunk_0103_ast"", ""personal_data_protection_amendment_act_2020_d7cc5937b1_chunk_0148_ast"", ""personal_data_protection_amendment_act_2020_d7cc5937b1_chunk_0149_ast"", ""personal_data_protection_amendment_act_2020_d7cc5937b1_chunk_0151_ast"", ""personal_data_protection_amendment_act_2020_d7cc5937b1_chunk_0153_ast"", ""personal_data_protection_amendment_act_2020_d7cc5937b1_chunk_0161_ast"", ""personal_data_protection_act_2012_e857c5e9da_chunk_0016_ast"", ""personal_data_protection_act_2012_e857c5e9da_chunk_0025_ast"", ""personal_data_protection_act_2012_e857c5e9da_chunk_0090_ast"", ""personal_data_protection_act_2012_e857c5e9da_chunk_0091_ast"", ""personal_data_protection_act_2012_e857c5e9da_chunk_0094_ast"", ""personal_data_protection_act_2012_e857c5e9da_chunk_0097_ast"", ""personal_data_protection_act_2012_e857c5e9da_chunk_0129_ast"", ""personal_data_protection_act_2012_e857c5e9da_chunk_0130_ast"", ""personal_data_protection_act_2012_e857c5e9da_chunk_0131_ast"", ""personal_data_protection_act_2012_e857c5e9da_chunk_0132_ast"", ""personal_data_protection_act_2012_e857c5e9da_chunk_0133_ast"", ""personal_data_protection_act_2012_e857c5e9da_chunk_0137_ast"", ""personal_data_protection_act_2012_e857c5e9da_chunk_0142_ast""]",high,pending
synonym_9ac66dab5a6c,Office,data subject information,related_term,"[""entranslation_of_the_personal_data_protection_act_0_1c77b4099e_chunk_0008_ast""]",high,pending
synonym_a4a53de76426,Office,personal information,related_term,"[""entranslation_of_the_personal_data_protection_act_0_1c77b4099e_chunk_0008_ast""]",high,pending
synonym_b54869bea26e,Office,个人信息,related_term,"[""entranslation_of_the_personal_data_protection_act_0_1c77b4099e_chunk_0008_ast""]",high,pending
synonym_a1914ab4495a,officer who is in default,authorisation,related_term,"[""companies_act_1967_c8232023ef_chunk_1040_ast""]",high,pending
synonym_4855f6a5dc8c,officer who is in default,permission,related_term,"[""companies_act_1967_c8232023ef_chunk_1040_ast""]",high,pending
synonym_3ac69b2f40c4,officer who is in default,同意,related_term,"[""companies_act_1967_c8232023ef_chunk_1040_ast""]",high,pending
synonym_8b18589860ef,ongoing relationship,business,related_term,"[""personal_data_protection_amendment_act_2020_d7cc5937b1_chunk_0030_ast"", ""personal_data_protection_act_2012_e857c5e9da_chunk_0195_ast"", ""personal_data_protection_act_2012_e857c5e9da_chunk_0196_ast""]",high,pending
synonym_00fb0f6f4f77,ongoing relationship,company,related_term,"[""personal_data_protection_amendment_act_2020_d7cc5937b1_chunk_0030_ast"", ""personal_data_protection_act_2012_e857c5e9da_chunk_0195_ast"", ""personal_data_protection_act_2012_e857c5e9da_chunk_0196_ast""]",high,pending
synonym_6f096cde5d62,ongoing relationship,data subject,related_term,"[""personal_data_protection_amendment_act_2020_d7cc5937b1_chunk_0030_ast"", ""personal_data_protection_act_2012_e857c5e9da_chunk_0195_ast""]",high,pending
synonym_f4079a397f7d,ongoing relationship,data subject information,related_term,"[""personal_data_protection_amendment_act_2020_d7cc5937b1_chunk_0030_ast""]",high,pending
synonym_c1a6c9127988,ongoing relationship,organization,related_term,"[""personal_data_protection_amendment_act_2020_d7cc5937b1_chunk_0030_ast"", ""personal_data_protection_act_2012_e857c5e9da_chunk_0195_ast"", ""personal_data_protection_act_2012_e857c5e9da_chunk_0196_ast""]",high,pending
synonym_3a1e679278ae,ongoing relationship,person,related_term,"[""personal_data_protection_amendment_act_2020_d7cc5937b1_chunk_0030_ast"", ""personal_data_protection_act_2012_e857c5e9da_chunk_0195_ast""]",high,pending
synonym_afb50f003b3f,ongoing relationship,personal information,related_term,"[""personal_data_protection_amendment_act_2020_d7cc5937b1_chunk_0030_ast""]",high,pending
synonym_9375f53fee2f,ongoing relationship,个人信息,related_term,"[""personal_data_protection_amendment_act_2020_d7cc5937b1_chunk_0030_ast""]",high,pending
synonym_cec27a3efca3,ongoing relationship,自然人,related_term,"[""personal_data_protection_amendment_act_2020_d7cc5937b1_chunk_0030_ast"", ""personal_data_protection_act_2012_e857c5e9da_chunk_0195_ast""]",high,pending
synonym_dcc11152f157,organisation,authorisation,related_term,"[""personal_data_protection_amendment_act_2020_d7cc5937b1_chunk_0009_ast"", ""personal_data_protection_amendment_act_2020_d7cc5937b1_chunk_0010_ast"", ""personal_data_protection_amendment_act_2020_d7cc5937b1_chunk_0012_ast"", ""personal_data_protection_amendment_act_2020_d7cc5937b1_chunk_0013_ast"", ""personal_data_protection_amendment_act_2020_d7cc5937b1_chunk_0014_ast"", ""personal_data_protection_amendment_act_2020_d7cc5937b1_chunk_0015_ast"", ""personal_data_protection_amendment_act_2020_d7cc5937b1_chunk_0016_ast"", ""personal_data_protection_amendment_act_2020_d7cc5937b1_chunk_0020_ast"", ""personal_data_protection_amendment_act_2020_d7cc5937b1_chunk_0036_ast"", ""personal_data_protection_amendment_act_2020_d7cc5937b1_chunk_0067_ast"", ""personal_data_protection_amendment_act_2020_d7cc5937b1_chunk_0110_ast"", ""personal_data_protection_amendment_act_2020_d7cc5937b1_chunk_0133_ast"", ""personal_data_protection_amendment_act_2020_d7cc5937b1_chunk_0135_ast"", ""personal_data_protection_amendment_act_2020_d7cc5937b1_chunk_0143_ast"", ""personal_data_protection_act_2012_e857c5e9da_chunk_0030_ast"", ""personal_data_protection_act_2012_e857c5e9da_chunk_0031_ast"", ""personal_data_protection_act_2012_e857c5e9da_chunk_0032_ast"", ""personal_data_protection_act_2012_e857c5e9da_chunk_0033_ast"", ""personal_data_protection_act_2012_e857c5e9da_chunk_0035_ast"", ""personal_data_protection_act_2012_e857c5e9da_chunk_0036_ast"", ""personal_data_protection_act_2012_e857c5e9da_chunk_0037_ast"", ""personal_data_protection_act_2012_e857c5e9da_chunk_0038_ast"", ""personal_data_protection_act_2012_e857c5e9da_chunk_0039_ast"", ""personal_data_protection_act_2012_e857c5e9da_chunk_0040_ast"", ""personal_data_protection_act_2012_e857c5e9da_chunk_0041_ast"", ""personal_data_protection_act_2012_e857c5e9da_chunk_0042_ast"", ""personal_data_protection_act_2012_e857c5e9da_chunk_0043_ast"", ""personal_data_protection_act_2012_e857c5e9da_chunk_0044_ast"", ""personal_data_protection_act_2012_e857c5e9da_chunk_0047_ast"", ""personal_data_protection_act_2012_e857c5e9da_chunk_0050_ast"", ""personal_data_protection_act_2012_e857c5e9da_chunk_0100_ast"", ""personal_data_protection_act_2012_e857c5e9da_chunk_0153_ast"", ""personal_data_protection_act_2012_e857c5e9da_chunk_0157_ast"", ""personal_data_protection_act_2012_e857c5e9da_chunk_0177_ast"", ""personal_data_protection_act_2012_e857c5e9da_chunk_0180_ast"", ""personal_data_protection_act_2012_e857c5e9da_chunk_0182_ast"", ""personal_data_protection_act_2012_e857c5e9da_chunk_0184_ast""]",high,pending
synonym_360a641638dd,organisation,business,related_term,"[""companies_act_1967_c8232023ef_chunk_0761_ast"", ""personal_data_protection_amendment_act_2020_d7cc5937b1_chunk_0006_ast"", ""personal_data_protection_amendment_act_2020_d7cc5937b1_chunk_0007_ast"", ""personal_data_protection_amendment_act_2020_d7cc5937b1_chunk_0008_ast"", ""personal_data_protection_amendment_act_2020_d7cc5937b1_chunk_0009_ast"", ""personal_data_protection_amendment_act_2020_d7cc5937b1_chunk_0010_ast"", ""personal_data_protection_amendment_act_2020_d7cc5937b1_chunk_0011_ast"", ""personal_data_protection_amendment_act_2020_d7cc5937b1_chunk_0012_ast"", ""personal_data_protection_amendment_act_2020_d7cc5937b1_chunk_0013_ast"", ""personal_data_protection_amendment_act_2020_d7cc5937b1_chunk_0014_ast"", ""personal_data_protection_amendment_act_2020_d7cc5937b1_chunk_0015_ast"", ""personal_data_protection_amendment_act_2020_d7cc5937b1_chunk_0016_ast"", ""personal_data_protection_amendment_act_2020_d7cc5937b1_chunk_0017_ast"", ""personal_data_protection_amendment_act_2020_d7cc5937b1_chunk_0018_ast"", ""personal_data_protection_amendment_act_2020_d7cc5937b1_chunk_0019_ast"", ""personal_data_protection_amendment_act_2020_d7cc5937b1_chunk_0020_ast"", ""personal_data_protection_amendment_act_2020_d7cc5937b1_chunk_0021_ast"", ""personal_data_protection_amendment_act_2020_d7cc5937b1_chunk_0022_ast"", ""personal_data_protection_amendment_act_2020_d7cc5937b1_chunk_0025_ast"", ""personal_data_protection_amendment_act_2020_d7cc5937b1_chunk_0026_ast"", ""personal_data_protection_amendment_act_2020_d7cc5937b1_chunk_0027_ast"", ""personal_data_protection_amendment_act_2020_d7cc5937b1_chunk_0028_ast"", ""personal_data_protection_amendment_act_2020_d7cc5937b1_chunk_0029_ast"", ""personal_data_protection_amendment_act_2020_d7cc5937b1_chunk_0030_ast"", ""personal_data_protection_amendment_act_2020_d7cc5937b1_chunk_0031_ast"", ""personal_data_protection_amendment_act_2020_d7cc5937b1_chunk_0032_ast"", ""personal_data_protection_amendment_act_2020_d7cc5937b1_chunk_0033_ast"", ""personal_data_protection_amendment_act_2020_d7cc5937b1_chunk_0034_ast"", ""personal_data_protection_amendment_act_2020_d7cc5937b1_chunk_0035_ast"", ""personal_data_protection_amendment_act_2020_d7cc5937b1_chunk_0036_ast"", ""personal_data_protection_amendment_act_2020_d7cc5937b1_chunk_0037_ast"", ""personal_data_protection_amendment_act_2020_d7cc5937b1_chunk_0044_ast"", ""personal_data_protection_amendment_act_2020_d7cc5937b1_chunk_0045_ast"", ""personal_data_protection_amendment_act_2020_d7cc5937b1_chunk_0057_ast"", ""personal_data_protection_amendment_act_2020_d7cc5937b1_chunk_0058_ast"", ""personal_data_protection_amendment_act_2020_d7cc5937b1_chunk_0059_ast"", ""personal_data_protection_amendment_act_2020_d7cc5937b1_chunk_0060_ast"", ""personal_data_protection_amendment_act_2020_d7cc5937b1_chunk_0061_ast"", ""personal_data_protection_amendment_act_2020_d7cc5937b1_chunk_0062_ast"", ""personal_data_protection_amendment_act_2020_d7cc5937b1_chunk_0063_ast"", ""personal_data_protection_amendment_act_2020_d7cc5937b1_chunk_0064_ast"", ""personal_data_protection_amendment_act_2020_d7cc5937b1_chunk_0065_ast"", ""personal_data_protection_amendment_act_2020_d7cc5937b1_chunk_0067_ast"", ""personal_data_protection_amendment_act_2020_d7cc5937b1_chunk_0068_ast"", ""personal_data_protection_amendment_act_2020_d7cc5937b1_chunk_0069_ast"", ""personal_data_protection_amendment_act_2020_d7cc5937b1_chunk_0070_ast"", ""personal_data_protection_amendment_act_2020_d7cc5937b1_chunk_0071_ast"", ""personal_data_protection_amendment_act_2020_d7cc5937b1_chunk_0072_ast"", ""personal_data_protection_amendment_act_2020_d7cc5937b1_chunk_0073_ast"", ""personal_data_protection_amendment_act_2020_d7cc5937b1_chunk_0074_ast"", ""personal_data_protection_amendment_act_2020_d7cc5937b1_chunk_0075_ast"", ""personal_data_protection_amendment_act_2020_d7cc5937b1_chunk_0076_ast"", ""personal_data_protection_amendment_act_2020_d7cc5937b1_chunk_0077_ast"", ""personal_data_protection_amendment_act_2020_d7cc5937b1_chunk_0078_ast"", ""personal_data_protection_amendment_act_2020_d7cc5937b1_chunk_0079_ast"", ""personal_data_protection_amendment_act_2020_d7cc5937b1_chunk_0080_ast"", ""personal_data_protection_amendment_act_2020_d7cc5937b1_chunk_0081_ast"", ""personal_data_protection_amendment_act_2020_d7cc5937b1_chunk_0084_ast"", ""personal_data_protection_amendment_act_2020_d7cc5937b1_chunk_0085_ast"", ""personal_data_protection_amendment_act_2020_d7cc5937b1_chunk_0086_ast"", ""personal_data_protection_amendment_act_2020_d7cc5937b1_chunk_0088_ast"", ""personal_data_protection_amendment_act_2020_d7cc5937b1_chunk_0089_ast"", ""personal_data_protection_amendment_act_2020_d7cc5937b1_chunk_0091_ast"", ""personal_data_protection_amendment_act_2020_d7cc5937b1_chunk_0092_ast"", ""personal_data_protection_amendment_act_2020_d7cc5937b1_chunk_0093_ast"", ""personal_data_protection_amendment_act_2020_d7cc5937b1_chunk_0094_ast"", ""personal_data_protection_amendment_act_2020_d7cc5937b1_chunk_0095_ast"", ""personal_data_protection_amendment_act_2020_d7cc5937b1_chunk_0096_ast"", ""personal_data_protection_amendment_act_2020_d7cc5937b1_chunk_0097_ast"", ""personal_data_protection_amendment_act_2020_d7cc5937b1_chunk_0098_ast"", ""personal_data_protection_amendment_act_2020_d7cc5937b1_chunk_0106_ast"", ""personal_data_protection_amendment_act_2020_d7cc5937b1_chunk_0107_ast"", ""personal_data_protection_amendment_act_2020_d7cc5937b1_chunk_0108_ast"", ""personal_data_protection_amendment_act_2020_d7cc5937b1_chunk_0110_ast"", ""personal_data_protection_amendment_act_2020_d7cc5937b1_chunk_0113_ast"", ""personal_data_protection_amendment_act_2020_d7cc5937b1_chunk_0114_ast"", ""personal_data_protection_amendment_act_2020_d7cc5937b1_chunk_0115_ast"", ""personal_data_protection_amendment_act_2020_d7cc5937b1_chunk_0116_ast"", ""personal_data_protection_amendment_act_2020_d7cc5937b1_chunk_0117_ast"", ""personal_data_protection_amendment_act_2020_d7cc5937b1_chunk_0118_ast""]",high,pending
synonym_5420a70220e8,organisation,business,synonym,"[""companies_act_1967_c8232023ef_chunk_0761_ast"", ""entranslation_of_the_personal_data_protection_act_0_1c77b4099e_chunk_0066_ast"", ""entranslation_of_the_personal_data_protection_act_0_1c77b4099e_chunk_0079_ast"", ""entranslation_of_the_personal_data_protection_act_0_1c77b4099e_chunk_0083_ast"", ""entranslation_of_the_personal_data_protection_act_0_1c77b4099e_chunk_0090_ast"", ""personal_data_protection_amendment_act_2020_d7cc5937b1_chunk_0006_ast"", ""personal_data_protection_amendment_act_2020_d7cc5937b1_chunk_0007_ast"", ""personal_data_protection_amendment_act_2020_d7cc5937b1_chunk_0008_ast"", ""personal_data_protection_amendment_act_2020_d7cc5937b1_chunk_0009_ast"", ""personal_data_protection_amendment_act_2020_d7cc5937b1_chunk_0010_ast"", ""personal_data_protection_amendment_act_2020_d7cc5937b1_chunk_0011_ast"", ""personal_data_protection_amendment_act_2020_d7cc5937b1_chunk_0012_ast"", ""personal_data_protection_amendment_act_2020_d7cc5937b1_chunk_0013_ast"", ""personal_data_protection_amendment_act_2020_d7cc5937b1_chunk_0014_ast"", ""personal_data_protection_amendment_act_2020_d7cc5937b1_chunk_0015_ast"", ""personal_data_protection_amendment_act_2020_d7cc5937b1_chunk_0016_ast"", ""personal_data_protection_amendment_act_2020_d7cc5937b1_chunk_0017_ast"", ""personal_data_protection_amendment_act_2020_d7cc5937b1_chunk_0018_ast"", ""personal_data_protection_amendment_act_2020_d7cc5937b1_chunk_0019_ast"", ""personal_data_protection_amendment_act_2020_d7cc5937b1_chunk_0020_ast"", ""personal_data_protection_amendment_act_2020_d7cc5937b1_chunk_0021_ast"", ""personal_data_protection_amendment_act_2020_d7cc5937b1_chunk_0022_ast"", ""personal_data_protection_amendment_act_2020_d7cc5937b1_chunk_0025_ast"", ""personal_data_protection_amendment_act_2020_d7cc5937b1_chunk_0026_ast"", ""personal_data_protection_amendment_act_2020_d7cc5937b1_chunk_0027_ast"", ""personal_data_protection_amendment_act_2020_d7cc5937b1_chunk_0028_ast"", ""personal_data_protection_amendment_act_2020_d7cc5937b1_chunk_0029_ast"", ""personal_data_protection_amendment_act_2020_d7cc5937b1_chunk_0030_ast"", ""personal_data_protection_amendment_act_2020_d7cc5937b1_chunk_0031_ast"", ""personal_data_protection_amendment_act_2020_d7cc5937b1_chunk_0032_ast"", ""personal_data_protection_amendment_act_2020_d7cc5937b1_chunk_0033_ast"", ""personal_data_protection_amendment_act_2020_d7cc5937b1_chunk_0034_ast"", ""personal_data_protection_amendment_act_2020_d7cc5937b1_chunk_0035_ast"", ""personal_data_protection_amendment_act_2020_d7cc5937b1_chunk_0036_ast"", ""personal_data_protection_amendment_act_2020_d7cc5937b1_chunk_0037_ast"", ""personal_data_protection_amendment_act_2020_d7cc5937b1_chunk_0044_ast"", ""personal_data_protection_amendment_act_2020_d7cc5937b1_chunk_0045_ast"", ""personal_data_protection_amendment_act_2020_d7cc5937b1_chunk_0057_ast"", ""personal_data_protection_amendment_act_2020_d7cc5937b1_chunk_0058_ast"", ""personal_data_protection_amendment_act_2020_d7cc5937b1_chunk_0059_ast"", ""personal_data_protection_amendment_act_2020_d7cc5937b1_chunk_0060_ast"", ""personal_data_protection_amendment_act_2020_d7cc5937b1_chunk_0061_ast"", ""personal_data_protection_amendment_act_2020_d7cc5937b1_chunk_0062_ast"", ""personal_data_protection_amendment_act_2020_d7cc5937b1_chunk_0063_ast"", ""personal_data_protection_amendment_act_2020_d7cc5937b1_chunk_0064_ast"", ""personal_data_protection_amendment_act_2020_d7cc5937b1_chunk_0065_ast"", ""personal_data_protection_amendment_act_2020_d7cc5937b1_chunk_0067_ast"", ""personal_data_protection_amendment_act_2020_d7cc5937b1_chunk_0068_ast"", ""personal_data_protection_amendment_act_2020_d7cc5937b1_chunk_0069_ast"", ""personal_data_protection_amendment_act_2020_d7cc5937b1_chunk_0070_ast"", ""personal_data_protection_amendment_act_2020_d7cc5937b1_chunk_0071_ast"", ""personal_data_protection_amendment_act_2020_d7cc5937b1_chunk_0072_ast"", ""personal_data_protection_amendment_act_2020_d7cc5937b1_chunk_0073_ast"", ""personal_data_protection_amendment_act_2020_d7cc5937b1_chunk_0074_ast"", ""personal_data_protection_amendment_act_2020_d7cc5937b1_chunk_0075_ast"", ""personal_data_protection_amendment_act_2020_d7cc5937b1_chunk_0076_ast"", ""personal_data_protection_amendment_act_2020_d7cc5937b1_chunk_0077_ast"", ""personal_data_protection_amendment_act_2020_d7cc5937b1_chunk_0078_ast"", ""personal_data_protection_amendment_act_2020_d7cc5937b1_chunk_0079_ast"", ""personal_data_protection_amendment_act_2020_d7cc5937b1_chunk_0080_ast"", ""personal_data_protection_amendment_act_2020_d7cc5937b1_chunk_0081_ast"", ""personal_data_protection_amendment_act_2020_d7cc5937b1_chunk_0084_ast"", ""personal_data_protection_amendment_act_2020_d7cc5937b1_chunk_0085_ast"", ""personal_data_protection_amendment_act_2020_d7cc5937b1_chunk_0086_ast"", ""personal_data_protection_amendment_act_2020_d7cc5937b1_chunk_0088_ast"", ""personal_data_protection_amendment_act_2020_d7cc5937b1_chunk_0089_ast"", ""personal_data_protection_amendment_act_2020_d7cc5937b1_chunk_0091_ast"", ""personal_data_protection_amendment_act_2020_d7cc5937b1_chunk_0092_ast"", ""personal_data_protection_amendment_act_2020_d7cc5937b1_chunk_0093_ast"", ""personal_data_protection_amendment_act_2020_d7cc5937b1_chunk_0094_ast"", ""personal_data_protection_amendment_act_2020_d7cc5937b1_chunk_0095_ast"", ""personal_data_protection_amendment_act_2020_d7cc5937b1_chunk_0096_ast"", ""personal_data_protection_amendment_act_2020_d7cc5937b1_chunk_0097_ast"", ""personal_data_protection_amendment_act_2020_d7cc5937b1_chunk_0098_ast"", ""personal_data_protection_amendment_act_2020_d7cc5937b1_chunk_0106_ast"", ""personal_data_protection_amendment_act_2020_d7cc5937b1_chunk_0107_ast"", ""personal_data_protection_amendment_act_2020_d7cc5937b1_chunk_0108_ast"", ""personal_data_protection_amendment_act_2020_d7cc5937b1_chunk_0110_ast"", ""personal_data_protection_amendment_act_2020_d7cc5937b1_chunk_0113_ast"", ""personal_data_protection_amendment_act_2020_d7cc5937b1_chunk_0114_ast""]",high,pending
synonym_43061f198192,organisation,company,related_term,"[""companies_act_1967_c8232023ef_chunk_0761_ast"", ""personal_data_protection_amendment_act_2020_d7cc5937b1_chunk_0006_ast"", ""personal_data_protection_amendment_act_2020_d7cc5937b1_chunk_0007_ast"", ""personal_data_protection_amendment_act_2020_d7cc5937b1_chunk_0008_ast"", ""personal_data_protection_amendment_act_2020_d7cc5937b1_chunk_0009_ast"", ""personal_data_protection_amendment_act_2020_d7cc5937b1_chunk_0010_ast"", ""personal_data_protection_amendment_act_2020_d7cc5937b1_chunk_0011_ast"", ""personal_data_protection_amendment_act_2020_d7cc5937b1_chunk_0012_ast"", ""personal_data_protection_amendment_act_2020_d7cc5937b1_chunk_0013_ast"", ""personal_data_protection_amendment_act_2020_d7cc5937b1_chunk_0014_ast"", ""personal_data_protection_amendment_act_2020_d7cc5937b1_chunk_0015_ast"", ""personal_data_protection_amendment_act_2020_d7cc5937b1_chunk_0016_ast"", ""personal_data_protection_amendment_act_2020_d7cc5937b1_chunk_0017_ast"", ""personal_data_protection_amendment_act_2020_d7cc5937b1_chunk_0018_ast"", ""personal_data_protection_amendment_act_2020_d7cc5937b1_chunk_0019_ast"", ""personal_data_protection_amendment_act_2020_d7cc5937b1_chunk_0020_ast"", ""personal_data_protection_amendment_act_2020_d7cc5937b1_chunk_0021_ast"", ""personal_data_protection_amendment_act_2020_d7cc5937b1_chunk_0022_ast"", ""personal_data_protection_amendment_act_2020_d7cc5937b1_chunk_0025_ast"", ""personal_data_protection_amendment_act_2020_d7cc5937b1_chunk_0026_ast"", ""personal_data_protection_amendment_act_2020_d7cc5937b1_chunk_0027_ast"", ""personal_data_protection_amendment_act_2020_d7cc5937b1_chunk_0028_ast"", ""personal_data_protection_amendment_act_2020_d7cc5937b1_chunk_0029_ast"", ""personal_data_protection_amendment_act_2020_d7cc5937b1_chunk_0030_ast"", ""personal_data_protection_amendment_act_2020_d7cc5937b1_chunk_0031_ast"", ""personal_data_protection_amendment_act_2020_d7cc5937b1_chunk_0032_ast"", ""personal_data_protection_amendment_act_2020_d7cc5937b1_chunk_0033_ast"", ""personal_data_protection_amendment_act_2020_d7cc5937b1_chunk_0034_ast"", ""personal_data_protection_amendment_act_2020_d7cc5937b1_chunk_0035_ast"", ""personal_data_protection_amendment_act_2020_d7cc5937b1_chunk_0036_ast"", ""personal_data_protection_amendment_act_2020_d7cc5937b1_chunk_0037_ast"", ""personal_data_protection_amendment_act_2020_d7cc5937b1_chunk_0044_ast"", ""personal_data_protection_amendment_act_2020_d7cc5937b1_chunk_0045_ast"", ""personal_data_protection_amendment_act_2020_d7cc5937b1_chunk_0057_ast"", ""personal_data_protection_amendment_act_2020_d7cc5937b1_chunk_0058_ast"", ""personal_data_protection_amendment_act_2020_d7cc5937b1_chunk_0059_ast"", ""personal_data_protection_amendment_act_2020_d7cc5937b1_chunk_0060_ast"", ""personal_data_protection_amendment_act_2020_d7cc5937b1_chunk_0061_ast"", ""personal_data_protection_amendment_act_2020_d7cc5937b1_chunk_0062_ast"", ""personal_data_protection_amendment_act_2020_d7cc5937b1_chunk_0063_ast"", ""personal_data_protection_amendment_act_2020_d7cc5937b1_chunk_0064_ast"", ""personal_data_protection_amendment_act_2020_d7cc5937b1_chunk_0065_ast"", ""personal_data_protection_amendment_act_2020_d7cc5937b1_chunk_0067_ast"", ""personal_data_protection_amendment_act_2020_d7cc5937b1_chunk_0068_ast"", ""personal_data_protection_amendment_act_2020_d7cc5937b1_chunk_0069_ast"", ""personal_data_protection_amendment_act_2020_d7cc5937b1_chunk_0070_ast"", ""personal_data_protection_amendment_act_2020_d7cc5937b1_chunk_0071_ast"", ""personal_data_protection_amendment_act_2020_d7cc5937b1_chunk_0072_ast"", ""personal_data_protection_amendment_act_2020_d7cc5937b1_chunk_0073_ast"", ""personal_data_protection_amendment_act_2020_d7cc5937b1_chunk_0074_ast"", ""personal_data_protection_amendment_act_2020_d7cc5937b1_chunk_0075_ast"", ""personal_data_protection_amendment_act_2020_d7cc5937b1_chunk_0076_ast"", ""personal_data_protection_amendment_act_2020_d7cc5937b1_chunk_0077_ast"", ""personal_data_protection_amendment_act_2020_d7cc5937b1_chunk_0078_ast"", ""personal_data_protection_amendment_act_2020_d7cc5937b1_chunk_0079_ast"", ""personal_data_protection_amendment_act_2020_d7cc5937b1_chunk_0080_ast"", ""personal_data_protection_amendment_act_2020_d7cc5937b1_chunk_0081_ast"", ""personal_data_protection_amendment_act_2020_d7cc5937b1_chunk_0084_ast"", ""personal_data_protection_amendment_act_2020_d7cc5937b1_chunk_0085_ast"", ""personal_data_protection_amendment_act_2020_d7cc5937b1_chunk_0086_ast"", ""personal_data_protection_amendment_act_2020_d7cc5937b1_chunk_0088_ast"", ""personal_data_protection_amendment_act_2020_d7cc5937b1_chunk_0089_ast"", ""personal_data_protection_amendment_act_2020_d7cc5937b1_chunk_0091_ast"", ""personal_data_protection_amendment_act_2020_d7cc5937b1_chunk_0092_ast"", ""personal_data_protection_amendment_act_2020_d7cc5937b1_chunk_0093_ast"", ""personal_data_protection_amendment_act_2020_d7cc5937b1_chunk_0094_ast"", ""personal_data_protection_amendment_act_2020_d7cc5937b1_chunk_0095_ast"", ""personal_data_protection_amendment_act_2020_d7cc5937b1_chunk_0096_ast"", ""personal_data_protection_amendment_act_2020_d7cc5937b1_chunk_0097_ast"", ""personal_data_protection_amendment_act_2020_d7cc5937b1_chunk_0098_ast"", ""personal_data_protection_amendment_act_2020_d7cc5937b1_chunk_0106_ast"", ""personal_data_protection_amendment_act_2020_d7cc5937b1_chunk_0107_ast"", ""personal_data_protection_amendment_act_2020_d7cc5937b1_chunk_0108_ast"", ""personal_data_protection_amendment_act_2020_d7cc5937b1_chunk_0110_ast"", ""personal_data_protection_amendment_act_2020_d7cc5937b1_chunk_0113_ast"", ""personal_data_protection_amendment_act_2020_d7cc5937b1_chunk_0114_ast"", ""personal_data_protection_amendment_act_2020_d7cc5937b1_chunk_0115_ast"", ""personal_data_protection_amendment_act_2020_d7cc5937b1_chunk_0116_ast"", ""personal_data_protection_amendment_act_2020_d7cc5937b1_chunk_0117_ast"", ""personal_data_protection_amendment_act_2020_d7cc5937b1_chunk_0118_ast""]",high,pending
synonym_1d3773effac8,organisation,company,synonym,"[""companies_act_1967_c8232023ef_chunk_0761_ast"", ""entranslation_of_the_personal_data_protection_act_0_1c77b4099e_chunk_0066_ast"", ""entranslation_of_the_personal_data_protection_act_0_1c77b4099e_chunk_0079_ast"", ""entranslation_of_the_personal_data_protection_act_0_1c77b4099e_chunk_0083_ast"", ""entranslation_of_the_personal_data_protection_act_0_1c77b4099e_chunk_0090_ast"", ""personal_data_protection_amendment_act_2020_d7cc5937b1_chunk_0006_ast"", ""personal_data_protection_amendment_act_2020_d7cc5937b1_chunk_0007_ast"", ""personal_data_protection_amendment_act_2020_d7cc5937b1_chunk_0008_ast"", ""personal_data_protection_amendment_act_2020_d7cc5937b1_chunk_0009_ast"", ""personal_data_protection_amendment_act_2020_d7cc5937b1_chunk_0010_ast"", ""personal_data_protection_amendment_act_2020_d7cc5937b1_chunk_0011_ast"", ""personal_data_protection_amendment_act_2020_d7cc5937b1_chunk_0012_ast"", ""personal_data_protection_amendment_act_2020_d7cc5937b1_chunk_0013_ast"", ""personal_data_protection_amendment_act_2020_d7cc5937b1_chunk_0014_ast"", ""personal_data_protection_amendment_act_2020_d7cc5937b1_chunk_0015_ast"", ""personal_data_protection_amendment_act_2020_d7cc5937b1_chunk_0016_ast"", ""personal_data_protection_amendment_act_2020_d7cc5937b1_chunk_0017_ast"", ""personal_data_protection_amendment_act_2020_d7cc5937b1_chunk_0018_ast"", ""personal_data_protection_amendment_act_2020_d7cc5937b1_chunk_0019_ast"", ""personal_data_protection_amendment_act_2020_d7cc5937b1_chunk_0020_ast"", ""personal_data_protection_amendment_act_2020_d7cc5937b1_chunk_0021_ast"", ""personal_data_protection_amendment_act_2020_d7cc5937b1_chunk_0022_ast"", ""personal_data_protection_amendment_act_2020_d7cc5937b1_chunk_0025_ast"", ""personal_data_protection_amendment_act_2020_d7cc5937b1_chunk_0026_ast"", ""personal_data_protection_amendment_act_2020_d7cc5937b1_chunk_0027_ast"", ""personal_data_protection_amendment_act_2020_d7cc5937b1_chunk_0028_ast"", ""personal_data_protection_amendment_act_2020_d7cc5937b1_chunk_0029_ast"", ""personal_data_protection_amendment_act_2020_d7cc5937b1_chunk_0030_ast"", ""personal_data_protection_amendment_act_2020_d7cc5937b1_chunk_0031_ast"", ""personal_data_protection_amendment_act_2020_d7cc5937b1_chunk_0032_ast"", ""personal_data_protection_amendment_act_2020_d7cc5937b1_chunk_0033_ast"", ""personal_data_protection_amendment_act_2020_d7cc5937b1_chunk_0034_ast"", ""personal_data_protection_amendment_act_2020_d7cc5937b1_chunk_0035_ast"", ""personal_data_protection_amendment_act_2020_d7cc5937b1_chunk_0036_ast"", ""personal_data_protection_amendment_act_2020_d7cc5937b1_chunk_0037_ast"", ""personal_data_protection_amendment_act_2020_d7cc5937b1_chunk_0044_ast"", ""personal_data_protection_amendment_act_2020_d7cc5937b1_chunk_0045_ast"", ""personal_data_protection_amendment_act_2020_d7cc5937b1_chunk_0057_ast"", ""personal_data_protection_amendment_act_2020_d7cc5937b1_chunk_0058_ast"", ""personal_data_protection_amendment_act_2020_d7cc5937b1_chunk_0059_ast"", ""personal_data_protection_amendment_act_2020_d7cc5937b1_chunk_0060_ast"", ""personal_data_protection_amendment_act_2020_d7cc5937b1_chunk_0061_ast"", ""personal_data_protection_amendment_act_2020_d7cc5937b1_chunk_0062_ast"", ""personal_data_protection_amendment_act_2020_d7cc5937b1_chunk_0063_ast"", ""personal_data_protection_amendment_act_2020_d7cc5937b1_chunk_0064_ast"", ""personal_data_protection_amendment_act_2020_d7cc5937b1_chunk_0065_ast"", ""personal_data_protection_amendment_act_2020_d7cc5937b1_chunk_0067_ast"", ""personal_data_protection_amendment_act_2020_d7cc5937b1_chunk_0068_ast"", ""personal_data_protection_amendment_act_2020_d7cc5937b1_chunk_0069_ast"", ""personal_data_protection_amendment_act_2020_d7cc5937b1_chunk_0070_ast"", ""personal_data_protection_amendment_act_2020_d7cc5937b1_chunk_0071_ast"", ""personal_data_protection_amendment_act_2020_d7cc5937b1_chunk_0072_ast"", ""personal_data_protection_amendment_act_2020_d7cc5937b1_chunk_0073_ast"", ""personal_data_protection_amendment_act_2020_d7cc5937b1_chunk_0074_ast"", ""personal_data_protection_amendment_act_2020_d7cc5937b1_chunk_0075_ast"", ""personal_data_protection_amendment_act_2020_d7cc5937b1_chunk_0076_ast"", ""personal_data_protection_amendment_act_2020_d7cc5937b1_chunk_0077_ast"", ""personal_data_protection_amendment_act_2020_d7cc5937b1_chunk_0078_ast"", ""personal_data_protection_amendment_act_2020_d7cc5937b1_chunk_0079_ast"", ""personal_data_protection_amendment_act_2020_d7cc5937b1_chunk_0080_ast"", ""personal_data_protection_amendment_act_2020_d7cc5937b1_chunk_0081_ast"", ""personal_data_protection_amendment_act_2020_d7cc5937b1_chunk_0084_ast"", ""personal_data_protection_amendment_act_2020_d7cc5937b1_chunk_0085_ast"", ""personal_data_protection_amendment_act_2020_d7cc5937b1_chunk_0086_ast"", ""personal_data_protection_amendment_act_2020_d7cc5937b1_chunk_0088_ast"", ""personal_data_protection_amendment_act_2020_d7cc5937b1_chunk_0089_ast"", ""personal_data_protection_amendment_act_2020_d7cc5937b1_chunk_0091_ast"", ""personal_data_protection_amendment_act_2020_d7cc5937b1_chunk_0092_ast"", ""personal_data_protection_amendment_act_2020_d7cc5937b1_chunk_0093_ast"", ""personal_data_protection_amendment_act_2020_d7cc5937b1_chunk_0094_ast"", ""personal_data_protection_amendment_act_2020_d7cc5937b1_chunk_0095_ast"", ""personal_data_protection_amendment_act_2020_d7cc5937b1_chunk_0096_ast"", ""personal_data_protection_amendment_act_2020_d7cc5937b1_chunk_0097_ast"", ""personal_data_protection_amendment_act_2020_d7cc5937b1_chunk_0098_ast"", ""personal_data_protection_amendment_act_2020_d7cc5937b1_chunk_0106_ast"", ""personal_data_protection_amendment_act_2020_d7cc5937b1_chunk_0107_ast"", ""personal_data_protection_amendment_act_2020_d7cc5937b1_chunk_0108_ast"", ""personal_data_protection_amendment_act_2020_d7cc5937b1_chunk_0110_ast"", ""personal_data_protection_amendment_act_2020_d7cc5937b1_chunk_0113_ast"", ""personal_data_protection_amendment_act_2020_d7cc5937b1_chunk_0114_ast""]",high,pending
synonym_0d2d7c148021,organisation,corporation,synonym,"[""companies_act_1967_c8232023ef_chunk_0761_ast"", ""entranslation_of_the_personal_data_protection_act_0_1c77b4099e_chunk_0066_ast"", ""entranslation_of_the_personal_data_protection_act_0_1c77b4099e_chunk_0079_ast"", ""entranslation_of_the_personal_data_protection_act_0_1c77b4099e_chunk_0083_ast"", ""entranslation_of_the_personal_data_protection_act_0_1c77b4099e_chunk_0090_ast"", ""personal_data_protection_amendment_act_2020_d7cc5937b1_chunk_0006_ast"", ""personal_data_protection_amendment_act_2020_d7cc5937b1_chunk_0007_ast"", ""personal_data_protection_amendment_act_2020_d7cc5937b1_chunk_0008_ast"", ""personal_data_protection_amendment_act_2020_d7cc5937b1_chunk_0009_ast"", ""personal_data_protection_amendment_act_2020_d7cc5937b1_chunk_0010_ast"", ""personal_data_protection_amendment_act_2020_d7cc5937b1_chunk_0011_ast"", ""personal_data_protection_amendment_act_2020_d7cc5937b1_chunk_0012_ast"", ""personal_data_protection_amendment_act_2020_d7cc5937b1_chunk_0013_ast"", ""personal_data_protection_amendment_act_2020_d7cc5937b1_chunk_0014_ast"", ""personal_data_protection_amendment_act_2020_d7cc5937b1_chunk_0015_ast"", ""personal_data_protection_amendment_act_2020_d7cc5937b1_chunk_0016_ast"", ""personal_data_protection_amendment_act_2020_d7cc5937b1_chunk_0017_ast"", ""personal_data_protection_amendment_act_2020_d7cc5937b1_chunk_0018_ast"", ""personal_data_protection_amendment_act_2020_d7cc5937b1_chunk_0019_ast"", ""personal_data_protection_amendment_act_2020_d7cc5937b1_chunk_0020_ast"", ""personal_data_protection_amendment_act_2020_d7cc5937b1_chunk_0021_ast"", ""personal_data_protection_amendment_act_2020_d7cc5937b1_chunk_0022_ast"", ""personal_data_protection_amendment_act_2020_d7cc5937b1_chunk_0025_ast"", ""personal_data_protection_amendment_act_2020_d7cc5937b1_chunk_0026_ast"", ""personal_data_protection_amendment_act_2020_d7cc5937b1_chunk_0027_ast"", ""personal_data_protection_amendment_act_2020_d7cc5937b1_chunk_0028_ast"", ""personal_data_protection_amendment_act_2020_d7cc5937b1_chunk_0029_ast"", ""personal_data_protection_amendment_act_2020_d7cc5937b1_chunk_0030_ast"", ""personal_data_protection_amendment_act_2020_d7cc5937b1_chunk_0031_ast"", ""personal_data_protection_amendment_act_2020_d7cc5937b1_chunk_0032_ast"", ""personal_data_protection_amendment_act_2020_d7cc5937b1_chunk_0033_ast"", ""personal_data_protection_amendment_act_2020_d7cc5937b1_chunk_0034_ast"", ""personal_data_protection_amendment_act_2020_d7cc5937b1_chunk_0035_ast"", ""personal_data_protection_amendment_act_2020_d7cc5937b1_chunk_0036_ast"", ""personal_data_protection_amendment_act_2020_d7cc5937b1_chunk_0037_ast"", ""personal_data_protection_amendment_act_2020_d7cc5937b1_chunk_0044_ast"", ""personal_data_protection_amendment_act_2020_d7cc5937b1_chunk_0045_ast"", ""personal_data_protection_amendment_act_2020_d7cc5937b1_chunk_0057_ast"", ""personal_data_protection_amendment_act_2020_d7cc5937b1_chunk_0058_ast"", ""personal_data_protection_amendment_act_2020_d7cc5937b1_chunk_0059_ast"", ""personal_data_protection_amendment_act_2020_d7cc5937b1_chunk_0060_ast"", ""personal_data_protection_amendment_act_2020_d7cc5937b1_chunk_0061_ast"", ""personal_data_protection_amendment_act_2020_d7cc5937b1_chunk_0062_ast"", ""personal_data_protection_amendment_act_2020_d7cc5937b1_chunk_0063_ast"", ""personal_data_protection_amendment_act_2020_d7cc5937b1_chunk_0064_ast"", ""personal_data_protection_amendment_act_2020_d7cc5937b1_chunk_0065_ast"", ""personal_data_protection_amendment_act_2020_d7cc5937b1_chunk_0067_ast"", ""personal_data_protection_amendment_act_2020_d7cc5937b1_chunk_0068_ast"", ""personal_data_protection_amendment_act_2020_d7cc5937b1_chunk_0069_ast"", ""personal_data_protection_amendment_act_2020_d7cc5937b1_chunk_0070_ast"", ""personal_data_protection_amendment_act_2020_d7cc5937b1_chunk_0071_ast"", ""personal_data_protection_amendment_act_2020_d7cc5937b1_chunk_0072_ast"", ""personal_data_protection_amendment_act_2020_d7cc5937b1_chunk_0073_ast"", ""personal_data_protection_amendment_act_2020_d7cc5937b1_chunk_0074_ast"", ""personal_data_protection_amendment_act_2020_d7cc5937b1_chunk_0075_ast"", ""personal_data_protection_amendment_act_2020_d7cc5937b1_chunk_0076_ast"", ""personal_data_protection_amendment_act_2020_d7cc5937b1_chunk_0077_ast"", ""personal_data_protection_amendment_act_2020_d7cc5937b1_chunk_0078_ast"", ""personal_data_protection_amendment_act_2020_d7cc5937b1_chunk_0079_ast"", ""personal_data_protection_amendment_act_2020_d7cc5937b1_chunk_0080_ast"", ""personal_data_protection_amendment_act_2020_d7cc5937b1_chunk_0081_ast"", ""personal_data_protection_amendment_act_2020_d7cc5937b1_chunk_0084_ast"", ""personal_data_protection_amendment_act_2020_d7cc5937b1_chunk_0085_ast"", ""personal_data_protection_amendment_act_2020_d7cc5937b1_chunk_0086_ast"", ""personal_data_protection_amendment_act_2020_d7cc5937b1_chunk_0088_ast"", ""personal_data_protection_amendment_act_2020_d7cc5937b1_chunk_0089_ast"", ""personal_data_protection_amendment_act_2020_d7cc5937b1_chunk_0091_ast"", ""personal_data_protection_amendment_act_2020_d7cc5937b1_chunk_0092_ast"", ""personal_data_protection_amendment_act_2020_d7cc5937b1_chunk_0093_ast"", ""personal_data_protection_amendment_act_2020_d7cc5937b1_chunk_0094_ast"", ""personal_data_protection_amendment_act_2020_d7cc5937b1_chunk_0095_ast"", ""personal_data_protection_amendment_act_2020_d7cc5937b1_chunk_0096_ast"", ""personal_data_protection_amendment_act_2020_d7cc5937b1_chunk_0097_ast"", ""personal_data_protection_amendment_act_2020_d7cc5937b1_chunk_0098_ast"", ""personal_data_protection_amendment_act_2020_d7cc5937b1_chunk_0106_ast"", ""personal_data_protection_amendment_act_2020_d7cc5937b1_chunk_0107_ast"", ""personal_data_protection_amendment_act_2020_d7cc5937b1_chunk_0108_ast"", ""personal_data_protection_amendment_act_2020_d7cc5937b1_chunk_0110_ast"", ""personal_data_protection_amendment_act_2020_d7cc5937b1_chunk_0113_ast"", ""personal_data_protection_amendment_act_2020_d7cc5937b1_chunk_0114_ast""]",high,pending
synonym_0fcd20b7d52f,organisation,data subject,related_term,"[""personal_data_protection_amendment_act_2020_d7cc5937b1_chunk_0006_ast"", ""personal_data_protection_amendment_act_2020_d7cc5937b1_chunk_0007_ast"", ""personal_data_protection_amendment_act_2020_d7cc5937b1_chunk_0009_ast"", ""personal_data_protection_amendment_act_2020_d7cc5937b1_chunk_0010_ast"", ""personal_data_protection_amendment_act_2020_d7cc5937b1_chunk_0011_ast"", ""personal_data_protection_amendment_act_2020_d7cc5937b1_chunk_0012_ast"", ""personal_data_protection_amendment_act_2020_d7cc5937b1_chunk_0013_ast"", ""personal_data_protection_amendment_act_2020_d7cc5937b1_chunk_0014_ast"", ""personal_data_protection_amendment_act_2020_d7cc5937b1_chunk_0015_ast"", ""personal_data_protection_amendment_act_2020_d7cc5937b1_chunk_0016_ast"", ""personal_data_protection_amendment_act_2020_d7cc5937b1_chunk_0017_ast"", ""personal_data_protection_amendment_act_2020_d7cc5937b1_chunk_0018_ast"", ""personal_data_protection_amendment_act_2020_d7cc5937b1_chunk_0019_ast"", ""personal_data_protection_amendment_act_2020_d7cc5937b1_chunk_0020_ast"", ""personal_data_protection_amendment_act_2020_d7cc5937b1_chunk_0021_ast"", ""personal_data_protection_amendment_act_2020_d7cc5937b1_chunk_0025_ast"", ""personal_data_protection_amendment_act_2020_d7cc5937b1_chunk_0027_ast"", ""personal_data_protection_amendment_act_2020_d7cc5937b1_chunk_0028_ast"", ""personal_data_protection_amendment_act_2020_d7cc5937b1_chunk_0030_ast"", ""personal_data_protection_amendment_act_2020_d7cc5937b1_chunk_0032_ast"", ""personal_data_protection_amendment_act_2020_d7cc5937b1_chunk_0033_ast"", ""personal_data_protection_amendment_act_2020_d7cc5937b1_chunk_0034_ast"", ""personal_data_protection_amendment_act_2020_d7cc5937b1_chunk_0035_ast"", ""personal_data_protection_amendment_act_2020_d7cc5937b1_chunk_0036_ast"", ""personal_data_protection_amendment_act_2020_d7cc5937b1_chunk_0044_ast"", ""personal_data_protection_amendment_act_2020_d7cc5937b1_chunk_0045_ast"", ""personal_data_protection_amendment_act_2020_d7cc5937b1_chunk_0057_ast"", ""personal_data_protection_amendment_act_2020_d7cc5937b1_chunk_0060_ast"", ""personal_data_protection_amendment_act_2020_d7cc5937b1_chunk_0063_ast"", ""personal_data_protection_amendment_act_2020_d7cc5937b1_chunk_0064_ast"", ""personal_data_protection_amendment_act_2020_d7cc5937b1_chunk_0067_ast"", ""personal_data_protection_amendment_act_2020_d7cc5937b1_chunk_0068_ast"", ""personal_data_protection_amendment_act_2020_d7cc5937b1_chunk_0073_ast"", ""personal_data_protection_amendment_act_2020_d7cc5937b1_chunk_0084_ast"", ""personal_data_protection_amendment_act_2020_d7cc5937b1_chunk_0088_ast"", ""personal_data_protection_amendment_act_2020_d7cc5937b1_chunk_0093_ast"", ""personal_data_protection_amendment_act_2020_d7cc5937b1_chunk_0096_ast"", ""personal_data_protection_amendment_act_2020_d7cc5937b1_chunk_0097_ast"", ""personal_data_protection_amendment_act_2020_d7cc5937b1_chunk_0098_ast"", ""personal_data_protection_amendment_act_2020_d7cc5937b1_chunk_0106_ast"", ""personal_data_protection_amendment_act_2020_d7cc5937b1_chunk_0110_ast"", ""personal_data_protection_amendment_act_2020_d7cc5937b1_chunk_0113_ast"", ""personal_data_protection_amendment_act_2020_d7cc5937b1_chunk_0115_ast"", ""personal_data_protection_amendment_act_2020_d7cc5937b1_chunk_0116_ast"", ""personal_data_protection_amendment_act_2020_d7cc5937b1_chunk_0117_ast"", ""personal_data_protection_amendment_act_2020_d7cc5937b1_chunk_0118_ast"", ""personal_data_protection_amendment_act_2020_d7cc5937b1_chunk_0119_ast"", ""personal_data_protection_amendment_act_2020_d7cc5937b1_chunk_0120_ast"", ""personal_data_protection_amendment_act_2020_d7cc5937b1_chunk_0121_ast"", ""personal_data_protection_amendment_act_2020_d7cc5937b1_chunk_0123_ast"", ""personal_data_protection_amendment_act_2020_d7cc5937b1_chunk_0125_ast"", ""personal_data_protection_amendment_act_2020_d7cc5937b1_chunk_0127_ast"", ""personal_data_protection_amendment_act_2020_d7cc5937b1_chunk_0131_ast"", ""personal_data_protection_amendment_act_2020_d7cc5937b1_chunk_0132_ast"", ""personal_data_protection_amendment_act_2020_d7cc5937b1_chunk_0133_ast"", ""personal_data_protection_amendment_act_2020_d7cc5937b1_chunk_0135_ast"", ""personal_data_protection_amendment_act_2020_d7cc5937b1_chunk_0144_ast"", ""personal_data_protection_act_2012_e857c5e9da_chunk_0010_ast"", ""personal_data_protection_act_2012_e857c5e9da_chunk_0011_ast"", ""personal_data_protection_act_2012_e857c5e9da_chunk_0012_ast"", ""personal_data_protection_act_2012_e857c5e9da_chunk_0015_ast"", ""personal_data_protection_act_2012_e857c5e9da_chunk_0018_ast"", ""personal_data_protection_act_2012_e857c5e9da_chunk_0019_ast"", ""personal_data_protection_act_2012_e857c5e9da_chunk_0020_ast"", ""personal_data_protection_act_2012_e857c5e9da_chunk_0028_ast"", ""personal_data_protection_act_2012_e857c5e9da_chunk_0029_ast"", ""personal_data_protection_act_2012_e857c5e9da_chunk_0030_ast"", ""personal_data_protection_act_2012_e857c5e9da_chunk_0031_ast"", ""personal_data_protection_act_2012_e857c5e9da_chunk_0032_ast"", ""personal_data_protection_act_2012_e857c5e9da_chunk_0033_ast"", ""personal_data_protection_act_2012_e857c5e9da_chunk_0034_ast"", ""personal_data_protection_act_2012_e857c5e9da_chunk_0035_ast"", ""personal_data_protection_act_2012_e857c5e9da_chunk_0036_ast"", ""personal_data_protection_act_2012_e857c5e9da_chunk_0037_ast"", ""personal_data_protection_act_2012_e857c5e9da_chunk_0038_ast"", ""personal_data_protection_act_2012_e857c5e9da_chunk_0039_ast"", ""personal_data_protection_act_2012_e857c5e9da_chunk_0040_ast"", ""personal_data_protection_act_2012_e857c5e9da_chunk_0041_ast"", ""personal_data_protection_act_2012_e857c5e9da_chunk_0042_ast"", ""personal_data_protection_act_2012_e857c5e9da_chunk_0043_ast""]",high,pending
synonym_4da778f73d70,organisation,data subject information,related_term,"[""personal_data_protection_amendment_act_2020_d7cc5937b1_chunk_0006_ast"", ""personal_data_protection_amendment_act_2020_d7cc5937b1_chunk_0007_ast"", ""personal_data_protection_amendment_act_2020_d7cc5937b1_chunk_0008_ast"", ""personal_data_protection_amendment_act_2020_d7cc5937b1_chunk_0009_ast"", ""personal_data_protection_amendment_act_2020_d7cc5937b1_chunk_0010_ast"", ""personal_data_protection_amendment_act_2020_d7cc5937b1_chunk_0011_ast"", ""personal_data_protection_amendment_act_2020_d7cc5937b1_chunk_0012_ast"", ""personal_data_protection_amendment_act_2020_d7cc5937b1_chunk_0013_ast"", ""personal_data_protection_amendment_act_2020_d7cc5937b1_chunk_0014_ast"", ""personal_data_protection_amendment_act_2020_d7cc5937b1_chunk_0015_ast"", ""personal_data_protection_amendment_act_2020_d7cc5937b1_chunk_0016_ast"", ""personal_data_protection_amendment_act_2020_d7cc5937b1_chunk_0017_ast"", ""personal_data_protection_amendment_act_2020_d7cc5937b1_chunk_0018_ast"", ""personal_data_protection_amendment_act_2020_d7cc5937b1_chunk_0019_ast"", ""personal_data_protection_amendment_act_2020_d7cc5937b1_chunk_0020_ast"", ""personal_data_protection_amendment_act_2020_d7cc5937b1_chunk_0021_ast"", ""personal_data_protection_amendment_act_2020_d7cc5937b1_chunk_0022_ast"", ""personal_data_protection_amendment_act_2020_d7cc5937b1_chunk_0025_ast"", ""personal_data_protection_amendment_act_2020_d7cc5937b1_chunk_0026_ast"", ""personal_data_protection_amendment_act_2020_d7cc5937b1_chunk_0029_ast"", ""personal_data_protection_amendment_act_2020_d7cc5937b1_chunk_0030_ast"", ""personal_data_protection_amendment_act_2020_d7cc5937b1_chunk_0032_ast"", ""personal_data_protection_amendment_act_2020_d7cc5937b1_chunk_0035_ast"", ""personal_data_protection_amendment_act_2020_d7cc5937b1_chunk_0036_ast"", ""personal_data_protection_amendment_act_2020_d7cc5937b1_chunk_0057_ast"", ""personal_data_protection_amendment_act_2020_d7cc5937b1_chunk_0058_ast"", ""personal_data_protection_amendment_act_2020_d7cc5937b1_chunk_0059_ast"", ""personal_data_protection_amendment_act_2020_d7cc5937b1_chunk_0060_ast"", ""personal_data_protection_amendment_act_2020_d7cc5937b1_chunk_0061_ast"", ""personal_data_protection_amendment_act_2020_d7cc5937b1_chunk_0062_ast"", ""personal_data_protection_amendment_act_2020_d7cc5937b1_chunk_0069_ast"", ""personal_data_protection_amendment_act_2020_d7cc5937b1_chunk_0070_ast"", ""personal_data_protection_amendment_act_2020_d7cc5937b1_chunk_0072_ast"", ""personal_data_protection_amendment_act_2020_d7cc5937b1_chunk_0074_ast"", ""personal_data_protection_amendment_act_2020_d7cc5937b1_chunk_0093_ast"", ""personal_data_protection_amendment_act_2020_d7cc5937b1_chunk_0096_ast"", ""personal_data_protection_amendment_act_2020_d7cc5937b1_chunk_0110_ast"", ""personal_data_protection_amendment_act_2020_d7cc5937b1_chunk_0113_ast"", ""personal_data_protection_amendment_act_2020_d7cc5937b1_chunk_0115_ast"", ""personal_data_protection_amendment_act_2020_d7cc5937b1_chunk_0116_ast"", ""personal_data_protection_amendment_act_2020_d7cc5937b1_chunk_0117_ast"", ""personal_data_protection_amendment_act_2020_d7cc5937b1_chunk_0118_ast"", ""personal_data_protection_amendment_act_2020_d7cc5937b1_chunk_0120_ast"", ""personal_data_protection_amendment_act_2020_d7cc5937b1_chunk_0121_ast"", ""personal_data_protection_amendment_act_2020_d7cc5937b1_chunk_0123_ast"", ""personal_data_protection_amendment_act_2020_d7cc5937b1_chunk_0125_ast"", ""personal_data_protection_amendment_act_2020_d7cc5937b1_chunk_0126_ast"", ""personal_data_protection_amendment_act_2020_d7cc5937b1_chunk_0127_ast"", ""personal_data_protection_amendment_act_2020_d7cc5937b1_chunk_0131_ast"", ""personal_data_protection_amendment_act_2020_d7cc5937b1_chunk_0132_ast"", ""personal_data_protection_amendment_act_2020_d7cc5937b1_chunk_0133_ast"", ""personal_data_protection_amendment_act_2020_d7cc5937b1_chunk_0135_ast"", ""personal_data_protection_amendment_act_2020_d7cc5937b1_chunk_0136_ast"", ""personal_data_protection_amendment_act_2020_d7cc5937b1_chunk_0141_ast"", ""personal_data_protection_amendment_act_2020_d7cc5937b1_chunk_0143_ast"", ""personal_data_protection_act_2012_e857c5e9da_chunk_0008_ast"", ""personal_data_protection_act_2012_e857c5e9da_chunk_0011_ast"", ""personal_data_protection_act_2012_e857c5e9da_chunk_0012_ast"", ""personal_data_protection_act_2012_e857c5e9da_chunk_0015_ast"", ""personal_data_protection_act_2012_e857c5e9da_chunk_0017_ast"", ""personal_data_protection_act_2012_e857c5e9da_chunk_0018_ast"", ""personal_data_protection_act_2012_e857c5e9da_chunk_0019_ast"", ""personal_data_protection_act_2012_e857c5e9da_chunk_0020_ast"", ""personal_data_protection_act_2012_e857c5e9da_chunk_0022_ast"", ""personal_data_protection_act_2012_e857c5e9da_chunk_0028_ast"", ""personal_data_protection_act_2012_e857c5e9da_chunk_0030_ast"", ""personal_data_protection_act_2012_e857c5e9da_chunk_0031_ast"", ""personal_data_protection_act_2012_e857c5e9da_chunk_0032_ast"", ""personal_data_protection_act_2012_e857c5e9da_chunk_0033_ast"", ""personal_data_protection_act_2012_e857c5e9da_chunk_0034_ast"", ""personal_data_protection_act_2012_e857c5e9da_chunk_0035_ast"", ""personal_data_protection_act_2012_e857c5e9da_chunk_0036_ast"", ""personal_data_protection_act_2012_e857c5e9da_chunk_0037_ast"", ""personal_data_protection_act_2012_e857c5e9da_chunk_0038_ast"", ""personal_data_protection_act_2012_e857c5e9da_chunk_0039_ast"", ""personal_data_protection_act_2012_e857c5e9da_chunk_0040_ast"", ""personal_data_protection_act_2012_e857c5e9da_chunk_0041_ast"", ""personal_data_protection_act_2012_e857c5e9da_chunk_0042_ast"", ""personal_data_protection_act_2012_e857c5e9da_chunk_0043_ast"", ""personal_data_protection_act_2012_e857c5e9da_chunk_0044_ast""]",high,pending
synonym_97f32fb7b661,organisation,organization,related_term,"[""companies_act_1967_c8232023ef_chunk_0761_ast"", ""personal_data_protection_amendment_act_2020_d7cc5937b1_chunk_0006_ast"", ""personal_data_protection_amendment_act_2020_d7cc5937b1_chunk_0007_ast"", ""personal_data_protection_amendment_act_2020_d7cc5937b1_chunk_0008_ast"", ""personal_data_protection_amendment_act_2020_d7cc5937b1_chunk_0009_ast"", ""personal_data_protection_amendment_act_2020_d7cc5937b1_chunk_0010_ast"", ""personal_data_protection_amendment_act_2020_d7cc5937b1_chunk_0011_ast"", ""personal_data_protection_amendment_act_2020_d7cc5937b1_chunk_0012_ast"", ""personal_data_protection_amendment_act_2020_d7cc5937b1_chunk_0013_ast"", ""personal_data_protection_amendment_act_2020_d7cc5937b1_chunk_0014_ast"", ""personal_data_protection_amendment_act_2020_d7cc5937b1_chunk_0015_ast"", ""personal_data_protection_amendment_act_2020_d7cc5937b1_chunk_0016_ast"", ""personal_data_protection_amendment_act_2020_d7cc5937b1_chunk_0017_ast"", ""personal_data_protection_amendment_act_2020_d7cc5937b1_chunk_0018_ast"", ""personal_data_protection_amendment_act_2020_d7cc5937b1_chunk_0019_ast"", ""personal_data_protection_amendment_act_2020_d7cc5937b1_chunk_0020_ast"", ""personal_data_protection_amendment_act_2020_d7cc5937b1_chunk_0021_ast"", ""personal_data_protection_amendment_act_2020_d7cc5937b1_chunk_0022_ast"", ""personal_data_protection_amendment_act_2020_d7cc5937b1_chunk_0025_ast"", ""personal_data_protection_amendment_act_2020_d7cc5937b1_chunk_0026_ast"", ""personal_data_protection_amendment_act_2020_d7cc5937b1_chunk_0027_ast"", ""personal_data_protection_amendment_act_2020_d7cc5937b1_chunk_0028_ast"", ""personal_data_protection_amendment_act_2020_d7cc5937b1_chunk_0029_ast"", ""personal_data_protection_amendment_act_2020_d7cc5937b1_chunk_0030_ast"", ""personal_data_protection_amendment_act_2020_d7cc5937b1_chunk_0031_ast"", ""personal_data_protection_amendment_act_2020_d7cc5937b1_chunk_0032_ast"", ""personal_data_protection_amendment_act_2020_d7cc5937b1_chunk_0033_ast"", ""personal_data_protection_amendment_act_2020_d7cc5937b1_chunk_0034_ast"", ""personal_data_protection_amendment_act_2020_d7cc5937b1_chunk_0035_ast"", ""personal_data_protection_amendment_act_2020_d7cc5937b1_chunk_0036_ast"", ""personal_data_protection_amendment_act_2020_d7cc5937b1_chunk_0037_ast"", ""personal_data_protection_amendment_act_2020_d7cc5937b1_chunk_0044_ast"", ""personal_data_protection_amendment_act_2020_d7cc5937b1_chunk_0045_ast"", ""personal_data_protection_amendment_act_2020_d7cc5937b1_chunk_0057_ast"", ""personal_data_protection_amendment_act_2020_d7cc5937b1_chunk_0058_ast"", ""personal_data_protection_amendment_act_2020_d7cc5937b1_chunk_0059_ast"", ""personal_data_protection_amendment_act_2020_d7cc5937b1_chunk_0060_ast"", ""personal_data_protection_amendment_act_2020_d7cc5937b1_chunk_0061_ast"", ""personal_data_protection_amendment_act_2020_d7cc5937b1_chunk_0062_ast"", ""personal_data_protection_amendment_act_2020_d7cc5937b1_chunk_0063_ast"", ""personal_data_protection_amendment_act_2020_d7cc5937b1_chunk_0064_ast"", ""personal_data_protection_amendment_act_2020_d7cc5937b1_chunk_0065_ast"", ""personal_data_protection_amendment_act_2020_d7cc5937b1_chunk_0067_ast"", ""personal_data_protection_amendment_act_2020_d7cc5937b1_chunk_0068_ast"", ""personal_data_protection_amendment_act_2020_d7cc5937b1_chunk_0069_ast"", ""personal_data_protection_amendment_act_2020_d7cc5937b1_chunk_0070_ast"", ""personal_data_protection_amendment_act_2020_d7cc5937b1_chunk_0071_ast"", ""personal_data_protection_amendment_act_2020_d7cc5937b1_chunk_0072_ast"", ""personal_data_protection_amendment_act_2020_d7cc5937b1_chunk_0073_ast"", ""personal_data_protection_amendment_act_2020_d7cc5937b1_chunk_0074_ast"", ""personal_data_protection_amendment_act_2020_d7cc5937b1_chunk_0075_ast"", ""personal_data_protection_amendment_act_2020_d7cc5937b1_chunk_0076_ast"", ""personal_data_protection_amendment_act_2020_d7cc5937b1_chunk_0077_ast"", ""personal_data_protection_amendment_act_2020_d7cc5937b1_chunk_0078_ast"", ""personal_data_protection_amendment_act_2020_d7cc5937b1_chunk_0079_ast"", ""personal_data_protection_amendment_act_2020_d7cc5937b1_chunk_0080_ast"", ""personal_data_protection_amendment_act_2020_d7cc5937b1_chunk_0081_ast"", ""personal_data_protection_amendment_act_2020_d7cc5937b1_chunk_0084_ast"", ""personal_data_protection_amendment_act_2020_d7cc5937b1_chunk_0085_ast"", ""personal_data_protection_amendment_act_2020_d7cc5937b1_chunk_0086_ast"", ""personal_data_protection_amendment_act_2020_d7cc5937b1_chunk_0088_ast"", ""personal_data_protection_amendment_act_2020_d7cc5937b1_chunk_0089_ast"", ""personal_data_protection_amendment_act_2020_d7cc5937b1_chunk_0091_ast"", ""personal_data_protection_amendment_act_2020_d7cc5937b1_chunk_0092_ast"", ""personal_data_protection_amendment_act_2020_d7cc5937b1_chunk_0093_ast"", ""personal_data_protection_amendment_act_2020_d7cc5937b1_chunk_0094_ast"", ""personal_data_protection_amendment_act_2020_d7cc5937b1_chunk_0095_ast"", ""personal_data_protection_amendment_act_2020_d7cc5937b1_chunk_0096_ast"", ""personal_data_protection_amendment_act_2020_d7cc5937b1_chunk_0097_ast"", ""personal_data_protection_amendment_act_2020_d7cc5937b1_chunk_0098_ast"", ""personal_data_protection_amendment_act_2020_d7cc5937b1_chunk_0106_ast"", ""personal_data_protection_amendment_act_2020_d7cc5937b1_chunk_0107_ast"", ""personal_data_protection_amendment_act_2020_d7cc5937b1_chunk_0108_ast"", ""personal_data_protection_amendment_act_2020_d7cc5937b1_chunk_0110_ast"", ""personal_data_protection_amendment_act_2020_d7cc5937b1_chunk_0113_ast"", ""personal_data_protection_amendment_act_2020_d7cc5937b1_chunk_0114_ast"", ""personal_data_protection_amendment_act_2020_d7cc5937b1_chunk_0115_ast"", ""personal_data_protection_amendment_act_2020_d7cc5937b1_chunk_0116_ast"", ""personal_data_protection_amendment_act_2020_d7cc5937b1_chunk_0117_ast"", ""personal_data_protection_amendment_act_2020_d7cc5937b1_chunk_0118_ast""]",high,pending
synonym_8dfea991577b,organisation,organization,synonym,"[""companies_act_1967_c8232023ef_chunk_0761_ast"", ""entranslation_of_the_personal_data_protection_act_0_1c77b4099e_chunk_0066_ast"", ""entranslation_of_the_personal_data_protection_act_0_1c77b4099e_chunk_0079_ast"", ""entranslation_of_the_personal_data_protection_act_0_1c77b4099e_chunk_0083_ast"", ""entranslation_of_the_personal_data_protection_act_0_1c77b4099e_chunk_0090_ast"", ""personal_data_protection_amendment_act_2020_d7cc5937b1_chunk_0006_ast"", ""personal_data_protection_amendment_act_2020_d7cc5937b1_chunk_0007_ast"", ""personal_data_protection_amendment_act_2020_d7cc5937b1_chunk_0008_ast"", ""personal_data_protection_amendment_act_2020_d7cc5937b1_chunk_0009_ast"", ""personal_data_protection_amendment_act_2020_d7cc5937b1_chunk_0010_ast"", ""personal_data_protection_amendment_act_2020_d7cc5937b1_chunk_0011_ast"", ""personal_data_protection_amendment_act_2020_d7cc5937b1_chunk_0012_ast"", ""personal_data_protection_amendment_act_2020_d7cc5937b1_chunk_0013_ast"", ""personal_data_protection_amendment_act_2020_d7cc5937b1_chunk_0014_ast"", ""personal_data_protection_amendment_act_2020_d7cc5937b1_chunk_0015_ast"", ""personal_data_protection_amendment_act_2020_d7cc5937b1_chunk_0016_ast"", ""personal_data_protection_amendment_act_2020_d7cc5937b1_chunk_0017_ast"", ""personal_data_protection_amendment_act_2020_d7cc5937b1_chunk_0018_ast"", ""personal_data_protection_amendment_act_2020_d7cc5937b1_chunk_0019_ast"", ""personal_data_protection_amendment_act_2020_d7cc5937b1_chunk_0020_ast"", ""personal_data_protection_amendment_act_2020_d7cc5937b1_chunk_0021_ast"", ""personal_data_protection_amendment_act_2020_d7cc5937b1_chunk_0022_ast"", ""personal_data_protection_amendment_act_2020_d7cc5937b1_chunk_0025_ast"", ""personal_data_protection_amendment_act_2020_d7cc5937b1_chunk_0026_ast"", ""personal_data_protection_amendment_act_2020_d7cc5937b1_chunk_0027_ast"", ""personal_data_protection_amendment_act_2020_d7cc5937b1_chunk_0028_ast"", ""personal_data_protection_amendment_act_2020_d7cc5937b1_chunk_0029_ast"", ""personal_data_protection_amendment_act_2020_d7cc5937b1_chunk_0030_ast"", ""personal_data_protection_amendment_act_2020_d7cc5937b1_chunk_0031_ast"", ""personal_data_protection_amendment_act_2020_d7cc5937b1_chunk_0032_ast"", ""personal_data_protection_amendment_act_2020_d7cc5937b1_chunk_0033_ast"", ""personal_data_protection_amendment_act_2020_d7cc5937b1_chunk_0034_ast"", ""personal_data_protection_amendment_act_2020_d7cc5937b1_chunk_0035_ast"", ""personal_data_protection_amendment_act_2020_d7cc5937b1_chunk_0036_ast"", ""personal_data_protection_amendment_act_2020_d7cc5937b1_chunk_0037_ast"", ""personal_data_protection_amendment_act_2020_d7cc5937b1_chunk_0044_ast"", ""personal_data_protection_amendment_act_2020_d7cc5937b1_chunk_0045_ast"", ""personal_data_protection_amendment_act_2020_d7cc5937b1_chunk_0057_ast"", ""personal_data_protection_amendment_act_2020_d7cc5937b1_chunk_0058_ast"", ""personal_data_protection_amendment_act_2020_d7cc5937b1_chunk_0059_ast"", ""personal_data_protection_amendment_act_2020_d7cc5937b1_chunk_0060_ast"", ""personal_data_protection_amendment_act_2020_d7cc5937b1_chunk_0061_ast"", ""personal_data_protection_amendment_act_2020_d7cc5937b1_chunk_0062_ast"", ""personal_data_protection_amendment_act_2020_d7cc5937b1_chunk_0063_ast"", ""personal_data_protection_amendment_act_2020_d7cc5937b1_chunk_0064_ast"", ""personal_data_protection_amendment_act_2020_d7cc5937b1_chunk_0065_ast"", ""personal_data_protection_amendment_act_2020_d7cc5937b1_chunk_0067_ast"", ""personal_data_protection_amendment_act_2020_d7cc5937b1_chunk_0068_ast"", ""personal_data_protection_amendment_act_2020_d7cc5937b1_chunk_0069_ast"", ""personal_data_protection_amendment_act_2020_d7cc5937b1_chunk_0070_ast"", ""personal_data_protection_amendment_act_2020_d7cc5937b1_chunk_0071_ast"", ""personal_data_protection_amendment_act_2020_d7cc5937b1_chunk_0072_ast"", ""personal_data_protection_amendment_act_2020_d7cc5937b1_chunk_0073_ast"", ""personal_data_protection_amendment_act_2020_d7cc5937b1_chunk_0074_ast"", ""personal_data_protection_amendment_act_2020_d7cc5937b1_chunk_0075_ast"", ""personal_data_protection_amendment_act_2020_d7cc5937b1_chunk_0076_ast"", ""personal_data_protection_amendment_act_2020_d7cc5937b1_chunk_0077_ast"", ""personal_data_protection_amendment_act_2020_d7cc5937b1_chunk_0078_ast"", ""personal_data_protection_amendment_act_2020_d7cc5937b1_chunk_0079_ast"", ""personal_data_protection_amendment_act_2020_d7cc5937b1_chunk_0080_ast"", ""personal_data_protection_amendment_act_2020_d7cc5937b1_chunk_0081_ast"", ""personal_data_protection_amendment_act_2020_d7cc5937b1_chunk_0084_ast"", ""personal_data_protection_amendment_act_2020_d7cc5937b1_chunk_0085_ast"", ""personal_data_protection_amendment_act_2020_d7cc5937b1_chunk_0086_ast"", ""personal_data_protection_amendment_act_2020_d7cc5937b1_chunk_0088_ast"", ""personal_data_protection_amendment_act_2020_d7cc5937b1_chunk_0089_ast"", ""personal_data_protection_amendment_act_2020_d7cc5937b1_chunk_0091_ast"", ""personal_data_protection_amendment_act_2020_d7cc5937b1_chunk_0092_ast"", ""personal_data_protection_amendment_act_2020_d7cc5937b1_chunk_0093_ast"", ""personal_data_protection_amendment_act_2020_d7cc5937b1_chunk_0094_ast"", ""personal_data_protection_amendment_act_2020_d7cc5937b1_chunk_0095_ast"", ""personal_data_protection_amendment_act_2020_d7cc5937b1_chunk_0096_ast"", ""personal_data_protection_amendment_act_2020_d7cc5937b1_chunk_0097_ast"", ""personal_data_protection_amendment_act_2020_d7cc5937b1_chunk_0098_ast"", ""personal_data_protection_amendment_act_2020_d7cc5937b1_chunk_0106_ast"", ""personal_data_protection_amendment_act_2020_d7cc5937b1_chunk_0107_ast"", ""personal_data_protection_amendment_act_2020_d7cc5937b1_chunk_0108_ast"", ""personal_data_protection_amendment_act_2020_d7cc5937b1_chunk_0110_ast"", ""personal_data_protection_amendment_act_2020_d7cc5937b1_chunk_0113_ast"", ""personal_data_protection_amendment_act_2020_d7cc5937b1_chunk_0114_ast""]",high,pending
synonym_35f84ab4f909,organisation,permission,related_term,"[""personal_data_protection_amendment_act_2020_d7cc5937b1_chunk_0009_ast"", ""personal_data_protection_amendment_act_2020_d7cc5937b1_chunk_0010_ast"", ""personal_data_protection_amendment_act_2020_d7cc5937b1_chunk_0012_ast"", ""personal_data_protection_amendment_act_2020_d7cc5937b1_chunk_0013_ast"", ""personal_data_protection_amendment_act_2020_d7cc5937b1_chunk_0014_ast"", ""personal_data_protection_amendment_act_2020_d7cc5937b1_chunk_0015_ast"", ""personal_data_protection_amendment_act_2020_d7cc5937b1_chunk_0016_ast"", ""personal_data_protection_amendment_act_2020_d7cc5937b1_chunk_0020_ast"", ""personal_data_protection_amendment_act_2020_d7cc5937b1_chunk_0036_ast"", ""personal_data_protection_amendment_act_2020_d7cc5937b1_chunk_0067_ast"", ""personal_data_protection_amendment_act_2020_d7cc5937b1_chunk_0110_ast"", ""personal_data_protection_amendment_act_2020_d7cc5937b1_chunk_0133_ast"", ""personal_data_protection_amendment_act_2020_d7cc5937b1_chunk_0135_ast"", ""personal_data_protection_amendment_act_2020_d7cc5937b1_chunk_0143_ast"", ""personal_data_protection_act_2012_e857c5e9da_chunk_0030_ast"", ""personal_data_protection_act_2012_e857c5e9da_chunk_0031_ast"", ""personal_data_protection_act_2012_e857c5e9da_chunk_0032_ast"", ""personal_data_protection_act_2012_e857c5e9da_chunk_0033_ast"", ""personal_data_protection_act_2012_e857c5e9da_chunk_0035_ast"", ""personal_data_protection_act_2012_e857c5e9da_chunk_0036_ast"", ""personal_data_protection_act_2012_e857c5e9da_chunk_0037_ast"", ""personal_data_protection_act_2012_e857c5e9da_chunk_0038_ast"", ""personal_data_protection_act_2012_e857c5e9da_chunk_0039_ast"", ""personal_data_protection_act_2012_e857c5e9da_chunk_0040_ast"", ""personal_data_protection_act_2012_e857c5e9da_chunk_0041_ast"", ""personal_data_protection_act_2012_e857c5e9da_chunk_0042_ast"", ""personal_data_protection_act_2012_e857c5e9da_chunk_0043_ast"", ""personal_data_protection_act_2012_e857c5e9da_chunk_0044_ast"", ""personal_data_protection_act_2012_e857c5e9da_chunk_0047_ast"", ""personal_data_protection_act_2012_e857c5e9da_chunk_0050_ast"", ""personal_data_protection_act_2012_e857c5e9da_chunk_0100_ast"", ""personal_data_protection_act_2012_e857c5e9da_chunk_0153_ast"", ""personal_data_protection_act_2012_e857c5e9da_chunk_0157_ast"", ""personal_data_protection_act_2012_e857c5e9da_chunk_0177_ast"", ""personal_data_protection_act_2012_e857c5e9da_chunk_0180_ast"", ""personal_data_protection_act_2012_e857c5e9da_chunk_0182_ast"", ""personal_data_protection_act_2012_e857c5e9da_chunk_0184_ast""]",high,pending
synonym_2de4183f1031,organisation,person,related_term,"[""personal_data_protection_amendment_act_2020_d7cc5937b1_chunk_0006_ast"", ""personal_data_protection_amendment_act_2020_d7cc5937b1_chunk_0007_ast"", ""personal_data_protection_amendment_act_2020_d7cc5937b1_chunk_0009_ast"", ""personal_data_protection_amendment_act_2020_d7cc5937b1_chunk_0010_ast"", ""personal_data_protection_amendment_act_2020_d7cc5937b1_chunk_0011_ast"", ""personal_data_protection_amendment_act_2020_d7cc5937b1_chunk_0012_ast"", ""personal_data_protection_amendment_act_2020_d7cc5937b1_chunk_0013_ast"", ""personal_data_protection_amendment_act_2020_d7cc5937b1_chunk_0014_ast"", ""personal_data_protection_amendment_act_2020_d7cc5937b1_chunk_0015_ast"", ""personal_data_protection_amendment_act_2020_d7cc5937b1_chunk_0016_ast"", ""personal_data_protection_amendment_act_2020_d7cc5937b1_chunk_0017_ast"", ""personal_data_protection_amendment_act_2020_d7cc5937b1_chunk_0018_ast"", ""personal_data_protection_amendment_act_2020_d7cc5937b1_chunk_0019_ast"", ""personal_data_protection_amendment_act_2020_d7cc5937b1_chunk_0020_ast"", ""personal_data_protection_amendment_act_2020_d7cc5937b1_chunk_0021_ast"", ""personal_data_protection_amendment_act_2020_d7cc5937b1_chunk_0025_ast"", ""personal_data_protection_amendment_act_2020_d7cc5937b1_chunk_0027_ast"", ""personal_data_protection_amendment_act_2020_d7cc5937b1_chunk_0028_ast"", ""personal_data_protection_amendment_act_2020_d7cc5937b1_chunk_0030_ast"", ""personal_data_protection_amendment_act_2020_d7cc5937b1_chunk_0032_ast"", ""personal_data_protection_amendment_act_2020_d7cc5937b1_chunk_0033_ast"", ""personal_data_protection_amendment_act_2020_d7cc5937b1_chunk_0034_ast"", ""personal_data_protection_amendment_act_2020_d7cc5937b1_chunk_0035_ast"", ""personal_data_protection_amendment_act_2020_d7cc5937b1_chunk_0036_ast"", ""personal_data_protection_amendment_act_2020_d7cc5937b1_chunk_0044_ast"", ""personal_data_protection_amendment_act_2020_d7cc5937b1_chunk_0045_ast"", ""personal_data_protection_amendment_act_2020_d7cc5937b1_chunk_0057_ast"", ""personal_data_protection_amendment_act_2020_d7cc5937b1_chunk_0060_ast"", ""personal_data_protection_amendment_act_2020_d7cc5937b1_chunk_0063_ast"", ""personal_data_protection_amendment_act_2020_d7cc5937b1_chunk_0064_ast"", ""personal_data_protection_amendment_act_2020_d7cc5937b1_chunk_0067_ast"", ""personal_data_protection_amendment_act_2020_d7cc5937b1_chunk_0068_ast"", ""personal_data_protection_amendment_act_2020_d7cc5937b1_chunk_0073_ast"", ""personal_data_protection_amendment_act_2020_d7cc5937b1_chunk_0084_ast"", ""personal_data_protection_amendment_act_2020_d7cc5937b1_chunk_0088_ast"", ""personal_data_protection_amendment_act_2020_d7cc5937b1_chunk_0093_ast"", ""personal_data_protection_amendment_act_2020_d7cc5937b1_chunk_0096_ast"", ""personal_data_protection_amendment_act_2020_d7cc5937b1_chunk_0097_ast"", ""personal_data_protection_amendment_act_2020_d7cc5937b1_chunk_0098_ast"", ""personal_data_protection_amendment_act_2020_d7cc5937b1_chunk_0106_ast"", ""personal_data_protection_amendment_act_2020_d7cc5937b1_chunk_0110_ast"", ""personal_data_protection_amendment_act_2020_d7cc5937b1_chunk_0113_ast"", ""personal_data_protection_amendment_act_2020_d7cc5937b1_chunk_0115_ast"", ""personal_data_protection_amendment_act_2020_d7cc5937b1_chunk_0116_ast"", ""personal_data_protection_amendment_act_2020_d7cc5937b1_chunk_0117_ast"", ""personal_data_protection_amendment_act_2020_d7cc5937b1_chunk_0118_ast"", ""personal_data_protection_amendment_act_2020_d7cc5937b1_chunk_0119_ast"", ""personal_data_protection_amendment_act_2020_d7cc5937b1_chunk_0120_ast"", ""personal_data_protection_amendment_act_2020_d7cc5937b1_chunk_0121_ast"", ""personal_data_protection_amendment_act_2020_d7cc5937b1_chunk_0123_ast"", ""personal_data_protection_amendment_act_2020_d7cc5937b1_chunk_0125_ast"", ""personal_data_protection_amendment_act_2020_d7cc5937b1_chunk_0127_ast"", ""personal_data_protection_amendment_act_2020_d7cc5937b1_chunk_0131_ast"", ""personal_data_protection_amendment_act_2020_d7cc5937b1_chunk_0132_ast"", ""personal_data_protection_amendment_act_2020_d7cc5937b1_chunk_0133_ast"", ""personal_data_protection_amendment_act_2020_d7cc5937b1_chunk_0135_ast"", ""personal_data_protection_amendment_act_2020_d7cc5937b1_chunk_0144_ast"", ""personal_data_protection_act_2012_e857c5e9da_chunk_0010_ast"", ""personal_data_protection_act_2012_e857c5e9da_chunk_0011_ast"", ""personal_data_protection_act_2012_e857c5e9da_chunk_0012_ast"", ""personal_data_protection_act_2012_e857c5e9da_chunk_0015_ast"", ""personal_data_protection_act_2012_e857c5e9da_chunk_0018_ast"", ""personal_data_protection_act_2012_e857c5e9da_chunk_0019_ast"", ""personal_data_protection_act_2012_e857c5e9da_chunk_0020_ast"", ""personal_data_protection_act_2012_e857c5e9da_chunk_0028_ast"", ""personal_data_protection_act_2012_e857c5e9da_chunk_0029_ast"", ""personal_data_protection_act_2012_e857c5e9da_chunk_0030_ast"", ""personal_data_protection_act_2012_e857c5e9da_chunk_0031_ast"", ""personal_data_protection_act_2012_e857c5e9da_chunk_0032_ast"", ""personal_data_protection_act_2012_e857c5e9da_chunk_0033_ast"", ""personal_data_protection_act_2012_e857c5e9da_chunk_0034_ast"", ""personal_data_protection_act_2012_e857c5e9da_chunk_0035_ast"", ""personal_data_protection_act_2012_e857c5e9da_chunk_0036_ast"", ""personal_data_protection_act_2012_e857c5e9da_chunk_0037_ast"", ""personal_data_protection_act_2012_e857c5e9da_chunk_0038_ast"", ""personal_data_protection_act_2012_e857c5e9da_chunk_0039_ast"", ""personal_data_protection_act_2012_e857c5e9da_chunk_0040_ast"", ""personal_data_protection_act_2012_e857c5e9da_chunk_0041_ast"", ""personal_data_protection_act_2012_e857c5e9da_chunk_0042_ast"", ""personal_data_protection_act_2012_e857c5e9da_chunk_0043_ast""]",high,pending
synonym_54c01b843e43,organisation,personal information,related_term,"[""personal_data_protection_amendment_act_2020_d7cc5937b1_chunk_0006_ast"", ""personal_data_protection_amendment_act_2020_d7cc5937b1_chunk_0007_ast"", ""personal_data_protection_amendment_act_2020_d7cc5937b1_chunk_0008_ast"", ""personal_data_protection_amendment_act_2020_d7cc5937b1_chunk_0009_ast"", ""personal_data_protection_amendment_act_2020_d7cc5937b1_chunk_0010_ast"", ""personal_data_protection_amendment_act_2020_d7cc5937b1_chunk_0011_ast"", ""personal_data_protection_amendment_act_2020_d7cc5937b1_chunk_0012_ast"", ""personal_data_protection_amendment_act_2020_d7cc5937b1_chunk_0013_ast"", ""personal_data_protection_amendment_act_2020_d7cc5937b1_chunk_0014_ast"", ""personal_data_protection_amendment_act_2020_d7cc5937b1_chunk_0015_ast"", ""personal_data_protection_amendment_act_2020_d7cc5937b1_chunk_0016_ast"", ""personal_data_protection_amendment_act_2020_d7cc5937b1_chunk_0017_ast"", ""personal_data_protection_amendment_act_2020_d7cc5937b1_chunk_0018_ast"", ""personal_data_protection_amendment_act_2020_d7cc5937b1_chunk_0019_ast"", ""personal_data_protection_amendment_act_2020_d7cc5937b1_chunk_0020_ast"", ""personal_data_protection_amendment_act_2020_d7cc5937b1_chunk_0021_ast"", ""personal_data_protection_amendment_act_2020_d7cc5937b1_chunk_0022_ast"", ""personal_data_protection_amendment_act_2020_d7cc5937b1_chunk_0025_ast"", ""personal_data_protection_amendment_act_2020_d7cc5937b1_chunk_0026_ast"", ""personal_data_protection_amendment_act_2020_d7cc5937b1_chunk_0029_ast"", ""personal_data_protection_amendment_act_2020_d7cc5937b1_chunk_0030_ast"", ""personal_data_protection_amendment_act_2020_d7cc5937b1_chunk_0032_ast"", ""personal_data_protection_amendment_act_2020_d7cc5937b1_chunk_0035_ast"", ""personal_data_protection_amendment_act_2020_d7cc5937b1_chunk_0036_ast"", ""personal_data_protection_amendment_act_2020_d7cc5937b1_chunk_0057_ast"", ""personal_data_protection_amendment_act_2020_d7cc5937b1_chunk_0058_ast"", ""personal_data_protection_amendment_act_2020_d7cc5937b1_chunk_0059_ast"", ""personal_data_protection_amendment_act_2020_d7cc5937b1_chunk_0060_ast"", ""personal_data_protection_amendment_act_2020_d7cc5937b1_chunk_0061_ast"", ""personal_data_protection_amendment_act_2020_d7cc5937b1_chunk_0062_ast"", ""personal_data_protection_amendment_act_2020_d7cc5937b1_chunk_0069_ast"", ""personal_data_protection_amendment_act_2020_d7cc5937b1_chunk_0070_ast"", ""personal_data_protection_amendment_act_2020_d7cc5937b1_chunk_0072_ast"", ""personal_data_protection_amendment_act_2020_d7cc5937b1_chunk_0074_ast"", ""personal_data_protection_amendment_act_2020_d7cc5937b1_chunk_0093_ast"", ""personal_data_protection_amendment_act_2020_d7cc5937b1_chunk_0096_ast"", ""personal_data_protection_amendment_act_2020_d7cc5937b1_chunk_0110_ast"", ""personal_data_protection_amendment_act_2020_d7cc5937b1_chunk_0113_ast"", ""personal_data_protection_amendment_act_2020_d7cc5937b1_chunk_0115_ast"", ""personal_data_protection_amendment_act_2020_d7cc5937b1_chunk_0116_ast"", ""personal_data_protection_amendment_act_2020_d7cc5937b1_chunk_0117_ast"", ""personal_data_protection_amendment_act_2020_d7cc5937b1_chunk_0118_ast"", ""personal_data_protection_amendment_act_2020_d7cc5937b1_chunk_0120_ast"", ""personal_data_protection_amendment_act_2020_d7cc5937b1_chunk_0121_ast"", ""personal_data_protection_amendment_act_2020_d7cc5937b1_chunk_0123_ast"", ""personal_data_protection_amendment_act_2020_d7cc5937b1_chunk_0125_ast"", ""personal_data_protection_amendment_act_2020_d7cc5937b1_chunk_0126_ast"", ""personal_data_protection_amendment_act_2020_d7cc5937b1_chunk_0127_ast"", ""personal_data_protection_amendment_act_2020_d7cc5937b1_chunk_0131_ast"", ""personal_data_protection_amendment_act_2020_d7cc5937b1_chunk_0132_ast"", ""personal_data_protection_amendment_act_2020_d7cc5937b1_chunk_0133_ast"", ""personal_data_protection_amendment_act_2020_d7cc5937b1_chunk_0135_ast"", ""personal_data_protection_amendment_act_2020_d7cc5937b1_chunk_0136_ast"", ""personal_data_protection_amendment_act_2020_d7cc5937b1_chunk_0141_ast"", ""personal_data_protection_amendment_act_2020_d7cc5937b1_chunk_0143_ast"", ""personal_data_protection_act_2012_e857c5e9da_chunk_0008_ast"", ""personal_data_protection_act_2012_e857c5e9da_chunk_0011_ast"", ""personal_data_protection_act_2012_e857c5e9da_chunk_0012_ast"", ""personal_data_protection_act_2012_e857c5e9da_chunk_0015_ast"", ""personal_data_protection_act_2012_e857c5e9da_chunk_0017_ast"", ""personal_data_protection_act_2012_e857c5e9da_chunk_0018_ast"", ""personal_data_protection_act_2012_e857c5e9da_chunk_0019_ast"", ""personal_data_protection_act_2012_e857c5e9da_chunk_0020_ast"", ""personal_data_protection_act_2012_e857c5e9da_chunk_0022_ast"", ""personal_data_protection_act_2012_e857c5e9da_chunk_0028_ast"", ""personal_data_protection_act_2012_e857c5e9da_chunk_0030_ast"", ""personal_data_protection_act_2012_e857c5e9da_chunk_0031_ast"", ""personal_data_protection_act_2012_e857c5e9da_chunk_0032_ast"", ""personal_data_protection_act_2012_e857c5e9da_chunk_0033_ast"", ""personal_data_protection_act_2012_e857c5e9da_chunk_0034_ast"", ""personal_data_protection_act_2012_e857c5e9da_chunk_0035_ast"", ""personal_data_protection_act_2012_e857c5e9da_chunk_0036_ast"", ""personal_data_protection_act_2012_e857c5e9da_chunk_0037_ast"", ""personal_data_protection_act_2012_e857c5e9da_chunk_0038_ast"", ""personal_data_protection_act_2012_e857c5e9da_chunk_0039_ast"", ""personal_data_protection_act_2012_e857c5e9da_chunk_0040_ast"", ""personal_data_protection_act_2012_e857c5e9da_chunk_0041_ast"", ""personal_data_protection_act_2012_e857c5e9da_chunk_0042_ast"", ""personal_data_protection_act_2012_e857c5e9da_chunk_0043_ast"", ""personal_data_protection_act_2012_e857c5e9da_chunk_0044_ast""]",high,pending
synonym_9d448e41ee42,organisation,个人信息,related_term,"[""personal_data_protection_amendment_act_2020_d7cc5937b1_chunk_0006_ast"", ""personal_data_protection_amendment_act_2020_d7cc5937b1_chunk_0007_ast"", ""personal_data_protection_amendment_act_2020_d7cc5937b1_chunk_0008_ast"", ""personal_data_protection_amendment_act_2020_d7cc5937b1_chunk_0009_ast"", ""personal_data_protection_amendment_act_2020_d7cc5937b1_chunk_0010_ast"", ""personal_data_protection_amendment_act_2020_d7cc5937b1_chunk_0011_ast"", ""personal_data_protection_amendment_act_2020_d7cc5937b1_chunk_0012_ast"", ""personal_data_protection_amendment_act_2020_d7cc5937b1_chunk_0013_ast"", ""personal_data_protection_amendment_act_2020_d7cc5937b1_chunk_0014_ast"", ""personal_data_protection_amendment_act_2020_d7cc5937b1_chunk_0015_ast"", ""personal_data_protection_amendment_act_2020_d7cc5937b1_chunk_0016_ast"", ""personal_data_protection_amendment_act_2020_d7cc5937b1_chunk_0017_ast"", ""personal_data_protection_amendment_act_2020_d7cc5937b1_chunk_0018_ast"", ""personal_data_protection_amendment_act_2020_d7cc5937b1_chunk_0019_ast"", ""personal_data_protection_amendment_act_2020_d7cc5937b1_chunk_0020_ast"", ""personal_data_protection_amendment_act_2020_d7cc5937b1_chunk_0021_ast"", ""personal_data_protection_amendment_act_2020_d7cc5937b1_chunk_0022_ast"", ""personal_data_protection_amendment_act_2020_d7cc5937b1_chunk_0025_ast"", ""personal_data_protection_amendment_act_2020_d7cc5937b1_chunk_0026_ast"", ""personal_data_protection_amendment_act_2020_d7cc5937b1_chunk_0029_ast"", ""personal_data_protection_amendment_act_2020_d7cc5937b1_chunk_0030_ast"", ""personal_data_protection_amendment_act_2020_d7cc5937b1_chunk_0032_ast"", ""personal_data_protection_amendment_act_2020_d7cc5937b1_chunk_0035_ast"", ""personal_data_protection_amendment_act_2020_d7cc5937b1_chunk_0036_ast"", ""personal_data_protection_amendment_act_2020_d7cc5937b1_chunk_0057_ast"", ""personal_data_protection_amendment_act_2020_d7cc5937b1_chunk_0058_ast"", ""personal_data_protection_amendment_act_2020_d7cc5937b1_chunk_0059_ast"", ""personal_data_protection_amendment_act_2020_d7cc5937b1_chunk_0060_ast"", ""personal_data_protection_amendment_act_2020_d7cc5937b1_chunk_0061_ast"", ""personal_data_protection_amendment_act_2020_d7cc5937b1_chunk_0062_ast"", ""personal_data_protection_amendment_act_2020_d7cc5937b1_chunk_0069_ast"", ""personal_data_protection_amendment_act_2020_d7cc5937b1_chunk_0070_ast"", ""personal_data_protection_amendment_act_2020_d7cc5937b1_chunk_0072_ast"", ""personal_data_protection_amendment_act_2020_d7cc5937b1_chunk_0074_ast"", ""personal_data_protection_amendment_act_2020_d7cc5937b1_chunk_0093_ast"", ""personal_data_protection_amendment_act_2020_d7cc5937b1_chunk_0096_ast"", ""personal_data_protection_amendment_act_2020_d7cc5937b1_chunk_0110_ast"", ""personal_data_protection_amendment_act_2020_d7cc5937b1_chunk_0113_ast"", ""personal_data_protection_amendment_act_2020_d7cc5937b1_chunk_0115_ast"", ""personal_data_protection_amendment_act_2020_d7cc5937b1_chunk_0116_ast"", ""personal_data_protection_amendment_act_2020_d7cc5937b1_chunk_0117_ast"", ""personal_data_protection_amendment_act_2020_d7cc5937b1_chunk_0118_ast"", ""personal_data_protection_amendment_act_2020_d7cc5937b1_chunk_0120_ast"", ""personal_data_protection_amendment_act_2020_d7cc5937b1_chunk_0121_ast"", ""personal_data_protection_amendment_act_2020_d7cc5937b1_chunk_0123_ast"", ""personal_data_protection_amendment_act_2020_d7cc5937b1_chunk_0125_ast"", ""personal_data_protection_amendment_act_2020_d7cc5937b1_chunk_0126_ast"", ""personal_data_protection_amendment_act_2020_d7cc5937b1_chunk_0127_ast"", ""personal_data_protection_amendment_act_2020_d7cc5937b1_chunk_0131_ast"", ""personal_data_protection_amendment_act_2020_d7cc5937b1_chunk_0132_ast"", ""personal_data_protection_amendment_act_2020_d7cc5937b1_chunk_0133_ast"", ""personal_data_protection_amendment_act_2020_d7cc5937b1_chunk_0135_ast"", ""personal_data_protection_amendment_act_2020_d7cc5937b1_chunk_0136_ast"", ""personal_data_protection_amendment_act_2020_d7cc5937b1_chunk_0141_ast"", ""personal_data_protection_amendment_act_2020_d7cc5937b1_chunk_0143_ast"", ""personal_data_protection_act_2012_e857c5e9da_chunk_0008_ast"", ""personal_data_protection_act_2012_e857c5e9da_chunk_0011_ast"", ""personal_data_protection_act_2012_e857c5e9da_chunk_0012_ast"", ""personal_data_protection_act_2012_e857c5e9da_chunk_0015_ast"", ""personal_data_protection_act_2012_e857c5e9da_chunk_0017_ast"", ""personal_data_protection_act_2012_e857c5e9da_chunk_0018_ast"", ""personal_data_protection_act_2012_e857c5e9da_chunk_0019_ast"", ""personal_data_protection_act_2012_e857c5e9da_chunk_0020_ast"", ""personal_data_protection_act_2012_e857c5e9da_chunk_0022_ast"", ""personal_data_protection_act_2012_e857c5e9da_chunk_0028_ast"", ""personal_data_protection_act_2012_e857c5e9da_chunk_0030_ast"", ""personal_data_protection_act_2012_e857c5e9da_chunk_0031_ast"", ""personal_data_protection_act_2012_e857c5e9da_chunk_0032_ast"", ""personal_data_protection_act_2012_e857c5e9da_chunk_0033_ast"", ""personal_data_protection_act_2012_e857c5e9da_chunk_0034_ast"", ""personal_data_protection_act_2012_e857c5e9da_chunk_0035_ast"", ""personal_data_protection_act_2012_e857c5e9da_chunk_0036_ast"", ""personal_data_protection_act_2012_e857c5e9da_chunk_0037_ast"", ""personal_data_protection_act_2012_e857c5e9da_chunk_0038_ast"", ""personal_data_protection_act_2012_e857c5e9da_chunk_0039_ast"", ""personal_data_protection_act_2012_e857c5e9da_chunk_0040_ast"", ""personal_data_protection_act_2012_e857c5e9da_chunk_0041_ast"", ""personal_data_protection_act_2012_e857c5e9da_chunk_0042_ast"", ""personal_data_protection_act_2012_e857c5e9da_chunk_0043_ast"", ""personal_data_protection_act_2012_e857c5e9da_chunk_0044_ast""]",high,pending
synonym_0675f3f6197a,organisation,同意,related_term,"[""personal_data_protection_amendment_act_2020_d7cc5937b1_chunk_0009_ast"", ""personal_data_protection_amendment_act_2020_d7cc5937b1_chunk_0010_ast"", ""personal_data_protection_amendment_act_2020_d7cc5937b1_chunk_0012_ast"", ""personal_data_protection_amendment_act_2020_d7cc5937b1_chunk_0013_ast"", ""personal_data_protection_amendment_act_2020_d7cc5937b1_chunk_0014_ast"", ""personal_data_protection_amendment_act_2020_d7cc5937b1_chunk_0015_ast"", ""personal_data_protection_amendment_act_2020_d7cc5937b1_chunk_0016_ast"", ""personal_data_protection_amendment_act_2020_d7cc5937b1_chunk_0020_ast"", ""personal_data_protection_amendment_act_2020_d7cc5937b1_chunk_0036_ast"", ""personal_data_protection_amendment_act_2020_d7cc5937b1_chunk_0067_ast"", ""personal_data_protection_amendment_act_2020_d7cc5937b1_chunk_0110_ast"", ""personal_data_protection_amendment_act_2020_d7cc5937b1_chunk_0133_ast"", ""personal_data_protection_amendment_act_2020_d7cc5937b1_chunk_0135_ast"", ""personal_data_protection_amendment_act_2020_d7cc5937b1_chunk_0143_ast"", ""personal_data_protection_act_2012_e857c5e9da_chunk_0030_ast"", ""personal_data_protection_act_2012_e857c5e9da_chunk_0031_ast"", ""personal_data_protection_act_2012_e857c5e9da_chunk_0032_ast"", ""personal_data_protection_act_2012_e857c5e9da_chunk_0033_ast"", ""personal_data_protection_act_2012_e857c5e9da_chunk_0035_ast"", ""personal_data_protection_act_2012_e857c5e9da_chunk_0036_ast"", ""personal_data_protection_act_2012_e857c5e9da_chunk_0037_ast"", ""personal_data_protection_act_2012_e857c5e9da_chunk_0038_ast"", ""personal_data_protection_act_2012_e857c5e9da_chunk_0039_ast"", ""personal_data_protection_act_2012_e857c5e9da_chunk_0040_ast"", ""personal_data_protection_act_2012_e857c5e9da_chunk_0041_ast"", ""personal_data_protection_act_2012_e857c5e9da_chunk_0042_ast"", ""personal_data_protection_act_2012_e857c5e9da_chunk_0043_ast"", ""personal_data_protection_act_2012_e857c5e9da_chunk_0044_ast"", ""personal_data_protection_act_2012_e857c5e9da_chunk_0047_ast"", ""personal_data_protection_act_2012_e857c5e9da_chunk_0050_ast"", ""personal_data_protection_act_2012_e857c5e9da_chunk_0100_ast"", ""personal_data_protection_act_2012_e857c5e9da_chunk_0153_ast"", ""personal_data_protection_act_2012_e857c5e9da_chunk_0157_ast"", ""personal_data_protection_act_2012_e857c5e9da_chunk_0177_ast"", ""personal_data_protection_act_2012_e857c5e9da_chunk_0180_ast"", ""personal_data_protection_act_2012_e857c5e9da_chunk_0182_ast"", ""personal_data_protection_act_2012_e857c5e9da_chunk_0184_ast""]",high,pending
synonym_cd1be8cec8f4,organisation,自然人,related_term,"[""personal_data_protection_amendment_act_2020_d7cc5937b1_chunk_0006_ast"", ""personal_data_protection_amendment_act_2020_d7cc5937b1_chunk_0007_ast"", ""personal_data_protection_amendment_act_2020_d7cc5937b1_chunk_0009_ast"", ""personal_data_protection_amendment_act_2020_d7cc5937b1_chunk_0010_ast"", ""personal_data_protection_amendment_act_2020_d7cc5937b1_chunk_0011_ast"", ""personal_data_protection_amendment_act_2020_d7cc5937b1_chunk_0012_ast"", ""personal_data_protection_amendment_act_2020_d7cc5937b1_chunk_0013_ast"", ""personal_data_protection_amendment_act_2020_d7cc5937b1_chunk_0014_ast"", ""personal_data_protection_amendment_act_2020_d7cc5937b1_chunk_0015_ast"", ""personal_data_protection_amendment_act_2020_d7cc5937b1_chunk_0016_ast"", ""personal_data_protection_amendment_act_2020_d7cc5937b1_chunk_0017_ast"", ""personal_data_protection_amendment_act_2020_d7cc5937b1_chunk_0018_ast"", ""personal_data_protection_amendment_act_2020_d7cc5937b1_chunk_0019_ast"", ""personal_data_protection_amendment_act_2020_d7cc5937b1_chunk_0020_ast"", ""personal_data_protection_amendment_act_2020_d7cc5937b1_chunk_0021_ast"", ""personal_data_protection_amendment_act_2020_d7cc5937b1_chunk_0025_ast"", ""personal_data_protection_amendment_act_2020_d7cc5937b1_chunk_0027_ast"", ""personal_data_protection_amendment_act_2020_d7cc5937b1_chunk_0028_ast"", ""personal_data_protection_amendment_act_2020_d7cc5937b1_chunk_0030_ast"", ""personal_data_protection_amendment_act_2020_d7cc5937b1_chunk_0032_ast"", ""personal_data_protection_amendment_act_2020_d7cc5937b1_chunk_0033_ast"", ""personal_data_protection_amendment_act_2020_d7cc5937b1_chunk_0034_ast"", ""personal_data_protection_amendment_act_2020_d7cc5937b1_chunk_0035_ast"", ""personal_data_protection_amendment_act_2020_d7cc5937b1_chunk_0036_ast"", ""personal_data_protection_amendment_act_2020_d7cc5937b1_chunk_0044_ast"", ""personal_data_protection_amendment_act_2020_d7cc5937b1_chunk_0045_ast"", ""personal_data_protection_amendment_act_2020_d7cc5937b1_chunk_0057_ast"", ""personal_data_protection_amendment_act_2020_d7cc5937b1_chunk_0060_ast"", ""personal_data_protection_amendment_act_2020_d7cc5937b1_chunk_0063_ast"", ""personal_data_protection_amendment_act_2020_d7cc5937b1_chunk_0064_ast"", ""personal_data_protection_amendment_act_2020_d7cc5937b1_chunk_0067_ast"", ""personal_data_protection_amendment_act_2020_d7cc5937b1_chunk_0068_ast"", ""personal_data_protection_amendment_act_2020_d7cc5937b1_chunk_0073_ast"", ""personal_data_protection_amendment_act_2020_d7cc5937b1_chunk_0084_ast"", ""personal_data_protection_amendment_act_2020_d7cc5937b1_chunk_0088_ast"", ""personal_data_protection_amendment_act_2020_d7cc5937b1_chunk_0093_ast"", ""personal_data_protection_amendment_act_2020_d7cc5937b1_chunk_0096_ast"", ""personal_data_protection_amendment_act_2020_d7cc5937b1_chunk_0097_ast"", ""personal_data_protection_amendment_act_2020_d7cc5937b1_chunk_0098_ast"", ""personal_data_protection_amendment_act_2020_d7cc5937b1_chunk_0106_ast"", ""personal_data_protection_amendment_act_2020_d7cc5937b1_chunk_0110_ast"", ""personal_data_protection_amendment_act_2020_d7cc5937b1_chunk_0113_ast"", ""personal_data_protection_amendment_act_2020_d7cc5937b1_chunk_0115_ast"", ""personal_data_protection_amendment_act_2020_d7cc5937b1_chunk_0116_ast"", ""personal_data_protection_amendment_act_2020_d7cc5937b1_chunk_0117_ast"", ""personal_data_protection_amendment_act_2020_d7cc5937b1_chunk_0118_ast"", ""personal_data_protection_amendment_act_2020_d7cc5937b1_chunk_0119_ast"", ""personal_data_protection_amendment_act_2020_d7cc5937b1_chunk_0120_ast"", ""personal_data_protection_amendment_act_2020_d7cc5937b1_chunk_0121_ast"", ""personal_data_protection_amendment_act_2020_d7cc5937b1_chunk_0123_ast"", ""personal_data_protection_amendment_act_2020_d7cc5937b1_chunk_0125_ast"", ""personal_data_protection_amendment_act_2020_d7cc5937b1_chunk_0127_ast"", ""personal_data_protection_amendment_act_2020_d7cc5937b1_chunk_0131_ast"", ""personal_data_protection_amendment_act_2020_d7cc5937b1_chunk_0132_ast"", ""personal_data_protection_amendment_act_2020_d7cc5937b1_chunk_0133_ast"", ""personal_data_protection_amendment_act_2020_d7cc5937b1_chunk_0135_ast"", ""personal_data_protection_amendment_act_2020_d7cc5937b1_chunk_0144_ast"", ""personal_data_protection_act_2012_e857c5e9da_chunk_0010_ast"", ""personal_data_protection_act_2012_e857c5e9da_chunk_0011_ast"", ""personal_data_protection_act_2012_e857c5e9da_chunk_0012_ast"", ""personal_data_protection_act_2012_e857c5e9da_chunk_0015_ast"", ""personal_data_protection_act_2012_e857c5e9da_chunk_0018_ast"", ""personal_data_protection_act_2012_e857c5e9da_chunk_0019_ast"", ""personal_data_protection_act_2012_e857c5e9da_chunk_0020_ast"", ""personal_data_protection_act_2012_e857c5e9da_chunk_0028_ast"", ""personal_data_protection_act_2012_e857c5e9da_chunk_0029_ast"", ""personal_data_protection_act_2012_e857c5e9da_chunk_0030_ast"", ""personal_data_protection_act_2012_e857c5e9da_chunk_0031_ast"", ""personal_data_protection_act_2012_e857c5e9da_chunk_0032_ast"", ""personal_data_protection_act_2012_e857c5e9da_chunk_0033_ast"", ""personal_data_protection_act_2012_e857c5e9da_chunk_0034_ast"", ""personal_data_protection_act_2012_e857c5e9da_chunk_0035_ast"", ""personal_data_protection_act_2012_e857c5e9da_chunk_0036_ast"", ""personal_data_protection_act_2012_e857c5e9da_chunk_0037_ast"", ""personal_data_protection_act_2012_e857c5e9da_chunk_0038_ast"", ""personal_data_protection_act_2012_e857c5e9da_chunk_0039_ast"", ""personal_data_protection_act_2012_e857c5e9da_chunk_0040_ast"", ""personal_data_protection_act_2012_e857c5e9da_chunk_0041_ast"", ""personal_data_protection_act_2012_e857c5e9da_chunk_0042_ast"", ""personal_data_protection_act_2012_e857c5e9da_chunk_0043_ast""]",high,pending
synonym_3852897deb26,Person,data subject information,related_term,"[""entranslation_of_the_personal_data_protection_act_0_1c77b4099e_chunk_0008_ast""]",high,pending
synonym_bf29a9c0eae6,Person,personal information,related_term,"[""entranslation_of_the_personal_data_protection_act_0_1c77b4099e_chunk_0008_ast""]",high,pending
synonym_1a5d80536547,Person,个人信息,related_term,"[""entranslation_of_the_personal_data_protection_act_0_1c77b4099e_chunk_0008_ast""]",high,pending
synonym_3bbb1d5fdc08,personal data,authorisation,related_term,"[""entranslation_of_the_personal_data_protection_act_0_1c77b4099e_chunk_0002_ast"", ""entranslation_of_the_personal_data_protection_act_0_1c77b4099e_chunk_0021_ast"", ""entranslation_of_the_personal_data_protection_act_0_1c77b4099e_chunk_0022_ast"", ""entranslation_of_the_personal_data_protection_act_0_1c77b4099e_chunk_0023_ast"", ""entranslation_of_the_personal_data_protection_act_0_1c77b4099e_chunk_0025_ast"", ""entranslation_of_the_personal_data_protection_act_0_1c77b4099e_chunk_0026_ast"", ""entranslation_of_the_personal_data_protection_act_0_1c77b4099e_chunk_0029_ast"", ""entranslation_of_the_personal_data_protection_act_0_1c77b4099e_chunk_0030_ast"", ""entranslation_of_the_personal_data_protection_act_0_1c77b4099e_chunk_0031_ast"", ""entranslation_of_the_personal_data_protection_act_0_1c77b4099e_chunk_0034_ast"", ""entranslation_of_the_personal_data_protection_act_0_1c77b4099e_chunk_0037_ast"", ""entranslation_of_the_personal_data_protection_act_0_1c77b4099e_chunk_0038_ast"", ""entranslation_of_the_personal_data_protection_act_0_1c77b4099e_chunk_0039_ast"", ""entranslation_of_the_personal_data_protection_act_0_1c77b4099e_chunk_0042_ast"", ""entranslation_of_the_personal_data_protection_act_0_1c77b4099e_chunk_0044_ast"", ""entranslation_of_the_personal_data_protection_act_0_1c77b4099e_chunk_0046_ast"", ""entranslation_of_the_personal_data_protection_act_0_1c77b4099e_chunk_0048_ast"", ""entranslation_of_the_personal_data_protection_act_0_1c77b4099e_chunk_0053_ast"", ""entranslation_of_the_personal_data_protection_act_0_1c77b4099e_chunk_0105_ast"", ""entranslation_of_the_personal_data_protection_act_0_1c77b4099e_chunk_0107_ast"", ""entranslation_of_the_personal_data_protection_act_0_1c77b4099e_chunk_0116_ast"", ""personal_data_protection_amendment_act_2020_d7cc5937b1_chunk_0004_ast"", ""personal_data_protection_amendment_act_2020_d7cc5937b1_chunk_0009_ast"", ""personal_data_protection_amendment_act_2020_d7cc5937b1_chunk_0010_ast"", ""personal_data_protection_amendment_act_2020_d7cc5937b1_chunk_0012_ast"", ""personal_data_protection_amendment_act_2020_d7cc5937b1_chunk_0013_ast"", ""personal_data_protection_amendment_act_2020_d7cc5937b1_chunk_0014_ast"", ""personal_data_protection_amendment_act_2020_d7cc5937b1_chunk_0015_ast"", ""personal_data_protection_amendment_act_2020_d7cc5937b1_chunk_0016_ast"", ""personal_data_protection_amendment_act_2020_d7cc5937b1_chunk_0020_ast"", ""personal_data_protection_amendment_act_2020_d7cc5937b1_chunk_0036_ast"", ""personal_data_protection_amendment_act_2020_d7cc5937b1_chunk_0110_ast"", ""personal_data_protection_amendment_act_2020_d7cc5937b1_chunk_0111_ast"", ""personal_data_protection_amendment_act_2020_d7cc5937b1_chunk_0130_ast"", ""personal_data_protection_amendment_act_2020_d7cc5937b1_chunk_0133_ast"", ""personal_data_protection_amendment_act_2020_d7cc5937b1_chunk_0135_ast"", ""personal_data_protection_amendment_act_2020_d7cc5937b1_chunk_0143_ast"", ""personal_data_protection_act_2012_e857c5e9da_chunk_0002_ast"", ""personal_data_protection_act_2012_e857c5e9da_chunk_0007_ast"", ""personal_data_protection_act_2012_e857c5e9da_chunk_0030_ast"", ""personal_data_protection_act_2012_e857c5e9da_chunk_0031_ast"", ""personal_data_protection_act_2012_e857c5e9da_chunk_0032_ast"", ""personal_data_protection_act_2012_e857c5e9da_chunk_0033_ast"", ""personal_data_protection_act_2012_e857c5e9da_chunk_0035_ast"", ""personal_data_protection_act_2012_e857c5e9da_chunk_0036_ast"", ""personal_data_protection_act_2012_e857c5e9da_chunk_0037_ast"", ""personal_data_protection_act_2012_e857c5e9da_chunk_0038_ast"", ""personal_data_protection_act_2012_e857c5e9da_chunk_0039_ast"", ""personal_data_protection_act_2012_e857c5e9da_chunk_0040_ast"", ""personal_data_protection_act_2012_e857c5e9da_chunk_0041_ast"", ""personal_data_protection_act_2012_e857c5e9da_chunk_0042_ast"", ""personal_data_protection_act_2012_e857c5e9da_chunk_0043_ast"", ""personal_data_protection_act_2012_e857c5e9da_chunk_0044_ast"", ""personal_data_protection_act_2012_e857c5e9da_chunk_0047_ast"", ""personal_data_protection_act_2012_e857c5e9da_chunk_0050_ast"", ""personal_data_protection_act_2012_e857c5e9da_chunk_0087_ast"", ""personal_data_protection_act_2012_e857c5e9da_chunk_0157_ast"", ""personal_data_protection_act_2012_e857c5e9da_chunk_0158_ast"", ""personal_data_protection_act_2012_e857c5e9da_chunk_0177_ast"", ""personal_data_protection_act_2012_e857c5e9da_chunk_0180_ast"", ""personal_data_protection_act_2012_e857c5e9da_chunk_0182_ast"", ""personal_data_protection_act_2012_e857c5e9da_chunk_0184_ast""]",high,pending
synonym_c3a04a0e5312,personal data,business,related_term,"[""personal_data_protection_amendment_act_2020_d7cc5937b1_chunk_0006_ast"", ""personal_data_protection_amendment_act_2020_d7cc5937b1_chunk_0007_ast"", ""personal_data_protection_amendment_act_2020_d7cc5937b1_chunk_0008_ast"", ""personal_data_protection_amendment_act_2020_d7cc5937b1_chunk_0009_ast"", ""personal_data_protection_amendment_act_2020_d7cc5937b1_chunk_0010_ast"", ""personal_data_protection_amendment_act_2020_d7cc5937b1_chunk_0011_ast"", ""personal_data_protection_amendment_act_2020_d7cc5937b1_chunk_0012_ast"", ""personal_data_protection_amendment_act_2020_d7cc5937b1_chunk_0013_ast"", ""personal_data_protection_amendment_act_2020_d7cc5937b1_chunk_0014_ast"", ""personal_data_protection_amendment_act_2020_d7cc5937b1_chunk_0015_ast"", ""personal_data_protection_amendment_act_2020_d7cc5937b1_chunk_0016_ast"", ""personal_data_protection_amendment_act_2020_d7cc5937b1_chunk_0017_ast"", ""personal_data_protection_amendment_act_2020_d7cc5937b1_chunk_0018_ast"", ""personal_data_protection_amendment_act_2020_d7cc5937b1_chunk_0019_ast"", ""personal_data_protection_amendment_act_2020_d7cc5937b1_chunk_0020_ast"", ""personal_data_protection_amendment_act_2020_d7cc5937b1_chunk_0021_ast"", ""personal_data_protection_amendment_act_2020_d7cc5937b1_chunk_0022_ast"", ""personal_data_protection_amendment_act_2020_d7cc5937b1_chunk_0025_ast"", ""personal_data_protection_amendment_act_2020_d7cc5937b1_chunk_0026_ast"", ""personal_data_protection_amendment_act_2020_d7cc5937b1_chunk_0029_ast"", ""personal_data_protection_amendment_act_2020_d7cc5937b1_chunk_0030_ast"", ""personal_data_protection_amendment_act_2020_d7cc5937b1_chunk_0032_ast"", ""personal_data_protection_amendment_act_2020_d7cc5937b1_chunk_0035_ast"", ""personal_data_protection_amendment_act_2020_d7cc5937b1_chunk_0036_ast"", ""personal_data_protection_amendment_act_2020_d7cc5937b1_chunk_0057_ast"", ""personal_data_protection_amendment_act_2020_d7cc5937b1_chunk_0058_ast"", ""personal_data_protection_amendment_act_2020_d7cc5937b1_chunk_0059_ast"", ""personal_data_protection_amendment_act_2020_d7cc5937b1_chunk_0060_ast"", ""personal_data_protection_amendment_act_2020_d7cc5937b1_chunk_0061_ast"", ""personal_data_protection_amendment_act_2020_d7cc5937b1_chunk_0062_ast"", ""personal_data_protection_amendment_act_2020_d7cc5937b1_chunk_0069_ast"", ""personal_data_protection_amendment_act_2020_d7cc5937b1_chunk_0070_ast"", ""personal_data_protection_amendment_act_2020_d7cc5937b1_chunk_0072_ast"", ""personal_data_protection_amendment_act_2020_d7cc5937b1_chunk_0074_ast"", ""personal_data_protection_amendment_act_2020_d7cc5937b1_chunk_0093_ast"", ""personal_data_protection_amendment_act_2020_d7cc5937b1_chunk_0096_ast"", ""personal_data_protection_amendment_act_2020_d7cc5937b1_chunk_0110_ast"", ""personal_data_protection_amendment_act_2020_d7cc5937b1_chunk_0113_ast"", ""personal_data_protection_amendment_act_2020_d7cc5937b1_chunk_0115_ast"", ""personal_data_protection_amendment_act_2020_d7cc5937b1_chunk_0116_ast"", ""personal_data_protection_amendment_act_2020_d7cc5937b1_chunk_0117_ast"", ""personal_data_protection_amendment_act_2020_d7cc5937b1_chunk_0118_ast"", ""personal_data_protection_amendment_act_2020_d7cc5937b1_chunk_0120_ast"", ""personal_data_protection_amendment_act_2020_d7cc5937b1_chunk_0121_ast"", ""personal_data_protection_amendment_act_2020_d7cc5937b1_chunk_0123_ast"", ""personal_data_protection_amendment_act_2020_d7cc5937b1_chunk_0125_ast"", ""personal_data_protection_amendment_act_2020_d7cc5937b1_chunk_0126_ast"", ""personal_data_protection_amendment_act_2020_d7cc5937b1_chunk_0127_ast"", ""personal_data_protection_amendment_act_2020_d7cc5937b1_chunk_0131_ast"", ""personal_data_protection_amendment_act_2020_d7cc5937b1_chunk_0132_ast"", ""personal_data_protection_amendment_act_2020_d7cc5937b1_chunk_0133_ast"", ""personal_data_protection_amendment_act_2020_d7cc5937b1_chunk_0135_ast"", ""personal_data_protection_amendment_act_2020_d7cc5937b1_chunk_0136_ast"", ""personal_data_protection_amendment_act_2020_d7cc5937b1_chunk_0141_ast"", ""personal_data_protection_amendment_act_2020_d7cc5937b1_chunk_0143_ast"", ""personal_data_protection_act_2012_e857c5e9da_chunk_0008_ast"", ""personal_data_protection_act_2012_e857c5e9da_chunk_0011_ast"", ""personal_data_protection_act_2012_e857c5e9da_chunk_0012_ast"", ""personal_data_protection_act_2012_e857c5e9da_chunk_0015_ast"", ""personal_data_protection_act_2012_e857c5e9da_chunk_0017_ast"", ""personal_data_protection_act_2012_e857c5e9da_chunk_0018_ast"", ""personal_data_protection_act_2012_e857c5e9da_chunk_0019_ast"", ""personal_data_protection_act_2012_e857c5e9da_chunk_0020_ast"", ""personal_data_protection_act_2012_e857c5e9da_chunk_0022_ast"", ""personal_data_protection_act_2012_e857c5e9da_chunk_0028_ast"", ""personal_data_protection_act_2012_e857c5e9da_chunk_0030_ast"", ""personal_data_protection_act_2012_e857c5e9da_chunk_0031_ast"", ""personal_data_protection_act_2012_e857c5e9da_chunk_0032_ast"", ""personal_data_protection_act_2012_e857c5e9da_chunk_0033_ast"", ""personal_data_protection_act_2012_e857c5e9da_chunk_0034_ast"", ""personal_data_protection_act_2012_e857c5e9da_chunk_0035_ast"", ""personal_data_protection_act_2012_e857c5e9da_chunk_0036_ast"", ""personal_data_protection_act_2012_e857c5e9da_chunk_0037_ast"", ""personal_data_protection_act_2012_e857c5e9da_chunk_0038_ast"", ""personal_data_protection_act_2012_e857c5e9da_chunk_0039_ast"", ""personal_data_protection_act_2012_e857c5e9da_chunk_0040_ast"", ""personal_data_protection_act_2012_e857c5e9da_chunk_0041_ast"", ""personal_data_protection_act_2012_e857c5e9da_chunk_0042_ast"", ""personal_data_protection_act_2012_e857c5e9da_chunk_0043_ast"", ""personal_data_protection_act_2012_e857c5e9da_chunk_0044_ast""]",high,pending
synonym_7da38eb90f37,personal data,company,related_term,"[""personal_data_protection_amendment_act_2020_d7cc5937b1_chunk_0006_ast"", ""personal_data_protection_amendment_act_2020_d7cc5937b1_chunk_0007_ast"", ""personal_data_protection_amendment_act_2020_d7cc5937b1_chunk_0008_ast"", ""personal_data_protection_amendment_act_2020_d7cc5937b1_chunk_0009_ast"", ""personal_data_protection_amendment_act_2020_d7cc5937b1_chunk_0010_ast"", ""personal_data_protection_amendment_act_2020_d7cc5937b1_chunk_0011_ast"", ""personal_data_protection_amendment_act_2020_d7cc5937b1_chunk_0012_ast"", ""personal_data_protection_amendment_act_2020_d7cc5937b1_chunk_0013_ast"", ""personal_data_protection_amendment_act_2020_d7cc5937b1_chunk_0014_ast"", ""personal_data_protection_amendment_act_2020_d7cc5937b1_chunk_0015_ast"", ""personal_data_protection_amendment_act_2020_d7cc5937b1_chunk_0016_ast"", ""personal_data_protection_amendment_act_2020_d7cc5937b1_chunk_0017_ast"", ""personal_data_protection_amendment_act_2020_d7cc5937b1_chunk_0018_ast"", ""personal_data_protection_amendment_act_2020_d7cc5937b1_chunk_0019_ast"", ""personal_data_protection_amendment_act_2020_d7cc5937b1_chunk_0020_ast"", ""personal_data_protection_amendment_act_2020_d7cc5937b1_chunk_0021_ast"", ""personal_data_protection_amendment_act_2020_d7cc5937b1_chunk_0022_ast"", ""personal_data_protection_amendment_act_2020_d7cc5937b1_chunk_0025_ast"", ""personal_data_protection_amendment_act_2020_d7cc5937b1_chunk_0026_ast"", ""personal_data_protection_amendment_act_2020_d7cc5937b1_chunk_0029_ast"", ""personal_data_protection_amendment_act_2020_d7cc5937b1_chunk_0030_ast"", ""personal_data_protection_amendment_act_2020_d7cc5937b1_chunk_0032_ast"", ""personal_data_protection_amendment_act_2020_d7cc5937b1_chunk_0035_ast"", ""personal_data_protection_amendment_act_2020_d7cc5937b1_chunk_0036_ast"", ""personal_data_protection_amendment_act_2020_d7cc5937b1_chunk_0057_ast"", ""personal_data_protection_amendment_act_2020_d7cc5937b1_chunk_0058_ast"", ""personal_data_protection_amendment_act_2020_d7cc5937b1_chunk_0059_ast"", ""personal_data_protection_amendment_act_2020_d7cc5937b1_chunk_0060_ast"", ""personal_data_protection_amendment_act_2020_d7cc5937b1_chunk_0061_ast"", ""personal_data_protection_amendment_act_2020_d7cc5937b1_chunk_0062_ast"", ""personal_data_protection_amendment_act_2020_d7cc5937b1_chunk_0069_ast"", ""personal_data_protection_amendment_act_2020_d7cc5937b1_chunk_0070_ast"", ""personal_data_protection_amendment_act_2020_d7cc5937b1_chunk_0072_ast"", ""personal_data_protection_amendment_act_2020_d7cc5937b1_chunk_0074_ast"", ""personal_data_protection_amendment_act_2020_d7cc5937b1_chunk_0093_ast"", ""personal_data_protection_amendment_act_2020_d7cc5937b1_chunk_0096_ast"", ""personal_data_protection_amendment_act_2020_d7cc5937b1_chunk_0110_ast"", ""personal_data_protection_amendment_act_2020_d7cc5937b1_chunk_0113_ast"", ""personal_data_protection_amendment_act_2020_d7cc5937b1_chunk_0115_ast"", ""personal_data_protection_amendment_act_2020_d7cc5937b1_chunk_0116_ast"", ""personal_data_protection_amendment_act_2020_d7cc5937b1_chunk_0117_ast"", ""personal_data_protection_amendment_act_2020_d7cc5937b1_chunk_0118_ast"", ""personal_data_protection_amendment_act_2020_d7cc5937b1_chunk_0120_ast"", ""personal_data_protection_amendment_act_2020_d7cc5937b1_chunk_0121_ast"", ""personal_data_protection_amendment_act_2020_d7cc5937b1_chunk_0123_ast"", ""personal_data_protection_amendment_act_2020_d7cc5937b1_chunk_0125_ast"", ""personal_data_protection_amendment_act_2020_d7cc5937b1_chunk_0126_ast"", ""personal_data_protection_amendment_act_2020_d7cc5937b1_chunk_0127_ast"", ""personal_data_protection_amendment_act_2020_d7cc5937b1_chunk_0131_ast"", ""personal_data_protection_amendment_act_2020_d7cc5937b1_chunk_0132_ast"", ""personal_data_protection_amendment_act_2020_d7cc5937b1_chunk_0133_ast"", ""personal_data_protection_amendment_act_2020_d7cc5937b1_chunk_0135_ast"", ""personal_data_protection_amendment_act_2020_d7cc5937b1_chunk_0136_ast"", ""personal_data_protection_amendment_act_2020_d7cc5937b1_chunk_0141_ast"", ""personal_data_protection_amendment_act_2020_d7cc5937b1_chunk_0143_ast"", ""personal_data_protection_act_2012_e857c5e9da_chunk_0008_ast"", ""personal_data_protection_act_2012_e857c5e9da_chunk_0011_ast"", ""personal_data_protection_act_2012_e857c5e9da_chunk_0012_ast"", ""personal_data_protection_act_2012_e857c5e9da_chunk_0015_ast"", ""personal_data_protection_act_2012_e857c5e9da_chunk_0017_ast"", ""personal_data_protection_act_2012_e857c5e9da_chunk_0018_ast"", ""personal_data_protection_act_2012_e857c5e9da_chunk_0019_ast"", ""personal_data_protection_act_2012_e857c5e9da_chunk_0020_ast"", ""personal_data_protection_act_2012_e857c5e9da_chunk_0022_ast"", ""personal_data_protection_act_2012_e857c5e9da_chunk_0028_ast"", ""personal_data_protection_act_2012_e857c5e9da_chunk_0030_ast"", ""personal_data_protection_act_2012_e857c5e9da_chunk_0031_ast"", ""personal_data_protection_act_2012_e857c5e9da_chunk_0032_ast"", ""personal_data_protection_act_2012_e857c5e9da_chunk_0033_ast"", ""personal_data_protection_act_2012_e857c5e9da_chunk_0034_ast"", ""personal_data_protection_act_2012_e857c5e9da_chunk_0035_ast"", ""personal_data_protection_act_2012_e857c5e9da_chunk_0036_ast"", ""personal_data_protection_act_2012_e857c5e9da_chunk_0037_ast"", ""personal_data_protection_act_2012_e857c5e9da_chunk_0038_ast"", ""personal_data_protection_act_2012_e857c5e9da_chunk_0039_ast"", ""personal_data_protection_act_2012_e857c5e9da_chunk_0040_ast"", ""personal_data_protection_act_2012_e857c5e9da_chunk_0041_ast"", ""personal_data_protection_act_2012_e857c5e9da_chunk_0042_ast"", ""personal_data_protection_act_2012_e857c5e9da_chunk_0043_ast"", ""personal_data_protection_act_2012_e857c5e9da_chunk_0044_ast""]",high,pending
synonym_ce6185dacdb7,personal data,data subject,related_term,"[""personal_data_protection_amendment_act_2020_d7cc5937b1_chunk_0006_ast"", ""personal_data_protection_amendment_act_2020_d7cc5937b1_chunk_0007_ast"", ""personal_data_protection_amendment_act_2020_d7cc5937b1_chunk_0009_ast"", ""personal_data_protection_amendment_act_2020_d7cc5937b1_chunk_0010_ast"", ""personal_data_protection_amendment_act_2020_d7cc5937b1_chunk_0011_ast"", ""personal_data_protection_amendment_act_2020_d7cc5937b1_chunk_0012_ast"", ""personal_data_protection_amendment_act_2020_d7cc5937b1_chunk_0013_ast"", ""personal_data_protection_amendment_act_2020_d7cc5937b1_chunk_0014_ast"", ""personal_data_protection_amendment_act_2020_d7cc5937b1_chunk_0015_ast"", ""personal_data_protection_amendment_act_2020_d7cc5937b1_chunk_0016_ast"", ""personal_data_protection_amendment_act_2020_d7cc5937b1_chunk_0017_ast"", ""personal_data_protection_amendment_act_2020_d7cc5937b1_chunk_0018_ast"", ""personal_data_protection_amendment_act_2020_d7cc5937b1_chunk_0019_ast"", ""personal_data_protection_amendment_act_2020_d7cc5937b1_chunk_0020_ast"", ""personal_data_protection_amendment_act_2020_d7cc5937b1_chunk_0021_ast"", ""personal_data_protection_amendment_act_2020_d7cc5937b1_chunk_0023_ast"", ""personal_data_protection_amendment_act_2020_d7cc5937b1_chunk_0024_ast"", ""personal_data_protection_amendment_act_2020_d7cc5937b1_chunk_0025_ast"", ""personal_data_protection_amendment_act_2020_d7cc5937b1_chunk_0030_ast"", ""personal_data_protection_amendment_act_2020_d7cc5937b1_chunk_0032_ast"", ""personal_data_protection_amendment_act_2020_d7cc5937b1_chunk_0035_ast"", ""personal_data_protection_amendment_act_2020_d7cc5937b1_chunk_0036_ast"", ""personal_data_protection_amendment_act_2020_d7cc5937b1_chunk_0054_ast"", ""personal_data_protection_amendment_act_2020_d7cc5937b1_chunk_0056_ast"", ""personal_data_protection_amendment_act_2020_d7cc5937b1_chunk_0057_ast"", ""personal_data_protection_amendment_act_2020_d7cc5937b1_chunk_0060_ast"", ""personal_data_protection_amendment_act_2020_d7cc5937b1_chunk_0093_ast"", ""personal_data_protection_amendment_act_2020_d7cc5937b1_chunk_0096_ast"", ""personal_data_protection_amendment_act_2020_d7cc5937b1_chunk_0110_ast"", ""personal_data_protection_amendment_act_2020_d7cc5937b1_chunk_0111_ast"", ""personal_data_protection_amendment_act_2020_d7cc5937b1_chunk_0113_ast"", ""personal_data_protection_amendment_act_2020_d7cc5937b1_chunk_0115_ast"", ""personal_data_protection_amendment_act_2020_d7cc5937b1_chunk_0116_ast"", ""personal_data_protection_amendment_act_2020_d7cc5937b1_chunk_0117_ast"", ""personal_data_protection_amendment_act_2020_d7cc5937b1_chunk_0118_ast"", ""personal_data_protection_amendment_act_2020_d7cc5937b1_chunk_0120_ast"", ""personal_data_protection_amendment_act_2020_d7cc5937b1_chunk_0121_ast"", ""personal_data_protection_amendment_act_2020_d7cc5937b1_chunk_0123_ast"", ""personal_data_protection_amendment_act_2020_d7cc5937b1_chunk_0125_ast"", ""personal_data_protection_amendment_act_2020_d7cc5937b1_chunk_0127_ast"", ""personal_data_protection_amendment_act_2020_d7cc5937b1_chunk_0128_ast"", ""personal_data_protection_amendment_act_2020_d7cc5937b1_chunk_0129_ast"", ""personal_data_protection_amendment_act_2020_d7cc5937b1_chunk_0130_ast"", ""personal_data_protection_amendment_act_2020_d7cc5937b1_chunk_0131_ast"", ""personal_data_protection_amendment_act_2020_d7cc5937b1_chunk_0132_ast"", ""personal_data_protection_amendment_act_2020_d7cc5937b1_chunk_0133_ast"", ""personal_data_protection_amendment_act_2020_d7cc5937b1_chunk_0134_ast"", ""personal_data_protection_amendment_act_2020_d7cc5937b1_chunk_0135_ast"", ""personal_data_protection_amendment_act_2020_d7cc5937b1_chunk_0145_ast"", ""personal_data_protection_amendment_act_2020_d7cc5937b1_chunk_0146_ast"", ""personal_data_protection_amendment_act_2020_d7cc5937b1_chunk_0147_ast"", ""personal_data_protection_amendment_act_2020_d7cc5937b1_chunk_0148_ast"", ""personal_data_protection_amendment_act_2020_d7cc5937b1_chunk_0149_ast"", ""personal_data_protection_amendment_act_2020_d7cc5937b1_chunk_0151_ast"", ""personal_data_protection_amendment_act_2020_d7cc5937b1_chunk_0152_ast"", ""personal_data_protection_amendment_act_2020_d7cc5937b1_chunk_0161_ast"", ""personal_data_protection_amendment_act_2020_d7cc5937b1_chunk_0164_ast"", ""personal_data_protection_act_2012_e857c5e9da_chunk_0011_ast"", ""personal_data_protection_act_2012_e857c5e9da_chunk_0012_ast"", ""personal_data_protection_act_2012_e857c5e9da_chunk_0015_ast"", ""personal_data_protection_act_2012_e857c5e9da_chunk_0018_ast"", ""personal_data_protection_act_2012_e857c5e9da_chunk_0019_ast"", ""personal_data_protection_act_2012_e857c5e9da_chunk_0020_ast"", ""personal_data_protection_act_2012_e857c5e9da_chunk_0021_ast"", ""personal_data_protection_act_2012_e857c5e9da_chunk_0028_ast"", ""personal_data_protection_act_2012_e857c5e9da_chunk_0030_ast"", ""personal_data_protection_act_2012_e857c5e9da_chunk_0031_ast"", ""personal_data_protection_act_2012_e857c5e9da_chunk_0032_ast"", ""personal_data_protection_act_2012_e857c5e9da_chunk_0033_ast"", ""personal_data_protection_act_2012_e857c5e9da_chunk_0034_ast"", ""personal_data_protection_act_2012_e857c5e9da_chunk_0035_ast"", ""personal_data_protection_act_2012_e857c5e9da_chunk_0036_ast"", ""personal_data_protection_act_2012_e857c5e9da_chunk_0037_ast"", ""personal_data_protection_act_2012_e857c5e9da_chunk_0038_ast"", ""personal_data_protection_act_2012_e857c5e9da_chunk_0039_ast"", ""personal_data_protection_act_2012_e857c5e9da_chunk_0040_ast"", ""personal_data_protection_act_2012_e857c5e9da_chunk_0041_ast"", ""personal_data_protection_act_2012_e857c5e9da_chunk_0042_ast"", ""personal_data_protection_act_2012_e857c5e9da_chunk_0043_ast"", ""personal_data_protection_act_2012_e857c5e9da_chunk_0044_ast""]",high,pending
synonym_36d2fb9eaf83,personal data,data subject information,related_term,"[""entranslation_of_the_personal_data_protection_act_0_1c77b4099e_chunk_0001_ast"", ""entranslation_of_the_personal_data_protection_act_0_1c77b4099e_chunk_0002_ast"", ""entranslation_of_the_personal_data_protection_act_0_1c77b4099e_chunk_0003_ast"", ""entranslation_of_the_personal_data_protection_act_0_1c77b4099e_chunk_0004_ast"", ""entranslation_of_the_personal_data_protection_act_0_1c77b4099e_chunk_0005_ast"", ""entranslation_of_the_personal_data_protection_act_0_1c77b4099e_chunk_0006_ast"", ""entranslation_of_the_personal_data_protection_act_0_1c77b4099e_chunk_0008_ast"", ""entranslation_of_the_personal_data_protection_act_0_1c77b4099e_chunk_0009_ast"", ""entranslation_of_the_personal_data_protection_act_0_1c77b4099e_chunk_0010_ast"", ""entranslation_of_the_personal_data_protection_act_0_1c77b4099e_chunk_0019_ast"", ""entranslation_of_the_personal_data_protection_act_0_1c77b4099e_chunk_0020_ast"", ""entranslation_of_the_personal_data_protection_act_0_1c77b4099e_chunk_0021_ast"", ""entranslation_of_the_personal_data_protection_act_0_1c77b4099e_chunk_0022_ast"", ""entranslation_of_the_personal_data_protection_act_0_1c77b4099e_chunk_0023_ast"", ""entranslation_of_the_personal_data_protection_act_0_1c77b4099e_chunk_0025_ast"", ""entranslation_of_the_personal_data_protection_act_0_1c77b4099e_chunk_0026_ast"", ""entranslation_of_the_personal_data_protection_act_0_1c77b4099e_chunk_0027_ast"", ""entranslation_of_the_personal_data_protection_act_0_1c77b4099e_chunk_0029_ast"", ""entranslation_of_the_personal_data_protection_act_0_1c77b4099e_chunk_0030_ast"", ""entranslation_of_the_personal_data_protection_act_0_1c77b4099e_chunk_0031_ast"", ""entranslation_of_the_personal_data_protection_act_0_1c77b4099e_chunk_0032_ast"", ""entranslation_of_the_personal_data_protection_act_0_1c77b4099e_chunk_0034_ast"", ""entranslation_of_the_personal_data_protection_act_0_1c77b4099e_chunk_0035_ast"", ""entranslation_of_the_personal_data_protection_act_0_1c77b4099e_chunk_0036_ast"", ""entranslation_of_the_personal_data_protection_act_0_1c77b4099e_chunk_0037_ast"", ""entranslation_of_the_personal_data_protection_act_0_1c77b4099e_chunk_0038_ast"", ""entranslation_of_the_personal_data_protection_act_0_1c77b4099e_chunk_0039_ast"", ""entranslation_of_the_personal_data_protection_act_0_1c77b4099e_chunk_0040_ast"", ""entranslation_of_the_personal_data_protection_act_0_1c77b4099e_chunk_0041_ast"", ""entranslation_of_the_personal_data_protection_act_0_1c77b4099e_chunk_0042_ast"", ""entranslation_of_the_personal_data_protection_act_0_1c77b4099e_chunk_0043_ast"", ""entranslation_of_the_personal_data_protection_act_0_1c77b4099e_chunk_0044_ast"", ""entranslation_of_the_personal_data_protection_act_0_1c77b4099e_chunk_0045_ast"", ""entranslation_of_the_personal_data_protection_act_0_1c77b4099e_chunk_0046_ast"", ""entranslation_of_the_personal_data_protection_act_0_1c77b4099e_chunk_0047_ast"", ""entranslation_of_the_personal_data_protection_act_0_1c77b4099e_chunk_0048_ast"", ""entranslation_of_the_personal_data_protection_act_0_1c77b4099e_chunk_0049_ast"", ""entranslation_of_the_personal_data_protection_act_0_1c77b4099e_chunk_0050_ast"", ""entranslation_of_the_personal_data_protection_act_0_1c77b4099e_chunk_0052_ast"", ""entranslation_of_the_personal_data_protection_act_0_1c77b4099e_chunk_0053_ast"", ""entranslation_of_the_personal_data_protection_act_0_1c77b4099e_chunk_0054_ast"", ""entranslation_of_the_personal_data_protection_act_0_1c77b4099e_chunk_0055_ast"", ""entranslation_of_the_personal_data_protection_act_0_1c77b4099e_chunk_0056_ast"", ""entranslation_of_the_personal_data_protection_act_0_1c77b4099e_chunk_0057_ast"", ""entranslation_of_the_personal_data_protection_act_0_1c77b4099e_chunk_0058_ast"", ""entranslation_of_the_personal_data_protection_act_0_1c77b4099e_chunk_0059_ast"", ""entranslation_of_the_personal_data_protection_act_0_1c77b4099e_chunk_0060_ast"", ""entranslation_of_the_personal_data_protection_act_0_1c77b4099e_chunk_0061_ast"", ""entranslation_of_the_personal_data_protection_act_0_1c77b4099e_chunk_0062_ast"", ""entranslation_of_the_personal_data_protection_act_0_1c77b4099e_chunk_0063_ast"", ""entranslation_of_the_personal_data_protection_act_0_1c77b4099e_chunk_0064_ast"", ""entranslation_of_the_personal_data_protection_act_0_1c77b4099e_chunk_0065_ast"", ""entranslation_of_the_personal_data_protection_act_0_1c77b4099e_chunk_0066_ast"", ""entranslation_of_the_personal_data_protection_act_0_1c77b4099e_chunk_0067_ast"", ""entranslation_of_the_personal_data_protection_act_0_1c77b4099e_chunk_0068_ast"", ""entranslation_of_the_personal_data_protection_act_0_1c77b4099e_chunk_0069_ast"", ""entranslation_of_the_personal_data_protection_act_0_1c77b4099e_chunk_0070_ast"", ""entranslation_of_the_personal_data_protection_act_0_1c77b4099e_chunk_0071_ast"", ""entranslation_of_the_personal_data_protection_act_0_1c77b4099e_chunk_0072_ast"", ""entranslation_of_the_personal_data_protection_act_0_1c77b4099e_chunk_0077_ast"", ""entranslation_of_the_personal_data_protection_act_0_1c77b4099e_chunk_0078_ast"", ""entranslation_of_the_personal_data_protection_act_0_1c77b4099e_chunk_0079_ast"", ""entranslation_of_the_personal_data_protection_act_0_1c77b4099e_chunk_0080_ast"", ""entranslation_of_the_personal_data_protection_act_0_1c77b4099e_chunk_0081_ast"", ""entranslation_of_the_personal_data_protection_act_0_1c77b4099e_chunk_0084_ast"", ""entranslation_of_the_personal_data_protection_act_0_1c77b4099e_chunk_0086_ast"", ""entranslation_of_the_personal_data_protection_act_0_1c77b4099e_chunk_0088_ast"", ""entranslation_of_the_personal_data_protection_act_0_1c77b4099e_chunk_0089_ast"", ""entranslation_of_the_personal_data_protection_act_0_1c77b4099e_chunk_0093_ast"", ""entranslation_of_the_personal_data_protection_act_0_1c77b4099e_chunk_0095_ast"", ""entranslation_of_the_personal_data_protection_act_0_1c77b4099e_chunk_0099_ast"", ""entranslation_of_the_personal_data_protection_act_0_1c77b4099e_chunk_0102_ast"", ""entranslation_of_the_personal_data_protection_act_0_1c77b4099e_chunk_0103_ast"", ""entranslation_of_the_personal_data_protection_act_0_1c77b4099e_chunk_0104_ast"", ""entranslation_of_the_personal_data_protection_act_0_1c77b4099e_chunk_0105_ast"", ""entranslation_of_the_personal_data_protection_act_0_1c77b4099e_chunk_0107_ast"", ""entranslation_of_the_personal_data_protection_act_0_1c77b4099e_chunk_0108_ast"", ""entranslation_of_the_personal_data_protection_act_0_1c77b4099e_chunk_0112_ast"", ""entranslation_of_the_personal_data_protection_act_0_1c77b4099e_chunk_0116_ast"", ""entranslation_of_the_personal_data_protection_act_0_1c77b4099e_chunk_0117_ast""]",high,pending
synonym_723322c8f75c,Personal Data,data subject information,related_term,"[""entranslation_of_the_personal_data_protection_act_0_1c77b4099e_chunk_0008_ast""]",high,pending
synonym_91c68b820044,personal data,network security,related_term,"[""entranslation_of_the_personal_data_protection_act_0_1c77b4099e_chunk_0004_ast""]",high,pending
synonym_b0301ba49d17,personal data,organization,related_term,"[""personal_data_protection_amendment_act_2020_d7cc5937b1_chunk_0006_ast"", ""personal_data_protection_amendment_act_2020_d7cc5937b1_chunk_0007_ast"", ""personal_data_protection_amendment_act_2020_d7cc5937b1_chunk_0008_ast"", ""personal_data_protection_amendment_act_2020_d7cc5937b1_chunk_0009_ast"", ""personal_data_protection_amendment_act_2020_d7cc5937b1_chunk_0010_ast"", ""personal_data_protection_amendment_act_2020_d7cc5937b1_chunk_0011_ast"", ""personal_data_protection_amendment_act_2020_d7cc5937b1_chunk_0012_ast"", ""personal_data_protection_amendment_act_2020_d7cc5937b1_chunk_0013_ast"", ""personal_data_protection_amendment_act_2020_d7cc5937b1_chunk_0014_ast"", ""personal_data_protection_amendment_act_2020_d7cc5937b1_chunk_0015_ast"", ""personal_data_protection_amendment_act_2020_d7cc5937b1_chunk_0016_ast"", ""personal_data_protection_amendment_act_2020_d7cc5937b1_chunk_0017_ast"", ""personal_data_protection_amendment_act_2020_d7cc5937b1_chunk_0018_ast"", ""personal_data_protection_amendment_act_2020_d7cc5937b1_chunk_0019_ast"", ""personal_data_protection_amendment_act_2020_d7cc5937b1_chunk_0020_ast"", ""personal_data_protection_amendment_act_2020_d7cc5937b1_chunk_0021_ast"", ""personal_data_protection_amendment_act_2020_d7cc5937b1_chunk_0022_ast"", ""personal_data_protection_amendment_act_2020_d7cc5937b1_chunk_0025_ast"", ""personal_data_protection_amendment_act_2020_d7cc5937b1_chunk_0026_ast"", ""personal_data_protection_amendment_act_2020_d7cc5937b1_chunk_0029_ast"", ""personal_data_protection_amendment_act_2020_d7cc5937b1_chunk_0030_ast"", ""personal_data_protection_amendment_act_2020_d7cc5937b1_chunk_0032_ast"", ""personal_data_protection_amendment_act_2020_d7cc5937b1_chunk_0035_ast"", ""personal_data_protection_amendment_act_2020_d7cc5937b1_chunk_0036_ast"", ""personal_data_protection_amendment_act_2020_d7cc5937b1_chunk_0057_ast"", ""personal_data_protection_amendment_act_2020_d7cc5937b1_chunk_0058_ast"", ""personal_data_protection_amendment_act_2020_d7cc5937b1_chunk_0059_ast"", ""personal_data_protection_amendment_act_2020_d7cc5937b1_chunk_0060_ast"", ""personal_data_protection_amendment_act_2020_d7cc5937b1_chunk_0061_ast"", ""personal_data_protection_amendment_act_2020_d7cc5937b1_chunk_0062_ast"", ""personal_data_protection_amendment_act_2020_d7cc5937b1_chunk_0069_ast"", ""personal_data_protection_amendment_act_2020_d7cc5937b1_chunk_0070_ast"", ""personal_data_protection_amendment_act_2020_d7cc5937b1_chunk_0072_ast"", ""personal_data_protection_amendment_act_2020_d7cc5937b1_chunk_0074_ast"", ""personal_data_protection_amendment_act_2020_d7cc5937b1_chunk_0093_ast"", ""personal_data_protection_amendment_act_2020_d7cc5937b1_chunk_0096_ast"", ""personal_data_protection_amendment_act_2020_d7cc5937b1_chunk_0110_ast"", ""personal_data_protection_amendment_act_2020_d7cc5937b1_chunk_0113_ast"", ""personal_data_protection_amendment_act_2020_d7cc5937b1_chunk_0115_ast"", ""personal_data_protection_amendment_act_2020_d7cc5937b1_chunk_0116_ast"", ""personal_data_protection_amendment_act_2020_d7cc5937b1_chunk_0117_ast"", ""personal_data_protection_amendment_act_2020_d7cc5937b1_chunk_0118_ast"", ""personal_data_protection_amendment_act_2020_d7cc5937b1_chunk_0120_ast"", ""personal_data_protection_amendment_act_2020_d7cc5937b1_chunk_0121_ast"", ""personal_data_protection_amendment_act_2020_d7cc5937b1_chunk_0123_ast"", ""personal_data_protection_amendment_act_2020_d7cc5937b1_chunk_0125_ast"", ""personal_data_protection_amendment_act_2020_d7cc5937b1_chunk_0126_ast"", ""personal_data_protection_amendment_act_2020_d7cc5937b1_chunk_0127_ast"", ""personal_data_protection_amendment_act_2020_d7cc5937b1_chunk_0131_ast"", ""personal_data_protection_amendment_act_2020_d7cc5937b1_chunk_0132_ast"", ""personal_data_protection_amendment_act_2020_d7cc5937b1_chunk_0133_ast"", ""personal_data_protection_amendment_act_2020_d7cc5937b1_chunk_0135_ast"", ""personal_data_protection_amendment_act_2020_d7cc5937b1_chunk_0136_ast"", ""personal_data_protection_amendment_act_2020_d7cc5937b1_chunk_0141_ast"", ""personal_data_protection_amendment_act_2020_d7cc5937b1_chunk_0143_ast"", ""personal_data_protection_act_2012_e857c5e9da_chunk_0008_ast"", ""personal_data_protection_act_2012_e857c5e9da_chunk_0011_ast"", ""personal_data_protection_act_2012_e857c5e9da_chunk_0012_ast"", ""personal_data_protection_act_2012_e857c5e9da_chunk_0015_ast"", ""personal_data_protection_act_2012_e857c5e9da_chunk_0017_ast"", ""personal_data_protection_act_2012_e857c5e9da_chunk_0018_ast"", ""personal_data_protection_act_2012_e857c5e9da_chunk_0019_ast"", ""personal_data_protection_act_2012_e857c5e9da_chunk_0020_ast"", ""personal_data_protection_act_2012_e857c5e9da_chunk_0022_ast"", ""personal_data_protection_act_2012_e857c5e9da_chunk_0028_ast"", ""personal_data_protection_act_2012_e857c5e9da_chunk_0030_ast"", ""personal_data_protection_act_2012_e857c5e9da_chunk_0031_ast"", ""personal_data_protection_act_2012_e857c5e9da_chunk_0032_ast"", ""personal_data_protection_act_2012_e857c5e9da_chunk_0033_ast"", ""personal_data_protection_act_2012_e857c5e9da_chunk_0034_ast"", ""personal_data_protection_act_2012_e857c5e9da_chunk_0035_ast"", ""personal_data_protection_act_2012_e857c5e9da_chunk_0036_ast"", ""personal_data_protection_act_2012_e857c5e9da_chunk_0037_ast"", ""personal_data_protection_act_2012_e857c5e9da_chunk_0038_ast"", ""personal_data_protection_act_2012_e857c5e9da_chunk_0039_ast"", ""personal_data_protection_act_2012_e857c5e9da_chunk_0040_ast"", ""personal_data_protection_act_2012_e857c5e9da_chunk_0041_ast"", ""personal_data_protection_act_2012_e857c5e9da_chunk_0042_ast"", ""personal_data_protection_act_2012_e857c5e9da_chunk_0043_ast"", ""personal_data_protection_act_2012_e857c5e9da_chunk_0044_ast""]",high,pending
synonym_a571c899faea,personal data,permission,related_term,"[""entranslation_of_the_personal_data_protection_act_0_1c77b4099e_chunk_0002_ast"", ""entranslation_of_the_personal_data_protection_act_0_1c77b4099e_chunk_0021_ast"", ""entranslation_of_the_personal_data_protection_act_0_1c77b4099e_chunk_0022_ast"", ""entranslation_of_the_personal_data_protection_act_0_1c77b4099e_chunk_0023_ast"", ""entranslation_of_the_personal_data_protection_act_0_1c77b4099e_chunk_0025_ast"", ""entranslation_of_the_personal_data_protection_act_0_1c77b4099e_chunk_0026_ast"", ""entranslation_of_the_personal_data_protection_act_0_1c77b4099e_chunk_0029_ast"", ""entranslation_of_the_personal_data_protection_act_0_1c77b4099e_chunk_0030_ast"", ""entranslation_of_the_personal_data_protection_act_0_1c77b4099e_chunk_0031_ast"", ""entranslation_of_the_personal_data_protection_act_0_1c77b4099e_chunk_0034_ast"", ""entranslation_of_the_personal_data_protection_act_0_1c77b4099e_chunk_0037_ast"", ""entranslation_of_the_personal_data_protection_act_0_1c77b4099e_chunk_0038_ast"", ""entranslation_of_the_personal_data_protection_act_0_1c77b4099e_chunk_0039_ast"", ""entranslation_of_the_personal_data_protection_act_0_1c77b4099e_chunk_0042_ast"", ""entranslation_of_the_personal_data_protection_act_0_1c77b4099e_chunk_0044_ast"", ""entranslation_of_the_personal_data_protection_act_0_1c77b4099e_chunk_0046_ast"", ""entranslation_of_the_personal_data_protection_act_0_1c77b4099e_chunk_0048_ast"", ""entranslation_of_the_personal_data_protection_act_0_1c77b4099e_chunk_0053_ast"", ""entranslation_of_the_personal_data_protection_act_0_1c77b4099e_chunk_0105_ast"", ""entranslation_of_the_personal_data_protection_act_0_1c77b4099e_chunk_0107_ast"", ""entranslation_of_the_personal_data_protection_act_0_1c77b4099e_chunk_0116_ast"", ""personal_data_protection_amendment_act_2020_d7cc5937b1_chunk_0004_ast"", ""personal_data_protection_amendment_act_2020_d7cc5937b1_chunk_0009_ast"", ""personal_data_protection_amendment_act_2020_d7cc5937b1_chunk_0010_ast"", ""personal_data_protection_amendment_act_2020_d7cc5937b1_chunk_0012_ast"", ""personal_data_protection_amendment_act_2020_d7cc5937b1_chunk_0013_ast"", ""personal_data_protection_amendment_act_2020_d7cc5937b1_chunk_0014_ast"", ""personal_data_protection_amendment_act_2020_d7cc5937b1_chunk_0015_ast"", ""personal_data_protection_amendment_act_2020_d7cc5937b1_chunk_0016_ast"", ""personal_data_protection_amendment_act_2020_d7cc5937b1_chunk_0020_ast"", ""personal_data_protection_amendment_act_2020_d7cc5937b1_chunk_0036_ast"", ""personal_data_protection_amendment_act_2020_d7cc5937b1_chunk_0110_ast"", ""personal_data_protection_amendment_act_2020_d7cc5937b1_chunk_0111_ast"", ""personal_data_protection_amendment_act_2020_d7cc5937b1_chunk_0130_ast"", ""personal_data_protection_amendment_act_2020_d7cc5937b1_chunk_0133_ast"", ""personal_data_protection_amendment_act_2020_d7cc5937b1_chunk_0135_ast"", ""personal_data_protection_amendment_act_2020_d7cc5937b1_chunk_0143_ast"", ""personal_data_protection_act_2012_e857c5e9da_chunk_0002_ast"", ""personal_data_protection_act_2012_e857c5e9da_chunk_0007_ast"", ""personal_data_protection_act_2012_e857c5e9da_chunk_0030_ast"", ""personal_data_protection_act_2012_e857c5e9da_chunk_0031_ast"", ""personal_data_protection_act_2012_e857c5e9da_chunk_0032_ast"", ""personal_data_protection_act_2012_e857c5e9da_chunk_0033_ast"", ""personal_data_protection_act_2012_e857c5e9da_chunk_0035_ast"", ""personal_data_protection_act_2012_e857c5e9da_chunk_0036_ast"", ""personal_data_protection_act_2012_e857c5e9da_chunk_0037_ast"", ""personal_data_protection_act_2012_e857c5e9da_chunk_0038_ast"", ""personal_data_protection_act_2012_e857c5e9da_chunk_0039_ast"", ""personal_data_protection_act_2012_e857c5e9da_chunk_0040_ast"", ""personal_data_protection_act_2012_e857c5e9da_chunk_0041_ast"", ""personal_data_protection_act_2012_e857c5e9da_chunk_0042_ast"", ""personal_data_protection_act_2012_e857c5e9da_chunk_0043_ast"", ""personal_data_protection_act_2012_e857c5e9da_chunk_0044_ast"", ""personal_data_protection_act_2012_e857c5e9da_chunk_0047_ast"", ""personal_data_protection_act_2012_e857c5e9da_chunk_0050_ast"", ""personal_data_protection_act_2012_e857c5e9da_chunk_0087_ast"", ""personal_data_protection_act_2012_e857c5e9da_chunk_0157_ast"", ""personal_data_protection_act_2012_e857c5e9da_chunk_0158_ast"", ""personal_data_protection_act_2012_e857c5e9da_chunk_0177_ast"", ""personal_data_protection_act_2012_e857c5e9da_chunk_0180_ast"", ""personal_data_protection_act_2012_e857c5e9da_chunk_0182_ast"", ""personal_data_protection_act_2012_e857c5e9da_chunk_0184_ast""]",high,pending
synonym_150a18bdd9f7,personal data,person,related_term,"[""personal_data_protection_amendment_act_2020_d7cc5937b1_chunk_0006_ast"", ""personal_data_protection_amendment_act_2020_d7cc5937b1_chunk_0007_ast"", ""personal_data_protection_amendment_act_2020_d7cc5937b1_chunk_0009_ast"", ""personal_data_protection_amendment_act_2020_d7cc5937b1_chunk_0010_ast"", ""personal_data_protection_amendment_act_2020_d7cc5937b1_chunk_0011_ast"", ""personal_data_protection_amendment_act_2020_d7cc5937b1_chunk_0012_ast"", ""personal_data_protection_amendment_act_2020_d7cc5937b1_chunk_0013_ast"", ""personal_data_protection_amendment_act_2020_d7cc5937b1_chunk_0014_ast"", ""personal_data_protection_amendment_act_2020_d7cc5937b1_chunk_0015_ast"", ""personal_data_protection_amendment_act_2020_d7cc5937b1_chunk_0016_ast"", ""personal_data_protection_amendment_act_2020_d7cc5937b1_chunk_0017_ast"", ""personal_data_protection_amendment_act_2020_d7cc5937b1_chunk_0018_ast"", ""personal_data_protection_amendment_act_2020_d7cc5937b1_chunk_0019_ast"", ""personal_data_protection_amendment_act_2020_d7cc5937b1_chunk_0020_ast"", ""personal_data_protection_amendment_act_2020_d7cc5937b1_chunk_0021_ast"", ""personal_data_protection_amendment_act_2020_d7cc5937b1_chunk_0023_ast"", ""personal_data_protection_amendment_act_2020_d7cc5937b1_chunk_0024_ast"", ""personal_data_protection_amendment_act_2020_d7cc5937b1_chunk_0025_ast"", ""personal_data_protection_amendment_act_2020_d7cc5937b1_chunk_0030_ast"", ""personal_data_protection_amendment_act_2020_d7cc5937b1_chunk_0032_ast"", ""personal_data_protection_amendment_act_2020_d7cc5937b1_chunk_0035_ast"", ""personal_data_protection_amendment_act_2020_d7cc5937b1_chunk_0036_ast"", ""personal_data_protection_amendment_act_2020_d7cc5937b1_chunk_0054_ast"", ""personal_data_protection_amendment_act_2020_d7cc5937b1_chunk_0056_ast"", ""personal_data_protection_amendment_act_2020_d7cc5937b1_chunk_0057_ast"", ""personal_data_protection_amendment_act_2020_d7cc5937b1_chunk_0060_ast"", ""personal_data_protection_amendment_act_2020_d7cc5937b1_chunk_0093_ast"", ""personal_data_protection_amendment_act_2020_d7cc5937b1_chunk_0096_ast"", ""personal_data_protection_amendment_act_2020_d7cc5937b1_chunk_0110_ast"", ""personal_data_protection_amendment_act_2020_d7cc5937b1_chunk_0111_ast"", ""personal_data_protection_amendment_act_2020_d7cc5937b1_chunk_0113_ast"", ""personal_data_protection_amendment_act_2020_d7cc5937b1_chunk_0115_ast"", ""personal_data_protection_amendment_act_2020_d7cc5937b1_chunk_0116_ast"", ""personal_data_protection_amendment_act_2020_d7cc5937b1_chunk_0117_ast"", ""personal_data_protection_amendment_act_2020_d7cc5937b1_chunk_0118_ast"", ""personal_data_protection_amendment_act_2020_d7cc5937b1_chunk_0120_ast"", ""personal_data_protection_amendment_act_2020_d7cc5937b1_chunk_0121_ast"", ""personal_data_protection_amendment_act_2020_d7cc5937b1_chunk_0123_ast"", ""personal_data_protection_amendment_act_2020_d7cc5937b1_chunk_0125_ast"", ""personal_data_protection_amendment_act_2020_d7cc5937b1_chunk_0127_ast"", ""personal_data_protection_amendment_act_2020_d7cc5937b1_chunk_0128_ast"", ""personal_data_protection_amendment_act_2020_d7cc5937b1_chunk_0129_ast"", ""personal_data_protection_amendment_act_2020_d7cc5937b1_chunk_0130_ast"", ""personal_data_protection_amendment_act_2020_d7cc5937b1_chunk_0131_ast"", ""personal_data_protection_amendment_act_2020_d7cc5937b1_chunk_0132_ast"", ""personal_data_protection_amendment_act_2020_d7cc5937b1_chunk_0133_ast"", ""personal_data_protection_amendment_act_2020_d7cc5937b1_chunk_0134_ast"", ""personal_data_protection_amendment_act_2020_d7cc5937b1_chunk_0135_ast"", ""personal_data_protection_amendment_act_2020_d7cc5937b1_chunk_0145_ast"", ""personal_data_protection_amendment_act_2020_d7cc5937b1_chunk_0146_ast"", ""personal_data_protection_amendment_act_2020_d7cc5937b1_chunk_0147_ast"", ""personal_data_protection_amendment_act_2020_d7cc5937b1_chunk_0148_ast"", ""personal_data_protection_amendment_act_2020_d7cc5937b1_chunk_0149_ast"", ""personal_data_protection_amendment_act_2020_d7cc5937b1_chunk_0151_ast"", ""personal_data_protection_amendment_act_2020_d7cc5937b1_chunk_0152_ast"", ""personal_data_protection_amendment_act_2020_d7cc5937b1_chunk_0161_ast"", ""personal_data_protection_amendment_act_2020_d7cc5937b1_chunk_0164_ast"", ""personal_data_protection_act_2012_e857c5e9da_chunk_0011_ast"", ""personal_data_protection_act_2012_e857c5e9da_chunk_0012_ast"", ""personal_data_protection_act_2012_e857c5e9da_chunk_0015_ast"", ""personal_data_protection_act_2012_e857c5e9da_chunk_0018_ast"", ""personal_data_protection_act_2012_e857c5e9da_chunk_0019_ast"", ""personal_data_protection_act_2012_e857c5e9da_chunk_0020_ast"", ""personal_data_protection_act_2012_e857c5e9da_chunk_0021_ast"", ""personal_data_protection_act_2012_e857c5e9da_chunk_0028_ast"", ""personal_data_protection_act_2012_e857c5e9da_chunk_0030_ast"", ""personal_data_protection_act_2012_e857c5e9da_chunk_0031_ast"", ""personal_data_protection_act_2012_e857c5e9da_chunk_0032_ast"", ""personal_data_protection_act_2012_e857c5e9da_chunk_0033_ast"", ""personal_data_protection_act_2012_e857c5e9da_chunk_0034_ast"", ""personal_data_protection_act_2012_e857c5e9da_chunk_0035_ast"", ""personal_data_protection_act_2012_e857c5e9da_chunk_0036_ast"", ""personal_data_protection_act_2012_e857c5e9da_chunk_0037_ast"", ""personal_data_protection_act_2012_e857c5e9da_chunk_0038_ast"", ""personal_data_protection_act_2012_e857c5e9da_chunk_0039_ast"", ""personal_data_protection_act_2012_e857c5e9da_chunk_0040_ast"", ""personal_data_protection_act_2012_e857c5e9da_chunk_0041_ast"", ""personal_data_protection_act_2012_e857c5e9da_chunk_0042_ast"", ""personal_data_protection_act_2012_e857c5e9da_chunk_0043_ast"", ""personal_data_protection_act_2012_e857c5e9da_chunk_0044_ast""]",high,pending
synonym_51571cad5012,personal data,personal information,related_term,"[""entranslation_of_the_personal_data_protection_act_0_1c77b4099e_chunk_0001_ast"", ""entranslation_of_the_personal_data_protection_act_0_1c77b4099e_chunk_0002_ast"", ""entranslation_of_the_personal_data_protection_act_0_1c77b4099e_chunk_0003_ast"", ""entranslation_of_the_personal_data_protection_act_0_1c77b4099e_chunk_0004_ast"", ""entranslation_of_the_personal_data_protection_act_0_1c77b4099e_chunk_0005_ast"", ""entranslation_of_the_personal_data_protection_act_0_1c77b4099e_chunk_0006_ast"", ""entranslation_of_the_personal_data_protection_act_0_1c77b4099e_chunk_0008_ast"", ""entranslation_of_the_personal_data_protection_act_0_1c77b4099e_chunk_0009_ast"", ""entranslation_of_the_personal_data_protection_act_0_1c77b4099e_chunk_0010_ast"", ""entranslation_of_the_personal_data_protection_act_0_1c77b4099e_chunk_0019_ast"", ""entranslation_of_the_personal_data_protection_act_0_1c77b4099e_chunk_0020_ast"", ""entranslation_of_the_personal_data_protection_act_0_1c77b4099e_chunk_0021_ast"", ""entranslation_of_the_personal_data_protection_act_0_1c77b4099e_chunk_0022_ast"", ""entranslation_of_the_personal_data_protection_act_0_1c77b4099e_chunk_0023_ast"", ""entranslation_of_the_personal_data_protection_act_0_1c77b4099e_chunk_0025_ast"", ""entranslation_of_the_personal_data_protection_act_0_1c77b4099e_chunk_0026_ast"", ""entranslation_of_the_personal_data_protection_act_0_1c77b4099e_chunk_0027_ast"", ""entranslation_of_the_personal_data_protection_act_0_1c77b4099e_chunk_0029_ast"", ""entranslation_of_the_personal_data_protection_act_0_1c77b4099e_chunk_0030_ast"", ""entranslation_of_the_personal_data_protection_act_0_1c77b4099e_chunk_0031_ast"", ""entranslation_of_the_personal_data_protection_act_0_1c77b4099e_chunk_0032_ast"", ""entranslation_of_the_personal_data_protection_act_0_1c77b4099e_chunk_0034_ast"", ""entranslation_of_the_personal_data_protection_act_0_1c77b4099e_chunk_0035_ast"", ""entranslation_of_the_personal_data_protection_act_0_1c77b4099e_chunk_0036_ast"", ""entranslation_of_the_personal_data_protection_act_0_1c77b4099e_chunk_0037_ast"", ""entranslation_of_the_personal_data_protection_act_0_1c77b4099e_chunk_0038_ast"", ""entranslation_of_the_personal_data_protection_act_0_1c77b4099e_chunk_0039_ast"", ""entranslation_of_the_personal_data_protection_act_0_1c77b4099e_chunk_0040_ast"", ""entranslation_of_the_personal_data_protection_act_0_1c77b4099e_chunk_0041_ast"", ""entranslation_of_the_personal_data_protection_act_0_1c77b4099e_chunk_0042_ast"", ""entranslation_of_the_personal_data_protection_act_0_1c77b4099e_chunk_0043_ast"", ""entranslation_of_the_personal_data_protection_act_0_1c77b4099e_chunk_0044_ast"", ""entranslation_of_the_personal_data_protection_act_0_1c77b4099e_chunk_0045_ast"", ""entranslation_of_the_personal_data_protection_act_0_1c77b4099e_chunk_0046_ast"", ""entranslation_of_the_personal_data_protection_act_0_1c77b4099e_chunk_0047_ast"", ""entranslation_of_the_personal_data_protection_act_0_1c77b4099e_chunk_0048_ast"", ""entranslation_of_the_personal_data_protection_act_0_1c77b4099e_chunk_0049_ast"", ""entranslation_of_the_personal_data_protection_act_0_1c77b4099e_chunk_0050_ast"", ""entranslation_of_the_personal_data_protection_act_0_1c77b4099e_chunk_0052_ast"", ""entranslation_of_the_personal_data_protection_act_0_1c77b4099e_chunk_0053_ast"", ""entranslation_of_the_personal_data_protection_act_0_1c77b4099e_chunk_0054_ast"", ""entranslation_of_the_personal_data_protection_act_0_1c77b4099e_chunk_0055_ast"", ""entranslation_of_the_personal_data_protection_act_0_1c77b4099e_chunk_0056_ast"", ""entranslation_of_the_personal_data_protection_act_0_1c77b4099e_chunk_0057_ast"", ""entranslation_of_the_personal_data_protection_act_0_1c77b4099e_chunk_0058_ast"", ""entranslation_of_the_personal_data_protection_act_0_1c77b4099e_chunk_0059_ast"", ""entranslation_of_the_personal_data_protection_act_0_1c77b4099e_chunk_0060_ast"", ""entranslation_of_the_personal_data_protection_act_0_1c77b4099e_chunk_0061_ast"", ""entranslation_of_the_personal_data_protection_act_0_1c77b4099e_chunk_0062_ast"", ""entranslation_of_the_personal_data_protection_act_0_1c77b4099e_chunk_0063_ast"", ""entranslation_of_the_personal_data_protection_act_0_1c77b4099e_chunk_0064_ast"", ""entranslation_of_the_personal_data_protection_act_0_1c77b4099e_chunk_0065_ast"", ""entranslation_of_the_personal_data_protection_act_0_1c77b4099e_chunk_0066_ast"", ""entranslation_of_the_personal_data_protection_act_0_1c77b4099e_chunk_0067_ast"", ""entranslation_of_the_personal_data_protection_act_0_1c77b4099e_chunk_0068_ast"", ""entranslation_of_the_personal_data_protection_act_0_1c77b4099e_chunk_0069_ast"", ""entranslation_of_the_personal_data_protection_act_0_1c77b4099e_chunk_0070_ast"", ""entranslation_of_the_personal_data_protection_act_0_1c77b4099e_chunk_0071_ast"", ""entranslation_of_the_personal_data_protection_act_0_1c77b4099e_chunk_0072_ast"", ""entranslation_of_the_personal_data_protection_act_0_1c77b4099e_chunk_0077_ast"", ""entranslation_of_the_personal_data_protection_act_0_1c77b4099e_chunk_0078_ast"", ""entranslation_of_the_personal_data_protection_act_0_1c77b4099e_chunk_0079_ast"", ""entranslation_of_the_personal_data_protection_act_0_1c77b4099e_chunk_0080_ast"", ""entranslation_of_the_personal_data_protection_act_0_1c77b4099e_chunk_0081_ast"", ""entranslation_of_the_personal_data_protection_act_0_1c77b4099e_chunk_0084_ast"", ""entranslation_of_the_personal_data_protection_act_0_1c77b4099e_chunk_0086_ast"", ""entranslation_of_the_personal_data_protection_act_0_1c77b4099e_chunk_0088_ast"", ""entranslation_of_the_personal_data_protection_act_0_1c77b4099e_chunk_0089_ast"", ""entranslation_of_the_personal_data_protection_act_0_1c77b4099e_chunk_0093_ast"", ""entranslation_of_the_personal_data_protection_act_0_1c77b4099e_chunk_0095_ast"", ""entranslation_of_the_personal_data_protection_act_0_1c77b4099e_chunk_0099_ast"", ""entranslation_of_the_personal_data_protection_act_0_1c77b4099e_chunk_0102_ast"", ""entranslation_of_the_personal_data_protection_act_0_1c77b4099e_chunk_0103_ast"", ""entranslation_of_the_personal_data_protection_act_0_1c77b4099e_chunk_0104_ast"", ""entranslation_of_the_personal_data_protection_act_0_1c77b4099e_chunk_0105_ast"", ""entranslation_of_the_personal_data_protection_act_0_1c77b4099e_chunk_0107_ast"", ""entranslation_of_the_personal_data_protection_act_0_1c77b4099e_chunk_0108_ast"", ""entranslation_of_the_personal_data_protection_act_0_1c77b4099e_chunk_0112_ast"", ""entranslation_of_the_personal_data_protection_act_0_1c77b4099e_chunk_0116_ast"", ""entranslation_of_the_personal_data_protection_act_0_1c77b4099e_chunk_0117_ast""]",high,pending
synonym_1dd3b1bad618,Personal Data,personal information,related_term,"[""entranslation_of_the_personal_data_protection_act_0_1c77b4099e_chunk_0008_ast""]",high,pending
synonym_ebaa60d4dd45,personal data,personal information,synonym,"[""entranslation_of_the_personal_data_protection_act_0_1c77b4099e_chunk_0001_ast"", ""entranslation_of_the_personal_data_protection_act_0_1c77b4099e_chunk_0002_ast"", ""entranslation_of_the_personal_data_protection_act_0_1c77b4099e_chunk_0003_ast"", ""entranslation_of_the_personal_data_protection_act_0_1c77b4099e_chunk_0004_ast"", ""entranslation_of_the_personal_data_protection_act_0_1c77b4099e_chunk_0005_ast"", ""entranslation_of_the_personal_data_protection_act_0_1c77b4099e_chunk_0006_ast"", ""entranslation_of_the_personal_data_protection_act_0_1c77b4099e_chunk_0008_ast"", ""entranslation_of_the_personal_data_protection_act_0_1c77b4099e_chunk_0009_ast"", ""entranslation_of_the_personal_data_protection_act_0_1c77b4099e_chunk_0010_ast"", ""entranslation_of_the_personal_data_protection_act_0_1c77b4099e_chunk_0019_ast"", ""entranslation_of_the_personal_data_protection_act_0_1c77b4099e_chunk_0020_ast"", ""entranslation_of_the_personal_data_protection_act_0_1c77b4099e_chunk_0021_ast"", ""entranslation_of_the_personal_data_protection_act_0_1c77b4099e_chunk_0022_ast"", ""entranslation_of_the_personal_data_protection_act_0_1c77b4099e_chunk_0023_ast"", ""entranslation_of_the_personal_data_protection_act_0_1c77b4099e_chunk_0025_ast"", ""entranslation_of_the_personal_data_protection_act_0_1c77b4099e_chunk_0026_ast"", ""entranslation_of_the_personal_data_protection_act_0_1c77b4099e_chunk_0027_ast"", ""entranslation_of_the_personal_data_protection_act_0_1c77b4099e_chunk_0029_ast"", ""entranslation_of_the_personal_data_protection_act_0_1c77b4099e_chunk_0030_ast"", ""entranslation_of_the_personal_data_protection_act_0_1c77b4099e_chunk_0031_ast"", ""entranslation_of_the_personal_data_protection_act_0_1c77b4099e_chunk_0032_ast"", ""entranslation_of_the_personal_data_protection_act_0_1c77b4099e_chunk_0034_ast"", ""entranslation_of_the_personal_data_protection_act_0_1c77b4099e_chunk_0035_ast"", ""entranslation_of_the_personal_data_protection_act_0_1c77b4099e_chunk_0036_ast"", ""entranslation_of_the_personal_data_protection_act_0_1c77b4099e_chunk_0037_ast"", ""entranslation_of_the_personal_data_protection_act_0_1c77b4099e_chunk_0038_ast"", ""entranslation_of_the_personal_data_protection_act_0_1c77b4099e_chunk_0039_ast"", ""entranslation_of_the_personal_data_protection_act_0_1c77b4099e_chunk_0040_ast"", ""entranslation_of_the_personal_data_protection_act_0_1c77b4099e_chunk_0041_ast"", ""entranslation_of_the_personal_data_protection_act_0_1c77b4099e_chunk_0042_ast"", ""entranslation_of_the_personal_data_protection_act_0_1c77b4099e_chunk_0043_ast"", ""entranslation_of_the_personal_data_protection_act_0_1c77b4099e_chunk_0044_ast"", ""entranslation_of_the_personal_data_protection_act_0_1c77b4099e_chunk_0045_ast"", ""entranslation_of_the_personal_data_protection_act_0_1c77b4099e_chunk_0046_ast"", ""entranslation_of_the_personal_data_protection_act_0_1c77b4099e_chunk_0047_ast"", ""entranslation_of_the_personal_data_protection_act_0_1c77b4099e_chunk_0048_ast"", ""entranslation_of_the_personal_data_protection_act_0_1c77b4099e_chunk_0049_ast"", ""entranslation_of_the_personal_data_protection_act_0_1c77b4099e_chunk_0050_ast"", ""entranslation_of_the_personal_data_protection_act_0_1c77b4099e_chunk_0052_ast"", ""entranslation_of_the_personal_data_protection_act_0_1c77b4099e_chunk_0053_ast"", ""entranslation_of_the_personal_data_protection_act_0_1c77b4099e_chunk_0054_ast"", ""entranslation_of_the_personal_data_protection_act_0_1c77b4099e_chunk_0055_ast"", ""entranslation_of_the_personal_data_protection_act_0_1c77b4099e_chunk_0056_ast"", ""entranslation_of_the_personal_data_protection_act_0_1c77b4099e_chunk_0057_ast"", ""entranslation_of_the_personal_data_protection_act_0_1c77b4099e_chunk_0058_ast"", ""entranslation_of_the_personal_data_protection_act_0_1c77b4099e_chunk_0059_ast"", ""entranslation_of_the_personal_data_protection_act_0_1c77b4099e_chunk_0060_ast"", ""entranslation_of_the_personal_data_protection_act_0_1c77b4099e_chunk_0061_ast"", ""entranslation_of_the_personal_data_protection_act_0_1c77b4099e_chunk_0062_ast"", ""entranslation_of_the_personal_data_protection_act_0_1c77b4099e_chunk_0063_ast"", ""entranslation_of_the_personal_data_protection_act_0_1c77b4099e_chunk_0064_ast"", ""entranslation_of_the_personal_data_protection_act_0_1c77b4099e_chunk_0065_ast"", ""entranslation_of_the_personal_data_protection_act_0_1c77b4099e_chunk_0066_ast"", ""entranslation_of_the_personal_data_protection_act_0_1c77b4099e_chunk_0067_ast"", ""entranslation_of_the_personal_data_protection_act_0_1c77b4099e_chunk_0068_ast"", ""entranslation_of_the_personal_data_protection_act_0_1c77b4099e_chunk_0069_ast"", ""entranslation_of_the_personal_data_protection_act_0_1c77b4099e_chunk_0070_ast"", ""entranslation_of_the_personal_data_protection_act_0_1c77b4099e_chunk_0071_ast"", ""entranslation_of_the_personal_data_protection_act_0_1c77b4099e_chunk_0072_ast"", ""entranslation_of_the_personal_data_protection_act_0_1c77b4099e_chunk_0077_ast"", ""entranslation_of_the_personal_data_protection_act_0_1c77b4099e_chunk_0078_ast"", ""entranslation_of_the_personal_data_protection_act_0_1c77b4099e_chunk_0079_ast"", ""entranslation_of_the_personal_data_protection_act_0_1c77b4099e_chunk_0080_ast"", ""entranslation_of_the_personal_data_protection_act_0_1c77b4099e_chunk_0081_ast"", ""entranslation_of_the_personal_data_protection_act_0_1c77b4099e_chunk_0084_ast"", ""entranslation_of_the_personal_data_protection_act_0_1c77b4099e_chunk_0086_ast"", ""entranslation_of_the_personal_data_protection_act_0_1c77b4099e_chunk_0088_ast"", ""entranslation_of_the_personal_data_protection_act_0_1c77b4099e_chunk_0089_ast"", ""entranslation_of_the_personal_data_protection_act_0_1c77b4099e_chunk_0093_ast"", ""entranslation_of_the_personal_data_protection_act_0_1c77b4099e_chunk_0095_ast"", ""entranslation_of_the_personal_data_protection_act_0_1c77b4099e_chunk_0099_ast"", ""entranslation_of_the_personal_data_protection_act_0_1c77b4099e_chunk_0102_ast"", ""entranslation_of_the_personal_data_protection_act_0_1c77b4099e_chunk_0103_ast"", ""entranslation_of_the_personal_data_protection_act_0_1c77b4099e_chunk_0104_ast"", ""entranslation_of_the_personal_data_protection_act_0_1c77b4099e_chunk_0105_ast"", ""entranslation_of_the_personal_data_protection_act_0_1c77b4099e_chunk_0107_ast"", ""entranslation_of_the_personal_data_protection_act_0_1c77b4099e_chunk_0108_ast"", ""entranslation_of_the_personal_data_protection_act_0_1c77b4099e_chunk_0112_ast"", ""entranslation_of_the_personal_data_protection_act_0_1c77b4099e_chunk_0116_ast"", ""entranslation_of_the_personal_data_protection_act_0_1c77b4099e_chunk_0117_ast""]",high,pending
synonym_f789a314db46,personal data,个人信息,related_term,"[""entranslation_of_the_personal_data_protection_act_0_1c77b4099e_chunk_0001_ast"", ""entranslation_of_the_personal_data_protection_act_0_1c77b4099e_chunk_0002_ast"", ""entranslation_of_the_personal_data_protection_act_0_1c77b4099e_chunk_0003_ast"", ""entranslation_of_the_personal_data_protection_act_0_1c77b4099e_chunk_0004_ast"", ""entranslation_of_the_personal_data_protection_act_0_1c77b4099e_chunk_0005_ast"", ""entranslation_of_the_personal_data_protection_act_0_1c77b4099e_chunk_0006_ast"", ""entranslation_of_the_personal_data_protection_act_0_1c77b4099e_chunk_0008_ast"", ""entranslation_of_the_personal_data_protection_act_0_1c77b4099e_chunk_0009_ast"", ""entranslation_of_the_personal_data_protection_act_0_1c77b4099e_chunk_0010_ast"", ""entranslation_of_the_personal_data_protection_act_0_1c77b4099e_chunk_0019_ast"", ""entranslation_of_the_personal_data_protection_act_0_1c77b4099e_chunk_0020_ast"", ""entranslation_of_the_personal_data_protection_act_0_1c77b4099e_chunk_0021_ast"", ""entranslation_of_the_personal_data_protection_act_0_1c77b4099e_chunk_0022_ast"", ""entranslation_of_the_personal_data_protection_act_0_1c77b4099e_chunk_0023_ast"", ""entranslation_of_the_personal_data_protection_act_0_1c77b4099e_chunk_0025_ast"", ""entranslation_of_the_personal_data_protection_act_0_1c77b4099e_chunk_0026_ast"", ""entranslation_of_the_personal_data_protection_act_0_1c77b4099e_chunk_0027_ast"", ""entranslation_of_the_personal_data_protection_act_0_1c77b4099e_chunk_0029_ast"", ""entranslation_of_the_personal_data_protection_act_0_1c77b4099e_chunk_0030_ast"", ""entranslation_of_the_personal_data_protection_act_0_1c77b4099e_chunk_0031_ast"", ""entranslation_of_the_personal_data_protection_act_0_1c77b4099e_chunk_0032_ast"", ""entranslation_of_the_personal_data_protection_act_0_1c77b4099e_chunk_0034_ast"", ""entranslation_of_the_personal_data_protection_act_0_1c77b4099e_chunk_0035_ast"", ""entranslation_of_the_personal_data_protection_act_0_1c77b4099e_chunk_0036_ast"", ""entranslation_of_the_personal_data_protection_act_0_1c77b4099e_chunk_0037_ast"", ""entranslation_of_the_personal_data_protection_act_0_1c77b4099e_chunk_0038_ast"", ""entranslation_of_the_personal_data_protection_act_0_1c77b4099e_chunk_0039_ast"", ""entranslation_of_the_personal_data_protection_act_0_1c77b4099e_chunk_0040_ast"", ""entranslation_of_the_personal_data_protection_act_0_1c77b4099e_chunk_0041_ast"", ""entranslation_of_the_personal_data_protection_act_0_1c77b4099e_chunk_0042_ast"", ""entranslation_of_the_personal_data_protection_act_0_1c77b4099e_chunk_0043_ast"", ""entranslation_of_the_personal_data_protection_act_0_1c77b4099e_chunk_0044_ast"", ""entranslation_of_the_personal_data_protection_act_0_1c77b4099e_chunk_0045_ast"", ""entranslation_of_the_personal_data_protection_act_0_1c77b4099e_chunk_0046_ast"", ""entranslation_of_the_personal_data_protection_act_0_1c77b4099e_chunk_0047_ast"", ""entranslation_of_the_personal_data_protection_act_0_1c77b4099e_chunk_0048_ast"", ""entranslation_of_the_personal_data_protection_act_0_1c77b4099e_chunk_0049_ast"", ""entranslation_of_the_personal_data_protection_act_0_1c77b4099e_chunk_0050_ast"", ""entranslation_of_the_personal_data_protection_act_0_1c77b4099e_chunk_0052_ast"", ""entranslation_of_the_personal_data_protection_act_0_1c77b4099e_chunk_0053_ast"", ""entranslation_of_the_personal_data_protection_act_0_1c77b4099e_chunk_0054_ast"", ""entranslation_of_the_personal_data_protection_act_0_1c77b4099e_chunk_0055_ast"", ""entranslation_of_the_personal_data_protection_act_0_1c77b4099e_chunk_0056_ast"", ""entranslation_of_the_personal_data_protection_act_0_1c77b4099e_chunk_0057_ast"", ""entranslation_of_the_personal_data_protection_act_0_1c77b4099e_chunk_0058_ast"", ""entranslation_of_the_personal_data_protection_act_0_1c77b4099e_chunk_0059_ast"", ""entranslation_of_the_personal_data_protection_act_0_1c77b4099e_chunk_0060_ast"", ""entranslation_of_the_personal_data_protection_act_0_1c77b4099e_chunk_0061_ast"", ""entranslation_of_the_personal_data_protection_act_0_1c77b4099e_chunk_0062_ast"", ""entranslation_of_the_personal_data_protection_act_0_1c77b4099e_chunk_0063_ast"", ""entranslation_of_the_personal_data_protection_act_0_1c77b4099e_chunk_0064_ast"", ""entranslation_of_the_personal_data_protection_act_0_1c77b4099e_chunk_0065_ast"", ""entranslation_of_the_personal_data_protection_act_0_1c77b4099e_chunk_0066_ast"", ""entranslation_of_the_personal_data_protection_act_0_1c77b4099e_chunk_0067_ast"", ""entranslation_of_the_personal_data_protection_act_0_1c77b4099e_chunk_0068_ast"", ""entranslation_of_the_personal_data_protection_act_0_1c77b4099e_chunk_0069_ast"", ""entranslation_of_the_personal_data_protection_act_0_1c77b4099e_chunk_0070_ast"", ""entranslation_of_the_personal_data_protection_act_0_1c77b4099e_chunk_0071_ast"", ""entranslation_of_the_personal_data_protection_act_0_1c77b4099e_chunk_0072_ast"", ""entranslation_of_the_personal_data_protection_act_0_1c77b4099e_chunk_0077_ast"", ""entranslation_of_the_personal_data_protection_act_0_1c77b4099e_chunk_0078_ast"", ""entranslation_of_the_personal_data_protection_act_0_1c77b4099e_chunk_0079_ast"", ""entranslation_of_the_personal_data_protection_act_0_1c77b4099e_chunk_0080_ast"", ""entranslation_of_the_personal_data_protection_act_0_1c77b4099e_chunk_0081_ast"", ""entranslation_of_the_personal_data_protection_act_0_1c77b4099e_chunk_0084_ast"", ""entranslation_of_the_personal_data_protection_act_0_1c77b4099e_chunk_0086_ast"", ""entranslation_of_the_personal_data_protection_act_0_1c77b4099e_chunk_0088_ast"", ""entranslation_of_the_personal_data_protection_act_0_1c77b4099e_chunk_0089_ast"", ""entranslation_of_the_personal_data_protection_act_0_1c77b4099e_chunk_0093_ast"", ""entranslation_of_the_personal_data_protection_act_0_1c77b4099e_chunk_0095_ast"", ""entranslation_of_the_personal_data_protection_act_0_1c77b4099e_chunk_0099_ast"", ""entranslation_of_the_personal_data_protection_act_0_1c77b4099e_chunk_0102_ast"", ""entranslation_of_the_personal_data_protection_act_0_1c77b4099e_chunk_0103_ast"", ""entranslation_of_the_personal_data_protection_act_0_1c77b4099e_chunk_0104_ast"", ""entranslation_of_the_personal_data_protection_act_0_1c77b4099e_chunk_0105_ast"", ""entranslation_of_the_personal_data_protection_act_0_1c77b4099e_chunk_0107_ast"", ""entranslation_of_the_personal_data_protection_act_0_1c77b4099e_chunk_0108_ast"", ""entranslation_of_the_personal_data_protection_act_0_1c77b4099e_chunk_0112_ast"", ""entranslation_of_the_personal_data_protection_act_0_1c77b4099e_chunk_0116_ast"", ""entranslation_of_the_personal_data_protection_act_0_1c77b4099e_chunk_0117_ast""]",high,pending
synonym_ad6ed770edee,Personal Data,个人信息,related_term,"[""entranslation_of_the_personal_data_protection_act_0_1c77b4099e_chunk_0008_ast""]",high,pending
synonym_289c9349202a,personal data,个人信息,synonym,"[""entranslation_of_the_personal_data_protection_act_0_1c77b4099e_chunk_0001_ast"", ""entranslation_of_the_personal_data_protection_act_0_1c77b4099e_chunk_0002_ast"", ""entranslation_of_the_personal_data_protection_act_0_1c77b4099e_chunk_0003_ast"", ""entranslation_of_the_personal_data_protection_act_0_1c77b4099e_chunk_0004_ast"", ""entranslation_of_the_personal_data_protection_act_0_1c77b4099e_chunk_0005_ast"", ""entranslation_of_the_personal_data_protection_act_0_1c77b4099e_chunk_0006_ast"", ""entranslation_of_the_personal_data_protection_act_0_1c77b4099e_chunk_0008_ast"", ""entranslation_of_the_personal_data_protection_act_0_1c77b4099e_chunk_0009_ast"", ""entranslation_of_the_personal_data_protection_act_0_1c77b4099e_chunk_0010_ast"", ""entranslation_of_the_personal_data_protection_act_0_1c77b4099e_chunk_0019_ast"", ""entranslation_of_the_personal_data_protection_act_0_1c77b4099e_chunk_0020_ast"", ""entranslation_of_the_personal_data_protection_act_0_1c77b4099e_chunk_0021_ast"", ""entranslation_of_the_personal_data_protection_act_0_1c77b4099e_chunk_0022_ast"", ""entranslation_of_the_personal_data_protection_act_0_1c77b4099e_chunk_0023_ast"", ""entranslation_of_the_personal_data_protection_act_0_1c77b4099e_chunk_0025_ast"", ""entranslation_of_the_personal_data_protection_act_0_1c77b4099e_chunk_0026_ast"", ""entranslation_of_the_personal_data_protection_act_0_1c77b4099e_chunk_0027_ast"", ""entranslation_of_the_personal_data_protection_act_0_1c77b4099e_chunk_0029_ast"", ""entranslation_of_the_personal_data_protection_act_0_1c77b4099e_chunk_0030_ast"", ""entranslation_of_the_personal_data_protection_act_0_1c77b4099e_chunk_0031_ast"", ""entranslation_of_the_personal_data_protection_act_0_1c77b4099e_chunk_0032_ast"", ""entranslation_of_the_personal_data_protection_act_0_1c77b4099e_chunk_0034_ast"", ""entranslation_of_the_personal_data_protection_act_0_1c77b4099e_chunk_0035_ast"", ""entranslation_of_the_personal_data_protection_act_0_1c77b4099e_chunk_0036_ast"", ""entranslation_of_the_personal_data_protection_act_0_1c77b4099e_chunk_0037_ast"", ""entranslation_of_the_personal_data_protection_act_0_1c77b4099e_chunk_0038_ast"", ""entranslation_of_the_personal_data_protection_act_0_1c77b4099e_chunk_0039_ast"", ""entranslation_of_the_personal_data_protection_act_0_1c77b4099e_chunk_0040_ast"", ""entranslation_of_the_personal_data_protection_act_0_1c77b4099e_chunk_0041_ast"", ""entranslation_of_the_personal_data_protection_act_0_1c77b4099e_chunk_0042_ast"", ""entranslation_of_the_personal_data_protection_act_0_1c77b4099e_chunk_0043_ast"", ""entranslation_of_the_personal_data_protection_act_0_1c77b4099e_chunk_0044_ast"", ""entranslation_of_the_personal_data_protection_act_0_1c77b4099e_chunk_0045_ast"", ""entranslation_of_the_personal_data_protection_act_0_1c77b4099e_chunk_0046_ast"", ""entranslation_of_the_personal_data_protection_act_0_1c77b4099e_chunk_0047_ast"", ""entranslation_of_the_personal_data_protection_act_0_1c77b4099e_chunk_0048_ast"", ""entranslation_of_the_personal_data_protection_act_0_1c77b4099e_chunk_0049_ast"", ""entranslation_of_the_personal_data_protection_act_0_1c77b4099e_chunk_0050_ast"", ""entranslation_of_the_personal_data_protection_act_0_1c77b4099e_chunk_0052_ast"", ""entranslation_of_the_personal_data_protection_act_0_1c77b4099e_chunk_0053_ast"", ""entranslation_of_the_personal_data_protection_act_0_1c77b4099e_chunk_0054_ast"", ""entranslation_of_the_personal_data_protection_act_0_1c77b4099e_chunk_0055_ast"", ""entranslation_of_the_personal_data_protection_act_0_1c77b4099e_chunk_0056_ast"", ""entranslation_of_the_personal_data_protection_act_0_1c77b4099e_chunk_0057_ast"", ""entranslation_of_the_personal_data_protection_act_0_1c77b4099e_chunk_0058_ast"", ""entranslation_of_the_personal_data_protection_act_0_1c77b4099e_chunk_0059_ast"", ""entranslation_of_the_personal_data_protection_act_0_1c77b4099e_chunk_0060_ast"", ""entranslation_of_the_personal_data_protection_act_0_1c77b4099e_chunk_0061_ast"", ""entranslation_of_the_personal_data_protection_act_0_1c77b4099e_chunk_0062_ast"", ""entranslation_of_the_personal_data_protection_act_0_1c77b4099e_chunk_0063_ast"", ""entranslation_of_the_personal_data_protection_act_0_1c77b4099e_chunk_0064_ast"", ""entranslation_of_the_personal_data_protection_act_0_1c77b4099e_chunk_0065_ast"", ""entranslation_of_the_personal_data_protection_act_0_1c77b4099e_chunk_0066_ast"", ""entranslation_of_the_personal_data_protection_act_0_1c77b4099e_chunk_0067_ast"", ""entranslation_of_the_personal_data_protection_act_0_1c77b4099e_chunk_0068_ast"", ""entranslation_of_the_personal_data_protection_act_0_1c77b4099e_chunk_0069_ast"", ""entranslation_of_the_personal_data_protection_act_0_1c77b4099e_chunk_0070_ast"", ""entranslation_of_the_personal_data_protection_act_0_1c77b4099e_chunk_0071_ast"", ""entranslation_of_the_personal_data_protection_act_0_1c77b4099e_chunk_0072_ast"", ""entranslation_of_the_personal_data_protection_act_0_1c77b4099e_chunk_0077_ast"", ""entranslation_of_the_personal_data_protection_act_0_1c77b4099e_chunk_0078_ast"", ""entranslation_of_the_personal_data_protection_act_0_1c77b4099e_chunk_0079_ast"", ""entranslation_of_the_personal_data_protection_act_0_1c77b4099e_chunk_0080_ast"", ""entranslation_of_the_personal_data_protection_act_0_1c77b4099e_chunk_0081_ast"", ""entranslation_of_the_personal_data_protection_act_0_1c77b4099e_chunk_0084_ast"", ""entranslation_of_the_personal_data_protection_act_0_1c77b4099e_chunk_0086_ast"", ""entranslation_of_the_personal_data_protection_act_0_1c77b4099e_chunk_0088_ast"", ""entranslation_of_the_personal_data_protection_act_0_1c77b4099e_chunk_0089_ast"", ""entranslation_of_the_personal_data_protection_act_0_1c77b4099e_chunk_0093_ast"", ""entranslation_of_the_personal_data_protection_act_0_1c77b4099e_chunk_0095_ast"", ""entranslation_of_the_personal_data_protection_act_0_1c77b4099e_chunk_0099_ast"", ""entranslation_of_the_personal_data_protection_act_0_1c77b4099e_chunk_0102_ast"", ""entranslation_of_the_personal_data_protection_act_0_1c77b4099e_chunk_0103_ast"", ""entranslation_of_the_personal_data_protection_act_0_1c77b4099e_chunk_0104_ast"", ""entranslation_of_the_personal_data_protection_act_0_1c77b4099e_chunk_0105_ast"", ""entranslation_of_the_personal_data_protection_act_0_1c77b4099e_chunk_0107_ast"", ""entranslation_of_the_personal_data_protection_act_0_1c77b4099e_chunk_0108_ast"", ""entranslation_of_the_personal_data_protection_act_0_1c77b4099e_chunk_0112_ast"", ""entranslation_of_the_personal_data_protection_act_0_1c77b4099e_chunk_0116_ast"", ""entranslation_of_the_personal_data_protection_act_0_1c77b4099e_chunk_0117_ast""]",high,pending
synonym_ad8218a9709a,personal data,个人数据,synonym,"[""entranslation_of_the_personal_data_protection_act_0_1c77b4099e_chunk_0001_ast"", ""entranslation_of_the_personal_data_protection_act_0_1c77b4099e_chunk_0002_ast"", ""entranslation_of_the_personal_data_protection_act_0_1c77b4099e_chunk_0003_ast"", ""entranslation_of_the_personal_data_protection_act_0_1c77b4099e_chunk_0004_ast"", ""entranslation_of_the_personal_data_protection_act_0_1c77b4099e_chunk_0005_ast"", ""entranslation_of_the_personal_data_protection_act_0_1c77b4099e_chunk_0006_ast"", ""entranslation_of_the_personal_data_protection_act_0_1c77b4099e_chunk_0008_ast"", ""entranslation_of_the_personal_data_protection_act_0_1c77b4099e_chunk_0009_ast"", ""entranslation_of_the_personal_data_protection_act_0_1c77b4099e_chunk_0010_ast"", ""entranslation_of_the_personal_data_protection_act_0_1c77b4099e_chunk_0019_ast"", ""entranslation_of_the_personal_data_protection_act_0_1c77b4099e_chunk_0020_ast"", ""entranslation_of_the_personal_data_protection_act_0_1c77b4099e_chunk_0021_ast"", ""entranslation_of_the_personal_data_protection_act_0_1c77b4099e_chunk_0022_ast"", ""entranslation_of_the_personal_data_protection_act_0_1c77b4099e_chunk_0023_ast"", ""entranslation_of_the_personal_data_protection_act_0_1c77b4099e_chunk_0025_ast"", ""entranslation_of_the_personal_data_protection_act_0_1c77b4099e_chunk_0026_ast"", ""entranslation_of_the_personal_data_protection_act_0_1c77b4099e_chunk_0027_ast"", ""entranslation_of_the_personal_data_protection_act_0_1c77b4099e_chunk_0029_ast"", ""entranslation_of_the_personal_data_protection_act_0_1c77b4099e_chunk_0030_ast"", ""entranslation_of_the_personal_data_protection_act_0_1c77b4099e_chunk_0031_ast"", ""entranslation_of_the_personal_data_protection_act_0_1c77b4099e_chunk_0032_ast"", ""entranslation_of_the_personal_data_protection_act_0_1c77b4099e_chunk_0034_ast"", ""entranslation_of_the_personal_data_protection_act_0_1c77b4099e_chunk_0035_ast"", ""entranslation_of_the_personal_data_protection_act_0_1c77b4099e_chunk_0036_ast"", ""entranslation_of_the_personal_data_protection_act_0_1c77b4099e_chunk_0037_ast"", ""entranslation_of_the_personal_data_protection_act_0_1c77b4099e_chunk_0038_ast"", ""entranslation_of_the_personal_data_protection_act_0_1c77b4099e_chunk_0039_ast"", ""entranslation_of_the_personal_data_protection_act_0_1c77b4099e_chunk_0040_ast"", ""entranslation_of_the_personal_data_protection_act_0_1c77b4099e_chunk_0041_ast"", ""entranslation_of_the_personal_data_protection_act_0_1c77b4099e_chunk_0042_ast"", ""entranslation_of_the_personal_data_protection_act_0_1c77b4099e_chunk_0043_ast"", ""entranslation_of_the_personal_data_protection_act_0_1c77b4099e_chunk_0044_ast"", ""entranslation_of_the_personal_data_protection_act_0_1c77b4099e_chunk_0045_ast"", ""entranslation_of_the_personal_data_protection_act_0_1c77b4099e_chunk_0046_ast"", ""entranslation_of_the_personal_data_protection_act_0_1c77b4099e_chunk_0047_ast"", ""entranslation_of_the_personal_data_protection_act_0_1c77b4099e_chunk_0048_ast"", ""entranslation_of_the_personal_data_protection_act_0_1c77b4099e_chunk_0049_ast"", ""entranslation_of_the_personal_data_protection_act_0_1c77b4099e_chunk_0050_ast"", ""entranslation_of_the_personal_data_protection_act_0_1c77b4099e_chunk_0052_ast"", ""entranslation_of_the_personal_data_protection_act_0_1c77b4099e_chunk_0053_ast"", ""entranslation_of_the_personal_data_protection_act_0_1c77b4099e_chunk_0054_ast"", ""entranslation_of_the_personal_data_protection_act_0_1c77b4099e_chunk_0055_ast"", ""entranslation_of_the_personal_data_protection_act_0_1c77b4099e_chunk_0056_ast"", ""entranslation_of_the_personal_data_protection_act_0_1c77b4099e_chunk_0057_ast"", ""entranslation_of_the_personal_data_protection_act_0_1c77b4099e_chunk_0058_ast"", ""entranslation_of_the_personal_data_protection_act_0_1c77b4099e_chunk_0059_ast"", ""entranslation_of_the_personal_data_protection_act_0_1c77b4099e_chunk_0060_ast"", ""entranslation_of_the_personal_data_protection_act_0_1c77b4099e_chunk_0061_ast"", ""entranslation_of_the_personal_data_protection_act_0_1c77b4099e_chunk_0062_ast"", ""entranslation_of_the_personal_data_protection_act_0_1c77b4099e_chunk_0063_ast"", ""entranslation_of_the_personal_data_protection_act_0_1c77b4099e_chunk_0064_ast"", ""entranslation_of_the_personal_data_protection_act_0_1c77b4099e_chunk_0065_ast"", ""entranslation_of_the_personal_data_protection_act_0_1c77b4099e_chunk_0066_ast"", ""entranslation_of_the_personal_data_protection_act_0_1c77b4099e_chunk_0067_ast"", ""entranslation_of_the_personal_data_protection_act_0_1c77b4099e_chunk_0068_ast"", ""entranslation_of_the_personal_data_protection_act_0_1c77b4099e_chunk_0069_ast"", ""entranslation_of_the_personal_data_protection_act_0_1c77b4099e_chunk_0070_ast"", ""entranslation_of_the_personal_data_protection_act_0_1c77b4099e_chunk_0071_ast"", ""entranslation_of_the_personal_data_protection_act_0_1c77b4099e_chunk_0072_ast"", ""entranslation_of_the_personal_data_protection_act_0_1c77b4099e_chunk_0077_ast"", ""entranslation_of_the_personal_data_protection_act_0_1c77b4099e_chunk_0078_ast"", ""entranslation_of_the_personal_data_protection_act_0_1c77b4099e_chunk_0079_ast"", ""entranslation_of_the_personal_data_protection_act_0_1c77b4099e_chunk_0080_ast"", ""entranslation_of_the_personal_data_protection_act_0_1c77b4099e_chunk_0081_ast"", ""entranslation_of_the_personal_data_protection_act_0_1c77b4099e_chunk_0084_ast"", ""entranslation_of_the_personal_data_protection_act_0_1c77b4099e_chunk_0086_ast"", ""entranslation_of_the_personal_data_protection_act_0_1c77b4099e_chunk_0088_ast"", ""entranslation_of_the_personal_data_protection_act_0_1c77b4099e_chunk_0089_ast"", ""entranslation_of_the_personal_data_protection_act_0_1c77b4099e_chunk_0093_ast"", ""entranslation_of_the_personal_data_protection_act_0_1c77b4099e_chunk_0095_ast"", ""entranslation_of_the_personal_data_protection_act_0_1c77b4099e_chunk_0099_ast"", ""entranslation_of_the_personal_data_protection_act_0_1c77b4099e_chunk_0102_ast"", ""entranslation_of_the_personal_data_protection_act_0_1c77b4099e_chunk_0103_ast"", ""entranslation_of_the_personal_data_protection_act_0_1c77b4099e_chunk_0104_ast"", ""entranslation_of_the_personal_data_protection_act_0_1c77b4099e_chunk_0105_ast"", ""entranslation_of_the_personal_data_protection_act_0_1c77b4099e_chunk_0107_ast"", ""entranslation_of_the_personal_data_protection_act_0_1c77b4099e_chunk_0108_ast"", ""entranslation_of_the_personal_data_protection_act_0_1c77b4099e_chunk_0112_ast"", ""entranslation_of_the_personal_data_protection_act_0_1c77b4099e_chunk_0116_ast"", ""entranslation_of_the_personal_data_protection_act_0_1c77b4099e_chunk_0117_ast""]",high,pending
synonym_d3093c514228,personal data,同意,related_term,"[""entranslation_of_the_personal_data_protection_act_0_1c77b4099e_chunk_0002_ast"", ""entranslation_of_the_personal_data_protection_act_0_1c77b4099e_chunk_0021_ast"", ""entranslation_of_the_personal_data_protection_act_0_1c77b4099e_chunk_0022_ast"", ""entranslation_of_the_personal_data_protection_act_0_1c77b4099e_chunk_0023_ast"", ""entranslation_of_the_personal_data_protection_act_0_1c77b4099e_chunk_0025_ast"", ""entranslation_of_the_personal_data_protection_act_0_1c77b4099e_chunk_0026_ast"", ""entranslation_of_the_personal_data_protection_act_0_1c77b4099e_chunk_0029_ast"", ""entranslation_of_the_personal_data_protection_act_0_1c77b4099e_chunk_0030_ast"", ""entranslation_of_the_personal_data_protection_act_0_1c77b4099e_chunk_0031_ast"", ""entranslation_of_the_personal_data_protection_act_0_1c77b4099e_chunk_0034_ast"", ""entranslation_of_the_personal_data_protection_act_0_1c77b4099e_chunk_0037_ast"", ""entranslation_of_the_personal_data_protection_act_0_1c77b4099e_chunk_0038_ast"", ""entranslation_of_the_personal_data_protection_act_0_1c77b4099e_chunk_0039_ast"", ""entranslation_of_the_personal_data_protection_act_0_1c77b4099e_chunk_0042_ast"", ""entranslation_of_the_personal_data_protection_act_0_1c77b4099e_chunk_0044_ast"", ""entranslation_of_the_personal_data_protection_act_0_1c77b4099e_chunk_0046_ast"", ""entranslation_of_the_personal_data_protection_act_0_1c77b4099e_chunk_0048_ast"", ""entranslation_of_the_personal_data_protection_act_0_1c77b4099e_chunk_0053_ast"", ""entranslation_of_the_personal_data_protection_act_0_1c77b4099e_chunk_0105_ast"", ""entranslation_of_the_personal_data_protection_act_0_1c77b4099e_chunk_0107_ast"", ""entranslation_of_the_personal_data_protection_act_0_1c77b4099e_chunk_0116_ast"", ""personal_data_protection_amendment_act_2020_d7cc5937b1_chunk_0004_ast"", ""personal_data_protection_amendment_act_2020_d7cc5937b1_chunk_0009_ast"", ""personal_data_protection_amendment_act_2020_d7cc5937b1_chunk_0010_ast"", ""personal_data_protection_amendment_act_2020_d7cc5937b1_chunk_0012_ast"", ""personal_data_protection_amendment_act_2020_d7cc5937b1_chunk_0013_ast"", ""personal_data_protection_amendment_act_2020_d7cc5937b1_chunk_0014_ast"", ""personal_data_protection_amendment_act_2020_d7cc5937b1_chunk_0015_ast"", ""personal_data_protection_amendment_act_2020_d7cc5937b1_chunk_0016_ast"", ""personal_data_protection_amendment_act_2020_d7cc5937b1_chunk_0020_ast"", ""personal_data_protection_amendment_act_2020_d7cc5937b1_chunk_0036_ast"", ""personal_data_protection_amendment_act_2020_d7cc5937b1_chunk_0110_ast"", ""personal_data_protection_amendment_act_2020_d7cc5937b1_chunk_0111_ast"", ""personal_data_protection_amendment_act_2020_d7cc5937b1_chunk_0130_ast"", ""personal_data_protection_amendment_act_2020_d7cc5937b1_chunk_0133_ast"", ""personal_data_protection_amendment_act_2020_d7cc5937b1_chunk_0135_ast"", ""personal_data_protection_amendment_act_2020_d7cc5937b1_chunk_0143_ast"", ""personal_data_protection_act_2012_e857c5e9da_chunk_0002_ast"", ""personal_data_protection_act_2012_e857c5e9da_chunk_0007_ast"", ""personal_data_protection_act_2012_e857c5e9da_chunk_0030_ast"", ""personal_data_protection_act_2012_e857c5e9da_chunk_0031_ast"", ""personal_data_protection_act_2012_e857c5e9da_chunk_0032_ast"", ""personal_data_protection_act_2012_e857c5e9da_chunk_0033_ast"", ""personal_data_protection_act_2012_e857c5e9da_chunk_0035_ast"", ""personal_data_protection_act_2012_e857c5e9da_chunk_0036_ast"", ""personal_data_protection_act_2012_e857c5e9da_chunk_0037_ast"", ""personal_data_protection_act_2012_e857c5e9da_chunk_0038_ast"", ""personal_data_protection_act_2012_e857c5e9da_chunk_0039_ast"", ""personal_data_protection_act_2012_e857c5e9da_chunk_0040_ast"", ""personal_data_protection_act_2012_e857c5e9da_chunk_0041_ast"", ""personal_data_protection_act_2012_e857c5e9da_chunk_0042_ast"", ""personal_data_protection_act_2012_e857c5e9da_chunk_0043_ast"", ""personal_data_protection_act_2012_e857c5e9da_chunk_0044_ast"", ""personal_data_protection_act_2012_e857c5e9da_chunk_0047_ast"", ""personal_data_protection_act_2012_e857c5e9da_chunk_0050_ast"", ""personal_data_protection_act_2012_e857c5e9da_chunk_0087_ast"", ""personal_data_protection_act_2012_e857c5e9da_chunk_0157_ast"", ""personal_data_protection_act_2012_e857c5e9da_chunk_0158_ast"", ""personal_data_protection_act_2012_e857c5e9da_chunk_0177_ast"", ""personal_data_protection_act_2012_e857c5e9da_chunk_0180_ast"", ""personal_data_protection_act_2012_e857c5e9da_chunk_0182_ast"", ""personal_data_protection_act_2012_e857c5e9da_chunk_0184_ast""]",high,pending
synonym_ec77d621cddb,personal data,网络安全,related_term,"[""entranslation_of_the_personal_data_protection_act_0_1c77b4099e_chunk_0004_ast""]",high,pending
synonym_622fd98a13b3,personal data,自然人,related_term,"[""personal_data_protection_amendment_act_2020_d7cc5937b1_chunk_0006_ast"", ""personal_data_protection_amendment_act_2020_d7cc5937b1_chunk_0007_ast"", ""personal_data_protection_amendment_act_2020_d7cc5937b1_chunk_0009_ast"", ""personal_data_protection_amendment_act_2020_d7cc5937b1_chunk_0010_ast"", ""personal_data_protection_amendment_act_2020_d7cc5937b1_chunk_0011_ast"", ""personal_data_protection_amendment_act_2020_d7cc5937b1_chunk_0012_ast"", ""personal_data_protection_amendment_act_2020_d7cc5937b1_chunk_0013_ast"", ""personal_data_protection_amendment_act_2020_d7cc5937b1_chunk_0014_ast"", ""personal_data_protection_amendment_act_2020_d7cc5937b1_chunk_0015_ast"", ""personal_data_protection_amendment_act_2020_d7cc5937b1_chunk_0016_ast"", ""personal_data_protection_amendment_act_2020_d7cc5937b1_chunk_0017_ast"", ""personal_data_protection_amendment_act_2020_d7cc5937b1_chunk_0018_ast"", ""personal_data_protection_amendment_act_2020_d7cc5937b1_chunk_0019_ast"", ""personal_data_protection_amendment_act_2020_d7cc5937b1_chunk_0020_ast"", ""personal_data_protection_amendment_act_2020_d7cc5937b1_chunk_0021_ast"", ""personal_data_protection_amendment_act_2020_d7cc5937b1_chunk_0023_ast"", ""personal_data_protection_amendment_act_2020_d7cc5937b1_chunk_0024_ast"", ""personal_data_protection_amendment_act_2020_d7cc5937b1_chunk_0025_ast"", ""personal_data_protection_amendment_act_2020_d7cc5937b1_chunk_0030_ast"", ""personal_data_protection_amendment_act_2020_d7cc5937b1_chunk_0032_ast"", ""personal_data_protection_amendment_act_2020_d7cc5937b1_chunk_0035_ast"", ""personal_data_protection_amendment_act_2020_d7cc5937b1_chunk_0036_ast"", ""personal_data_protection_amendment_act_2020_d7cc5937b1_chunk_0054_ast"", ""personal_data_protection_amendment_act_2020_d7cc5937b1_chunk_0056_ast"", ""personal_data_protection_amendment_act_2020_d7cc5937b1_chunk_0057_ast"", ""personal_data_protection_amendment_act_2020_d7cc5937b1_chunk_0060_ast"", ""personal_data_protection_amendment_act_2020_d7cc5937b1_chunk_0093_ast"", ""personal_data_protection_amendment_act_2020_d7cc5937b1_chunk_0096_ast"", ""personal_data_protection_amendment_act_2020_d7cc5937b1_chunk_0110_ast"", ""personal_data_protection_amendment_act_2020_d7cc5937b1_chunk_0111_ast"", ""personal_data_protection_amendment_act_2020_d7cc5937b1_chunk_0113_ast"", ""personal_data_protection_amendment_act_2020_d7cc5937b1_chunk_0115_ast"", ""personal_data_protection_amendment_act_2020_d7cc5937b1_chunk_0116_ast"", ""personal_data_protection_amendment_act_2020_d7cc5937b1_chunk_0117_ast"", ""personal_data_protection_amendment_act_2020_d7cc5937b1_chunk_0118_ast"", ""personal_data_protection_amendment_act_2020_d7cc5937b1_chunk_0120_ast"", ""personal_data_protection_amendment_act_2020_d7cc5937b1_chunk_0121_ast"", ""personal_data_protection_amendment_act_2020_d7cc5937b1_chunk_0123_ast"", ""personal_data_protection_amendment_act_2020_d7cc5937b1_chunk_0125_ast"", ""personal_data_protection_amendment_act_2020_d7cc5937b1_chunk_0127_ast"", ""personal_data_protection_amendment_act_2020_d7cc5937b1_chunk_0128_ast"", ""personal_data_protection_amendment_act_2020_d7cc5937b1_chunk_0129_ast"", ""personal_data_protection_amendment_act_2020_d7cc5937b1_chunk_0130_ast"", ""personal_data_protection_amendment_act_2020_d7cc5937b1_chunk_0131_ast"", ""personal_data_protection_amendment_act_2020_d7cc5937b1_chunk_0132_ast"", ""personal_data_protection_amendment_act_2020_d7cc5937b1_chunk_0133_ast"", ""personal_data_protection_amendment_act_2020_d7cc5937b1_chunk_0134_ast"", ""personal_data_protection_amendment_act_2020_d7cc5937b1_chunk_0135_ast"", ""personal_data_protection_amendment_act_2020_d7cc5937b1_chunk_0145_ast"", ""personal_data_protection_amendment_act_2020_d7cc5937b1_chunk_0146_ast"", ""personal_data_protection_amendment_act_2020_d7cc5937b1_chunk_0147_ast"", ""personal_data_protection_amendment_act_2020_d7cc5937b1_chunk_0148_ast"", ""personal_data_protection_amendment_act_2020_d7cc5937b1_chunk_0149_ast"", ""personal_data_protection_amendment_act_2020_d7cc5937b1_chunk_0151_ast"", ""personal_data_protection_amendment_act_2020_d7cc5937b1_chunk_0152_ast"", ""personal_data_protection_amendment_act_2020_d7cc5937b1_chunk_0161_ast"", ""personal_data_protection_amendment_act_2020_d7cc5937b1_chunk_0164_ast"", ""personal_data_protection_act_2012_e857c5e9da_chunk_0011_ast"", ""personal_data_protection_act_2012_e857c5e9da_chunk_0012_ast"", ""personal_data_protection_act_2012_e857c5e9da_chunk_0015_ast"", ""personal_data_protection_act_2012_e857c5e9da_chunk_0018_ast"", ""personal_data_protection_act_2012_e857c5e9da_chunk_0019_ast"", ""personal_data_protection_act_2012_e857c5e9da_chunk_0020_ast"", ""personal_data_protection_act_2012_e857c5e9da_chunk_0021_ast"", ""personal_data_protection_act_2012_e857c5e9da_chunk_0028_ast"", ""personal_data_protection_act_2012_e857c5e9da_chunk_0030_ast"", ""personal_data_protection_act_2012_e857c5e9da_chunk_0031_ast"", ""personal_data_protection_act_2012_e857c5e9da_chunk_0032_ast"", ""personal_data_protection_act_2012_e857c5e9da_chunk_0033_ast"", ""personal_data_protection_act_2012_e857c5e9da_chunk_0034_ast"", ""personal_data_protection_act_2012_e857c5e9da_chunk_0035_ast"", ""personal_data_protection_act_2012_e857c5e9da_chunk_0036_ast"", ""personal_data_protection_act_2012_e857c5e9da_chunk_0037_ast"", ""personal_data_protection_act_2012_e857c5e9da_chunk_0038_ast"", ""personal_data_protection_act_2012_e857c5e9da_chunk_0039_ast"", ""personal_data_protection_act_2012_e857c5e9da_chunk_0040_ast"", ""personal_data_protection_act_2012_e857c5e9da_chunk_0041_ast"", ""personal_data_protection_act_2012_e857c5e9da_chunk_0042_ast"", ""personal_data_protection_act_2012_e857c5e9da_chunk_0043_ast"", ""personal_data_protection_act_2012_e857c5e9da_chunk_0044_ast""]",high,pending
synonym_6c41326a3e9d,porting organisation,business,related_term,"[""personal_data_protection_amendment_act_2020_d7cc5937b1_chunk_0030_ast""]",high,pending
synonym_b38b5d7f0e2f,porting organisation,company,related_term,"[""personal_data_protection_amendment_act_2020_d7cc5937b1_chunk_0030_ast""]",high,pending
synonym_ed27a0e83f16,porting organisation,data subject,related_term,"[""personal_data_protection_amendment_act_2020_d7cc5937b1_chunk_0030_ast""]",high,pending
synonym_ad1f8ef1bfc1,porting organisation,data subject information,related_term,"[""personal_data_protection_amendment_act_2020_d7cc5937b1_chunk_0030_ast""]",high,pending
synonym_2b3b0cbab4e6,porting organisation,organization,related_term,"[""personal_data_protection_amendment_act_2020_d7cc5937b1_chunk_0030_ast""]",high,pending
synonym_85a4de2011f6,porting organisation,person,related_term,"[""personal_data_protection_amendment_act_2020_d7cc5937b1_chunk_0030_ast""]",high,pending
synonym_05e3572051dd,porting organisation,personal information,related_term,"[""personal_data_protection_amendment_act_2020_d7cc5937b1_chunk_0030_ast""]",high,pending
synonym_2beb6a9b3a56,porting organisation,个人信息,related_term,"[""personal_data_protection_amendment_act_2020_d7cc5937b1_chunk_0030_ast""]",high,pending
synonym_d1736ce5018e,porting organisation,自然人,related_term,"[""personal_data_protection_amendment_act_2020_d7cc5937b1_chunk_0030_ast""]",high,pending
synonym_e43c36bacd05,prescribed circumstances,data subject,related_term,"[""personal_data_protection_amendment_act_2020_d7cc5937b1_chunk_0146_ast""]",high,pending
synonym_011639d6ddf5,prescribed circumstances,data subject information,related_term,"[""personal_data_protection_amendment_act_2020_d7cc5937b1_chunk_0146_ast""]",high,pending
synonym_d56232240330,prescribed circumstances,person,related_term,"[""personal_data_protection_amendment_act_2020_d7cc5937b1_chunk_0146_ast""]",high,pending
synonym_ef20b16dbca5,prescribed circumstances,personal information,related_term,"[""personal_data_protection_amendment_act_2020_d7cc5937b1_chunk_0146_ast""]",high,pending
synonym_cb91d46e87f5,prescribed circumstances,个人信息,related_term,"[""personal_data_protection_amendment_act_2020_d7cc5937b1_chunk_0146_ast""]",high,pending
synonym_8c66df870282,prescribed circumstances,自然人,related_term,"[""personal_data_protection_amendment_act_2020_d7cc5937b1_chunk_0146_ast""]",high,pending
synonym_02cdc80767ad,prescribed healthcare body,data subject,related_term,"[""personal_data_protection_act_2012_e857c5e9da_chunk_0016_ast""]",high,pending
synonym_a7f7c7688348,prescribed healthcare body,person,related_term,"[""personal_data_protection_act_2012_e857c5e9da_chunk_0016_ast""]",high,pending
synonym_9eb59b387f8e,prescribed healthcare body,自然人,related_term,"[""personal_data_protection_act_2012_e857c5e9da_chunk_0016_ast""]",high,pending
synonym_1aa5db7eac4d,prescribed law enforcement agency,data subject,related_term,"[""personal_data_protection_act_2012_e857c5e9da_chunk_0016_ast""]",high,pending
synonym_b27528a61752,prescribed law enforcement agency,person,related_term,"[""personal_data_protection_act_2012_e857c5e9da_chunk_0016_ast""]",high,pending
synonym_cfaa8650cead,prescribed law enforcement agency,自然人,related_term,"[""personal_data_protection_act_2012_e857c5e9da_chunk_0016_ast""]",high,pending
synonym_c7d0f1d4ae0b,private trust,data subject,related_term,"[""personal_data_protection_act_2012_e857c5e9da_chunk_0016_ast""]",high,pending
synonym_9cc7ad3df87c,private trust,person,related_term,"[""personal_data_protection_act_2012_e857c5e9da_chunk_0016_ast""]",high,pending
synonym_72271be02a91,private trust,自然人,related_term,"[""personal_data_protection_act_2012_e857c5e9da_chunk_0016_ast""]",high,pending
synonym_20cf47b7f3a3,proceedings,data subject,related_term,"[""personal_data_protection_act_2012_e857c5e9da_chunk_0016_ast""]",high,pending
synonym_9e3630980b94,proceedings,person,related_term,"[""personal_data_protection_act_2012_e857c5e9da_chunk_0016_ast""]",high,pending
synonym_a15c0767271b,proceedings,自然人,related_term,"[""personal_data_protection_act_2012_e857c5e9da_chunk_0016_ast""]",high,pending
synonym_a84f6933f8df,prospective customer of X,authorisation,related_term,"[""personal_data_protection_amendment_act_2020_d7cc5937b1_chunk_0130_ast"", ""personal_data_protection_act_2012_e857c5e9da_chunk_0177_ast""]",high,pending
synonym_03d83f196770,prospective customer of X,business,related_term,"[""personal_data_protection_act_2012_e857c5e9da_chunk_0177_ast""]",high,pending
synonym_81730a55317d,prospective customer of X,company,related_term,"[""personal_data_protection_act_2012_e857c5e9da_chunk_0177_ast""]",high,pending
synonym_a1967d9aaa5f,prospective customer of X,data subject,related_term,"[""personal_data_protection_amendment_act_2020_d7cc5937b1_chunk_0130_ast"", ""personal_data_protection_act_2012_e857c5e9da_chunk_0177_ast""]",high,pending
synonym_c2592214ae58,prospective customer of X,data subject information,related_term,"[""personal_data_protection_amendment_act_2020_d7cc5937b1_chunk_0130_ast"", ""personal_data_protection_act_2012_e857c5e9da_chunk_0177_ast""]",high,pending
synonym_924295aeaa2e,prospective customer of X,organization,related_term,"[""personal_data_protection_act_2012_e857c5e9da_chunk_0177_ast""]",high,pending
synonym_ab6774ee8d51,prospective customer of X,permission,related_term,"[""personal_data_protection_amendment_act_2020_d7cc5937b1_chunk_0130_ast"", ""personal_data_protection_act_2012_e857c5e9da_chunk_0177_ast""]",high,pending
synonym_3d40f554cee3,prospective customer of X,person,related_term,"[""personal_data_protection_amendment_act_2020_d7cc5937b1_chunk_0130_ast"", ""personal_data_protection_act_2012_e857c5e9da_chunk_0177_ast""]",high,pending
synonym_18a2dc14fcc6,prospective customer of X,personal information,related_term,"[""personal_data_protection_amendment_act_2020_d7cc5937b1_chunk_0130_ast"", ""personal_data_protection_act_2012_e857c5e9da_chunk_0177_ast""]",high,pending
synonym_330da0adf365,prospective customer of X,个人信息,related_term,"[""personal_data_protection_amendment_act_2020_d7cc5937b1_chunk_0130_ast"", ""personal_data_protection_act_2012_e857c5e9da_chunk_0177_ast""]",high,pending
synonym_be9128ea1547,prospective customer of X,同意,related_term,"[""personal_data_protection_amendment_act_2020_d7cc5937b1_chunk_0130_ast"", ""personal_data_protection_act_2012_e857c5e9da_chunk_0177_ast""]",high,pending
synonym_2a232a64b424,prospective customer of X,自然人,related_term,"[""personal_data_protection_amendment_act_2020_d7cc5937b1_chunk_0130_ast"", ""personal_data_protection_act_2012_e857c5e9da_chunk_0177_ast""]",high,pending
synonym_a3317914bb1c,public company,data subject,related_term,"[""companies_act_1967_c8232023ef_chunk_0062_ast""]",high,pending
synonym_e0eabeeadbe9,public company,person,related_term,"[""companies_act_1967_c8232023ef_chunk_0062_ast""]",high,pending
synonym_107bf0b9c54d,public company,自然人,related_term,"[""companies_act_1967_c8232023ef_chunk_0062_ast""]",high,pending
synonym_509dc2e5f6be,public interest company,authorisation,related_term,"[""companies_act_1967_c8232023ef_chunk_0720_ast""]",high,pending
synonym_ea773c02a67a,public interest company,permission,related_term,"[""companies_act_1967_c8232023ef_chunk_0720_ast""]",high,pending
synonym_de8b09e72d26,public interest company,同意,related_term,"[""companies_act_1967_c8232023ef_chunk_0720_ast""]",high,pending
synonym_2656d7cca35f,receiving organisation,business,related_term,"[""personal_data_protection_amendment_act_2020_d7cc5937b1_chunk_0031_ast""]",high,pending
synonym_9c155f4fb723,receiving organisation,company,related_term,"[""personal_data_protection_amendment_act_2020_d7cc5937b1_chunk_0031_ast""]",high,pending
synonym_983ba178d510,receiving organisation,organization,related_term,"[""personal_data_protection_amendment_act_2020_d7cc5937b1_chunk_0031_ast""]",high,pending
synonym_ba97d1506539,registered,data subject,related_term,"[""companies_act_1967_c8232023ef_chunk_0062_ast""]",high,pending
synonym_2a5807d2b4cc,registered,person,related_term,"[""companies_act_1967_c8232023ef_chunk_0062_ast""]",high,pending
synonym_0b2657392c35,registered,自然人,related_term,"[""companies_act_1967_c8232023ef_chunk_0062_ast""]",high,pending
synonym_f6eba1a6bbe0,Registrar,data subject,related_term,"[""companies_act_1967_c8232023ef_chunk_0062_ast""]",high,pending
synonym_10b305f21fb2,Registrar,person,related_term,"[""companies_act_1967_c8232023ef_chunk_0062_ast""]",high,pending
synonym_03c800cfb2cb,Registrar,自然人,related_term,"[""companies_act_1967_c8232023ef_chunk_0062_ast""]",high,pending
synonym_36820d0c8d42,regulations,data subject,related_term,"[""companies_act_1967_c8232023ef_chunk_0062_ast""]",high,pending
synonym_6942804f8da6,regulations,person,related_term,"[""companies_act_1967_c8232023ef_chunk_0062_ast""]",high,pending
synonym_85ee93c67759,regulations,自然人,related_term,"[""companies_act_1967_c8232023ef_chunk_0062_ast""]",high,pending
synonym_fe04dd8e3e71,relevant body,business,related_term,"[""personal_data_protection_act_2012_e857c5e9da_chunk_0018_ast""]",high,pending
synonym_bc3dd5b43fc5,relevant body,company,related_term,"[""personal_data_protection_act_2012_e857c5e9da_chunk_0018_ast""]",high,pending
synonym_47dc79408e3c,relevant body,data subject,related_term,"[""personal_data_protection_act_2012_e857c5e9da_chunk_0018_ast""]",high,pending
synonym_fed8a2b5348f,relevant body,data subject information,related_term,"[""personal_data_protection_act_2012_e857c5e9da_chunk_0018_ast""]",high,pending
synonym_87660459a37b,relevant body,organization,related_term,"[""personal_data_protection_act_2012_e857c5e9da_chunk_0018_ast""]",high,pending
synonym_8c3c17d63d80,relevant body,person,related_term,"[""personal_data_protection_act_2012_e857c5e9da_chunk_0018_ast""]",high,pending
synonym_51593036da3f,relevant body,personal information,related_term,"[""personal_data_protection_act_2012_e857c5e9da_chunk_0018_ast""]",high,pending
synonym_ccf5ff6f14ff,relevant body,个人信息,related_term,"[""personal_data_protection_act_2012_e857c5e9da_chunk_0018_ast""]",high,pending
synonym_248b5d2e046f,relevant body,自然人,related_term,"[""personal_data_protection_act_2012_e857c5e9da_chunk_0018_ast""]",high,pending
synonym_fd61990ae82b,relevant broadcasting service,business,related_term,"[""personal_data_protection_amendment_act_2020_d7cc5937b1_chunk_0114_ast"", ""personal_data_protection_act_2012_e857c5e9da_chunk_0160_ast""]",high,pending
synonym_59d4b41ec831,relevant broadcasting service,company,related_term,"[""personal_data_protection_amendment_act_2020_d7cc5937b1_chunk_0114_ast"", ""personal_data_protection_act_2012_e857c5e9da_chunk_0160_ast""]",high,pending
synonym_5eb8b13124b2,relevant broadcasting service,organization,related_term,"[""personal_data_protection_amendment_act_2020_d7cc5937b1_chunk_0114_ast"", ""personal_data_protection_act_2012_e857c5e9da_chunk_0160_ast""]",high,pending
synonym_f974f9acb886,repealed written laws,data subject,related_term,"[""companies_act_1967_c8232023ef_chunk_0062_ast""]",high,pending
synonym_c181b2598f3a,repealed written laws,person,related_term,"[""companies_act_1967_c8232023ef_chunk_0062_ast""]",high,pending
synonym_1eeb375d01fc,repealed written laws,自然人,related_term,"[""companies_act_1967_c8232023ef_chunk_0062_ast""]",high,pending
synonym_3134bdd4f7ef,residential address,data subject,related_term,"[""companies_act_1967_c8232023ef_chunk_0062_ast""]",high,pending
synonym_942f79321947,residential address,person,related_term,"[""companies_act_1967_c8232023ef_chunk_0062_ast""]",high,pending
synonym_bd1488e65f3e,residential address,自然人,related_term,"[""companies_act_1967_c8232023ef_chunk_0062_ast""]",high,pending
synonym_fdaed24ea73b,Secretary-General,data subject information,related_term,"[""entranslation_of_the_personal_data_protection_act_0_1c77b4099e_chunk_0008_ast""]",high,pending
synonym_2af9711d5275,Secretary-General,personal information,related_term,"[""entranslation_of_the_personal_data_protection_act_0_1c77b4099e_chunk_0008_ast""]",high,pending
synonym_16d47d1bd867,Secretary-General,个人信息,related_term,"[""entranslation_of_the_personal_data_protection_act_0_1c77b4099e_chunk_0008_ast""]",high,pending
synonym_9b312e9717b8,Singapore telephone number,business,related_term,"[""personal_data_protection_act_2012_e857c5e9da_chunk_0063_ast""]",high,pending
synonym_b9501e713b9c,Singapore telephone number,company,related_term,"[""personal_data_protection_act_2012_e857c5e9da_chunk_0063_ast""]",high,pending
synonym_33caf67293da,Singapore telephone number,organization,related_term,"[""personal_data_protection_act_2012_e857c5e9da_chunk_0063_ast""]",high,pending
synonym_5fed7d835ba7,specified,business,related_term,"[""personal_data_protection_act_2012_e857c5e9da_chunk_0197_ast""]",high,pending
synonym_6d8f87f3776a,specified,company,related_term,"[""personal_data_protection_act_2012_e857c5e9da_chunk_0197_ast""]",high,pending
synonym_f4357296dfbe,specified,organization,related_term,"[""personal_data_protection_act_2012_e857c5e9da_chunk_0197_ast""]",high,pending
synonym_f8943334d4b8,specified date,business,related_term,"[""personal_data_protection_amendment_act_2020_d7cc5937b1_chunk_0017_ast""]",high,pending
synonym_d955b36f8043,specified date,company,related_term,"[""personal_data_protection_amendment_act_2020_d7cc5937b1_chunk_0017_ast""]",high,pending
synonym_c3f29ebd2335,specified date,data subject,related_term,"[""personal_data_protection_amendment_act_2020_d7cc5937b1_chunk_0017_ast""]",high,pending
synonym_00903513c679,specified date,data subject information,related_term,"[""personal_data_protection_amendment_act_2020_d7cc5937b1_chunk_0017_ast""]",high,pending
synonym_014080d88d88,specified date,organization,related_term,"[""personal_data_protection_amendment_act_2020_d7cc5937b1_chunk_0017_ast""]",high,pending
synonym_6939d46ffdbb,specified date,person,related_term,"[""personal_data_protection_amendment_act_2020_d7cc5937b1_chunk_0017_ast""]",high,pending
synonym_2fe9b60d5859,specified date,personal information,related_term,"[""personal_data_protection_amendment_act_2020_d7cc5937b1_chunk_0017_ast""]",high,pending
synonym_97200d36ad47,specified date,个人信息,related_term,"[""personal_data_protection_amendment_act_2020_d7cc5937b1_chunk_0017_ast""]",high,pending
synonym_2ba379aaf253,specified date,自然人,related_term,"[""personal_data_protection_amendment_act_2020_d7cc5937b1_chunk_0017_ast""]",high,pending
synonym_a62e2933370c,specified direction,data subject information,related_term,"[""personal_data_protection_amendment_act_2020_d7cc5937b1_chunk_0172_ast""]",high,pending
synonym_4f3dfa0fd0a9,specified direction,personal information,related_term,"[""personal_data_protection_amendment_act_2020_d7cc5937b1_chunk_0172_ast""]",high,pending
synonym_3e388cc5c883,specified direction,个人信息,related_term,"[""personal_data_protection_amendment_act_2020_d7cc5937b1_chunk_0172_ast""]",high,pending
synonym_a1b76e1bf274,specified purpose,business,related_term,"[""personal_data_protection_act_2012_e857c5e9da_chunk_0099_ast""]",high,pending
synonym_f5aef1d79a32,specified purpose,company,related_term,"[""personal_data_protection_act_2012_e857c5e9da_chunk_0099_ast""]",high,pending
synonym_b96c78eef7b7,specified purpose,data subject,related_term,"[""personal_data_protection_act_2012_e857c5e9da_chunk_0099_ast""]",high,pending
synonym_c373d35ac38c,specified purpose,data subject information,related_term,"[""personal_data_protection_amendment_act_2020_d7cc5937b1_chunk_0154_ast""]",high,pending
synonym_5f2a854b1e9b,specified purpose,organization,related_term,"[""personal_data_protection_act_2012_e857c5e9da_chunk_0099_ast""]",high,pending
synonym_125c024bf96f,specified purpose,person,related_term,"[""personal_data_protection_act_2012_e857c5e9da_chunk_0099_ast""]",high,pending
synonym_44e442a7d41e,specified purpose,personal information,related_term,"[""personal_data_protection_amendment_act_2020_d7cc5937b1_chunk_0154_ast""]",high,pending
synonym_be42a66c0448,specified purpose,个人信息,related_term,"[""personal_data_protection_amendment_act_2020_d7cc5937b1_chunk_0154_ast""]",high,pending
synonym_8d30b2dc9e1b,specified purpose,自然人,related_term,"[""personal_data_protection_act_2012_e857c5e9da_chunk_0099_ast""]",high,pending
synonym_95ee0cf08a2c,time share accommodation,business,related_term,"[""personal_data_protection_act_2012_e857c5e9da_chunk_0063_ast""]",high,pending
synonym_f27ec0b85400,time share accommodation,company,related_term,"[""personal_data_protection_act_2012_e857c5e9da_chunk_0063_ast""]",high,pending
synonym_2ecfd37d3033,time share accommodation,data subject,related_term,"[""personal_data_protection_act_2012_e857c5e9da_chunk_0064_ast""]",high,pending
synonym_e209ffbde580,time share accommodation,organization,related_term,"[""personal_data_protection_act_2012_e857c5e9da_chunk_0063_ast""]",high,pending
synonym_f1242a82df1c,time share accommodation,person,related_term,"[""personal_data_protection_act_2012_e857c5e9da_chunk_0064_ast""]",high,pending
synonym_2705c0eb5ee8,time share accommodation,自然人,related_term,"[""personal_data_protection_act_2012_e857c5e9da_chunk_0064_ast""]",high,pending
synonym_d9d6f4af1c0c,time share contract,data subject,related_term,"[""personal_data_protection_act_2012_e857c5e9da_chunk_0064_ast""]",high,pending
synonym_7685b12ba47d,time share contract,person,related_term,"[""personal_data_protection_act_2012_e857c5e9da_chunk_0064_ast""]",high,pending
synonym_2648e7299413,time share contract,自然人,related_term,"[""personal_data_protection_act_2012_e857c5e9da_chunk_0064_ast""]",high,pending
synonym_644c418f95b3,transfer,authorisation,related_term,"[""companies_act_1967_c8232023ef_chunk_0837_ast"", ""entranslation_of_the_personal_data_protection_act_0_1c77b4099e_chunk_0038_ast"", ""entranslation_of_the_personal_data_protection_act_0_1c77b4099e_chunk_0044_ast"", ""entranslation_of_the_personal_data_protection_act_0_1c77b4099e_chunk_0107_ast""]",high,pending
synonym_cdb170ddcf17,transfer,business,related_term,"[""personal_data_protection_amendment_act_2020_d7cc5937b1_chunk_0126_ast"", ""personal_data_protection_act_2012_e857c5e9da_chunk_0053_ast"", ""personal_data_protection_act_2012_e857c5e9da_chunk_0172_ast""]",high,pending
synonym_4da73fb4b766,transfer,company,related_term,"[""personal_data_protection_amendment_act_2020_d7cc5937b1_chunk_0126_ast"", ""personal_data_protection_act_2012_e857c5e9da_chunk_0053_ast"", ""personal_data_protection_act_2012_e857c5e9da_chunk_0172_ast""]",high,pending
synonym_c28d9e20e147,transfer,cross-border transfer,synonym,"[""companies_act_1967_c8232023ef_chunk_0011_ast"", ""companies_act_1967_c8232023ef_chunk_0012_ast"", ""companies_act_1967_c8232023ef_chunk_0024_ast"", ""companies_act_1967_c8232023ef_chunk_0025_ast"", ""companies_act_1967_c8232023ef_chunk_0031_ast"", ""companies_act_1967_c8232023ef_chunk_0039_ast"", ""companies_act_1967_c8232023ef_chunk_0040_ast"", ""companies_act_1967_c8232023ef_chunk_0042_ast"", ""companies_act_1967_c8232023ef_chunk_0081_ast"", ""companies_act_1967_c8232023ef_chunk_0109_ast"", ""companies_act_1967_c8232023ef_chunk_0110_ast"", ""companies_act_1967_c8232023ef_chunk_0132_ast"", ""companies_act_1967_c8232023ef_chunk_0133_ast"", ""companies_act_1967_c8232023ef_chunk_0134_ast"", ""companies_act_1967_c8232023ef_chunk_0139_ast"", ""companies_act_1967_c8232023ef_chunk_0140_ast"", ""companies_act_1967_c8232023ef_chunk_0144_ast"", ""companies_act_1967_c8232023ef_chunk_0145_ast"", ""companies_act_1967_c8232023ef_chunk_0155_ast"", ""companies_act_1967_c8232023ef_chunk_0156_ast"", ""companies_act_1967_c8232023ef_chunk_0231_ast"", ""companies_act_1967_c8232023ef_chunk_0244_ast"", ""companies_act_1967_c8232023ef_chunk_0291_ast"", ""companies_act_1967_c8232023ef_chunk_0333_ast"", ""companies_act_1967_c8232023ef_chunk_0334_ast"", ""companies_act_1967_c8232023ef_chunk_0336_ast"", ""companies_act_1967_c8232023ef_chunk_0371_ast"", ""companies_act_1967_c8232023ef_chunk_0374_ast"", ""companies_act_1967_c8232023ef_chunk_0383_ast"", ""companies_act_1967_c8232023ef_chunk_0388_ast"", ""companies_act_1967_c8232023ef_chunk_0389_ast"", ""companies_act_1967_c8232023ef_chunk_0390_ast"", ""companies_act_1967_c8232023ef_chunk_0392_ast"", ""companies_act_1967_c8232023ef_chunk_0393_ast"", ""companies_act_1967_c8232023ef_chunk_0394_ast"", ""companies_act_1967_c8232023ef_chunk_0395_ast"", ""companies_act_1967_c8232023ef_chunk_0396_ast"", ""companies_act_1967_c8232023ef_chunk_0397_ast"", ""companies_act_1967_c8232023ef_chunk_0398_ast"", ""companies_act_1967_c8232023ef_chunk_0399_ast"", ""companies_act_1967_c8232023ef_chunk_0400_ast"", ""companies_act_1967_c8232023ef_chunk_0401_ast"", ""companies_act_1967_c8232023ef_chunk_0402_ast"", ""companies_act_1967_c8232023ef_chunk_0403_ast"", ""companies_act_1967_c8232023ef_chunk_0404_ast"", ""companies_act_1967_c8232023ef_chunk_0504_ast"", ""companies_act_1967_c8232023ef_chunk_0534_ast"", ""companies_act_1967_c8232023ef_chunk_0536_ast"", ""companies_act_1967_c8232023ef_chunk_0537_ast"", ""companies_act_1967_c8232023ef_chunk_0650_ast"", ""companies_act_1967_c8232023ef_chunk_0760_ast"", ""companies_act_1967_c8232023ef_chunk_0764_ast"", ""companies_act_1967_c8232023ef_chunk_0765_ast"", ""companies_act_1967_c8232023ef_chunk_0766_ast"", ""companies_act_1967_c8232023ef_chunk_0767_ast"", ""companies_act_1967_c8232023ef_chunk_0768_ast"", ""companies_act_1967_c8232023ef_chunk_0769_ast"", ""companies_act_1967_c8232023ef_chunk_0770_ast"", ""companies_act_1967_c8232023ef_chunk_0771_ast"", ""companies_act_1967_c8232023ef_chunk_0772_ast"", ""companies_act_1967_c8232023ef_chunk_0773_ast"", ""companies_act_1967_c8232023ef_chunk_0774_ast"", ""companies_act_1967_c8232023ef_chunk_0775_ast"", ""companies_act_1967_c8232023ef_chunk_0776_ast"", ""companies_act_1967_c8232023ef_chunk_0777_ast"", ""companies_act_1967_c8232023ef_chunk_0778_ast"", ""companies_act_1967_c8232023ef_chunk_0779_ast"", ""companies_act_1967_c8232023ef_chunk_0780_ast"", ""companies_act_1967_c8232023ef_chunk_0781_ast"", ""companies_act_1967_c8232023ef_chunk_0783_ast"", ""companies_act_1967_c8232023ef_chunk_0784_ast"", ""companies_act_1967_c8232023ef_chunk_0787_ast"", ""companies_act_1967_c8232023ef_chunk_0800_ast"", ""companies_act_1967_c8232023ef_chunk_0807_ast"", ""companies_act_1967_c8232023ef_chunk_0837_ast"", ""companies_act_1967_c8232023ef_chunk_0847_ast"", ""companies_act_1967_c8232023ef_chunk_0848_ast"", ""companies_act_1967_c8232023ef_chunk_0849_ast"", ""companies_act_1967_c8232023ef_chunk_0872_ast"", ""companies_act_1967_c8232023ef_chunk_0873_ast""]",high,pending
synonym_ac64e9c55ae6,transfer,data subject,related_term,"[""personal_data_protection_act_2012_e857c5e9da_chunk_0172_ast""]",high,pending
synonym_2e83f5ac74ed,transfer,data subject information,related_term,"[""entranslation_of_the_personal_data_protection_act_0_1c77b4099e_chunk_0019_ast"", ""entranslation_of_the_personal_data_protection_act_0_1c77b4099e_chunk_0038_ast"", ""entranslation_of_the_personal_data_protection_act_0_1c77b4099e_chunk_0040_ast"", ""entranslation_of_the_personal_data_protection_act_0_1c77b4099e_chunk_0041_ast"", ""entranslation_of_the_personal_data_protection_act_0_1c77b4099e_chunk_0044_ast"", ""entranslation_of_the_personal_data_protection_act_0_1c77b4099e_chunk_0045_ast"", ""entranslation_of_the_personal_data_protection_act_0_1c77b4099e_chunk_0107_ast"", ""entranslation_of_the_personal_data_protection_act_0_1c77b4099e_chunk_0108_ast"", ""m_29_1bf3c639ac_chunk_0016_ast"", ""personal_data_protection_amendment_act_2020_d7cc5937b1_chunk_0126_ast"", ""personal_data_protection_act_2012_e857c5e9da_chunk_0003_ast"", ""personal_data_protection_act_2012_e857c5e9da_chunk_0053_ast"", ""personal_data_protection_act_2012_e857c5e9da_chunk_0172_ast""]",high,pending
synonym_518911df0811,transfer,export,synonym,"[""companies_act_1967_c8232023ef_chunk_0011_ast"", ""companies_act_1967_c8232023ef_chunk_0012_ast"", ""companies_act_1967_c8232023ef_chunk_0024_ast"", ""companies_act_1967_c8232023ef_chunk_0025_ast"", ""companies_act_1967_c8232023ef_chunk_0031_ast"", ""companies_act_1967_c8232023ef_chunk_0039_ast"", ""companies_act_1967_c8232023ef_chunk_0040_ast"", ""companies_act_1967_c8232023ef_chunk_0042_ast"", ""companies_act_1967_c8232023ef_chunk_0081_ast"", ""companies_act_1967_c8232023ef_chunk_0109_ast"", ""companies_act_1967_c8232023ef_chunk_0110_ast"", ""companies_act_1967_c8232023ef_chunk_0132_ast"", ""companies_act_1967_c8232023ef_chunk_0133_ast"", ""companies_act_1967_c8232023ef_chunk_0134_ast"", ""companies_act_1967_c8232023ef_chunk_0139_ast"", ""companies_act_1967_c8232023ef_chunk_0140_ast"", ""companies_act_1967_c8232023ef_chunk_0144_ast"", ""companies_act_1967_c8232023ef_chunk_0145_ast"", ""companies_act_1967_c8232023ef_chunk_0155_ast"", ""companies_act_1967_c8232023ef_chunk_0156_ast"", ""companies_act_1967_c8232023ef_chunk_0231_ast"", ""companies_act_1967_c8232023ef_chunk_0244_ast"", ""companies_act_1967_c8232023ef_chunk_0291_ast"", ""companies_act_1967_c8232023ef_chunk_0333_ast"", ""companies_act_1967_c8232023ef_chunk_0334_ast"", ""companies_act_1967_c8232023ef_chunk_0336_ast"", ""companies_act_1967_c8232023ef_chunk_0371_ast"", ""companies_act_1967_c8232023ef_chunk_0374_ast"", ""companies_act_1967_c8232023ef_chunk_0383_ast"", ""companies_act_1967_c8232023ef_chunk_0388_ast"", ""companies_act_1967_c8232023ef_chunk_0389_ast"", ""companies_act_1967_c8232023ef_chunk_0390_ast"", ""companies_act_1967_c8232023ef_chunk_0392_ast"", ""companies_act_1967_c8232023ef_chunk_0393_ast"", ""companies_act_1967_c8232023ef_chunk_0394_ast"", ""companies_act_1967_c8232023ef_chunk_0395_ast"", ""companies_act_1967_c8232023ef_chunk_0396_ast"", ""companies_act_1967_c8232023ef_chunk_0397_ast"", ""companies_act_1967_c8232023ef_chunk_0398_ast"", ""companies_act_1967_c8232023ef_chunk_0399_ast"", ""companies_act_1967_c8232023ef_chunk_0400_ast"", ""companies_act_1967_c8232023ef_chunk_0401_ast"", ""companies_act_1967_c8232023ef_chunk_0402_ast"", ""companies_act_1967_c8232023ef_chunk_0403_ast"", ""companies_act_1967_c8232023ef_chunk_0404_ast"", ""companies_act_1967_c8232023ef_chunk_0504_ast"", ""companies_act_1967_c8232023ef_chunk_0534_ast"", ""companies_act_1967_c8232023ef_chunk_0536_ast"", ""companies_act_1967_c8232023ef_chunk_0537_ast"", ""companies_act_1967_c8232023ef_chunk_0650_ast"", ""companies_act_1967_c8232023ef_chunk_0760_ast"", ""companies_act_1967_c8232023ef_chunk_0764_ast"", ""companies_act_1967_c8232023ef_chunk_0765_ast"", ""companies_act_1967_c8232023ef_chunk_0766_ast"", ""companies_act_1967_c8232023ef_chunk_0767_ast"", ""companies_act_1967_c8232023ef_chunk_0768_ast"", ""companies_act_1967_c8232023ef_chunk_0769_ast"", ""companies_act_1967_c8232023ef_chunk_0770_ast"", ""companies_act_1967_c8232023ef_chunk_0771_ast"", ""companies_act_1967_c8232023ef_chunk_0772_ast"", ""companies_act_1967_c8232023ef_chunk_0773_ast"", ""companies_act_1967_c8232023ef_chunk_0774_ast"", ""companies_act_1967_c8232023ef_chunk_0775_ast"", ""companies_act_1967_c8232023ef_chunk_0776_ast"", ""companies_act_1967_c8232023ef_chunk_0777_ast"", ""companies_act_1967_c8232023ef_chunk_0778_ast"", ""companies_act_1967_c8232023ef_chunk_0779_ast"", ""companies_act_1967_c8232023ef_chunk_0780_ast"", ""companies_act_1967_c8232023ef_chunk_0781_ast"", ""companies_act_1967_c8232023ef_chunk_0783_ast"", ""companies_act_1967_c8232023ef_chunk_0784_ast"", ""companies_act_1967_c8232023ef_chunk_0787_ast"", ""companies_act_1967_c8232023ef_chunk_0800_ast"", ""companies_act_1967_c8232023ef_chunk_0807_ast"", ""companies_act_1967_c8232023ef_chunk_0837_ast"", ""companies_act_1967_c8232023ef_chunk_0847_ast"", ""companies_act_1967_c8232023ef_chunk_0848_ast"", ""companies_act_1967_c8232023ef_chunk_0849_ast"", ""companies_act_1967_c8232023ef_chunk_0872_ast"", ""companies_act_1967_c8232023ef_chunk_0873_ast""]",high,pending
synonym_5fbf3c5d759a,transfer,organization,related_term,"[""personal_data_protection_amendment_act_2020_d7cc5937b1_chunk_0126_ast"", ""personal_data_protection_act_2012_e857c5e9da_chunk_0053_ast"", ""personal_data_protection_act_2012_e857c5e9da_chunk_0172_ast""]",high,pending
synonym_eb659579795c,transfer,permission,related_term,"[""companies_act_1967_c8232023ef_chunk_0837_ast"", ""entranslation_of_the_personal_data_protection_act_0_1c77b4099e_chunk_0038_ast"", ""entranslation_of_the_personal_data_protection_act_0_1c77b4099e_chunk_0044_ast"", ""entranslation_of_the_personal_data_protection_act_0_1c77b4099e_chunk_0107_ast""]",high,pending
synonym_17ef821adb58,transfer,person,related_term,"[""personal_data_protection_act_2012_e857c5e9da_chunk_0172_ast""]",high,pending
synonym_2fab898c664b,transfer,personal information,related_term,"[""entranslation_of_the_personal_data_protection_act_0_1c77b4099e_chunk_0019_ast"", ""entranslation_of_the_personal_data_protection_act_0_1c77b4099e_chunk_0038_ast"", ""entranslation_of_the_personal_data_protection_act_0_1c77b4099e_chunk_0040_ast"", ""entranslation_of_the_personal_data_protection_act_0_1c77b4099e_chunk_0041_ast"", ""entranslation_of_the_personal_data_protection_act_0_1c77b4099e_chunk_0044_ast"", ""entranslation_of_the_personal_data_protection_act_0_1c77b4099e_chunk_0045_ast"", ""entranslation_of_the_personal_data_protection_act_0_1c77b4099e_chunk_0107_ast"", ""entranslation_of_the_personal_data_protection_act_0_1c77b4099e_chunk_0108_ast"", ""m_29_1bf3c639ac_chunk_0016_ast"", ""personal_data_protection_amendment_act_2020_d7cc5937b1_chunk_0126_ast"", ""personal_data_protection_act_2012_e857c5e9da_chunk_0003_ast"", ""personal_data_protection_act_2012_e857c5e9da_chunk_0053_ast"", ""personal_data_protection_act_2012_e857c5e9da_chunk_0172_ast""]",high,pending
synonym_e3545a378c48,transfer,transmission,synonym,"[""companies_act_1967_c8232023ef_chunk_0011_ast"", ""companies_act_1967_c8232023ef_chunk_0012_ast"", ""companies_act_1967_c8232023ef_chunk_0024_ast"", ""companies_act_1967_c8232023ef_chunk_0025_ast"", ""companies_act_1967_c8232023ef_chunk_0031_ast"", ""companies_act_1967_c8232023ef_chunk_0039_ast"", ""companies_act_1967_c8232023ef_chunk_0040_ast"", ""companies_act_1967_c8232023ef_chunk_0042_ast"", ""companies_act_1967_c8232023ef_chunk_0081_ast"", ""companies_act_1967_c8232023ef_chunk_0109_ast"", ""companies_act_1967_c8232023ef_chunk_0110_ast"", ""companies_act_1967_c8232023ef_chunk_0132_ast"", ""companies_act_1967_c8232023ef_chunk_0133_ast"", ""companies_act_1967_c8232023ef_chunk_0134_ast"", ""companies_act_1967_c8232023ef_chunk_0139_ast"", ""companies_act_1967_c8232023ef_chunk_0140_ast"", ""companies_act_1967_c8232023ef_chunk_0144_ast"", ""companies_act_1967_c8232023ef_chunk_0145_ast"", ""companies_act_1967_c8232023ef_chunk_0155_ast"", ""companies_act_1967_c8232023ef_chunk_0156_ast"", ""companies_act_1967_c8232023ef_chunk_0231_ast"", ""companies_act_1967_c8232023ef_chunk_0244_ast"", ""companies_act_1967_c8232023ef_chunk_0291_ast"", ""companies_act_1967_c8232023ef_chunk_0333_ast"", ""companies_act_1967_c8232023ef_chunk_0334_ast"", ""companies_act_1967_c8232023ef_chunk_0336_ast"", ""companies_act_1967_c8232023ef_chunk_0371_ast"", ""companies_act_1967_c8232023ef_chunk_0374_ast"", ""companies_act_1967_c8232023ef_chunk_0383_ast"", ""companies_act_1967_c8232023ef_chunk_0388_ast"", ""companies_act_1967_c8232023ef_chunk_0389_ast"", ""companies_act_1967_c8232023ef_chunk_0390_ast"", ""companies_act_1967_c8232023ef_chunk_0392_ast"", ""companies_act_1967_c8232023ef_chunk_0393_ast"", ""companies_act_1967_c8232023ef_chunk_0394_ast"", ""companies_act_1967_c8232023ef_chunk_0395_ast"", ""companies_act_1967_c8232023ef_chunk_0396_ast"", ""companies_act_1967_c8232023ef_chunk_0397_ast"", ""companies_act_1967_c8232023ef_chunk_0398_ast"", ""companies_act_1967_c8232023ef_chunk_0399_ast"", ""companies_act_1967_c8232023ef_chunk_0400_ast"", ""companies_act_1967_c8232023ef_chunk_0401_ast"", ""companies_act_1967_c8232023ef_chunk_0402_ast"", ""companies_act_1967_c8232023ef_chunk_0403_ast"", ""companies_act_1967_c8232023ef_chunk_0404_ast"", ""companies_act_1967_c8232023ef_chunk_0504_ast"", ""companies_act_1967_c8232023ef_chunk_0534_ast"", ""companies_act_1967_c8232023ef_chunk_0536_ast"", ""companies_act_1967_c8232023ef_chunk_0537_ast"", ""companies_act_1967_c8232023ef_chunk_0650_ast"", ""companies_act_1967_c8232023ef_chunk_0760_ast"", ""companies_act_1967_c8232023ef_chunk_0764_ast"", ""companies_act_1967_c8232023ef_chunk_0765_ast"", ""companies_act_1967_c8232023ef_chunk_0766_ast"", ""companies_act_1967_c8232023ef_chunk_0767_ast"", ""companies_act_1967_c8232023ef_chunk_0768_ast"", ""companies_act_1967_c8232023ef_chunk_0769_ast"", ""companies_act_1967_c8232023ef_chunk_0770_ast"", ""companies_act_1967_c8232023ef_chunk_0771_ast"", ""companies_act_1967_c8232023ef_chunk_0772_ast"", ""companies_act_1967_c8232023ef_chunk_0773_ast"", ""companies_act_1967_c8232023ef_chunk_0774_ast"", ""companies_act_1967_c8232023ef_chunk_0775_ast"", ""companies_act_1967_c8232023ef_chunk_0776_ast"", ""companies_act_1967_c8232023ef_chunk_0777_ast"", ""companies_act_1967_c8232023ef_chunk_0778_ast"", ""companies_act_1967_c8232023ef_chunk_0779_ast"", ""companies_act_1967_c8232023ef_chunk_0780_ast"", ""companies_act_1967_c8232023ef_chunk_0781_ast"", ""companies_act_1967_c8232023ef_chunk_0783_ast"", ""companies_act_1967_c8232023ef_chunk_0784_ast"", ""companies_act_1967_c8232023ef_chunk_0787_ast"", ""companies_act_1967_c8232023ef_chunk_0800_ast"", ""companies_act_1967_c8232023ef_chunk_0807_ast"", ""companies_act_1967_c8232023ef_chunk_0837_ast"", ""companies_act_1967_c8232023ef_chunk_0847_ast"", ""companies_act_1967_c8232023ef_chunk_0848_ast"", ""companies_act_1967_c8232023ef_chunk_0849_ast"", ""companies_act_1967_c8232023ef_chunk_0872_ast"", ""companies_act_1967_c8232023ef_chunk_0873_ast""]",high,pending
synonym_80e42fdd3009,transfer,个人信息,related_term,"[""entranslation_of_the_personal_data_protection_act_0_1c77b4099e_chunk_0019_ast"", ""entranslation_of_the_personal_data_protection_act_0_1c77b4099e_chunk_0038_ast"", ""entranslation_of_the_personal_data_protection_act_0_1c77b4099e_chunk_0040_ast"", ""entranslation_of_the_personal_data_protection_act_0_1c77b4099e_chunk_0041_ast"", ""entranslation_of_the_personal_data_protection_act_0_1c77b4099e_chunk_0044_ast"", ""entranslation_of_the_personal_data_protection_act_0_1c77b4099e_chunk_0045_ast"", ""entranslation_of_the_personal_data_protection_act_0_1c77b4099e_chunk_0107_ast"", ""entranslation_of_the_personal_data_protection_act_0_1c77b4099e_chunk_0108_ast"", ""m_29_1bf3c639ac_chunk_0016_ast"", ""personal_data_protection_amendment_act_2020_d7cc5937b1_chunk_0126_ast"", ""personal_data_protection_act_2012_e857c5e9da_chunk_0003_ast"", ""personal_data_protection_act_2012_e857c5e9da_chunk_0053_ast"", ""personal_data_protection_act_2012_e857c5e9da_chunk_0172_ast""]",high,pending
synonym_30bde8a9079c,transfer,传输,synonym,"[""companies_act_1967_c8232023ef_chunk_0011_ast"", ""companies_act_1967_c8232023ef_chunk_0012_ast"", ""companies_act_1967_c8232023ef_chunk_0024_ast"", ""companies_act_1967_c8232023ef_chunk_0025_ast"", ""companies_act_1967_c8232023ef_chunk_0031_ast"", ""companies_act_1967_c8232023ef_chunk_0039_ast"", ""companies_act_1967_c8232023ef_chunk_0040_ast"", ""companies_act_1967_c8232023ef_chunk_0042_ast"", ""companies_act_1967_c8232023ef_chunk_0081_ast"", ""companies_act_1967_c8232023ef_chunk_0109_ast"", ""companies_act_1967_c8232023ef_chunk_0110_ast"", ""companies_act_1967_c8232023ef_chunk_0132_ast"", ""companies_act_1967_c8232023ef_chunk_0133_ast"", ""companies_act_1967_c8232023ef_chunk_0134_ast"", ""companies_act_1967_c8232023ef_chunk_0139_ast"", ""companies_act_1967_c8232023ef_chunk_0140_ast"", ""companies_act_1967_c8232023ef_chunk_0144_ast"", ""companies_act_1967_c8232023ef_chunk_0145_ast"", ""companies_act_1967_c8232023ef_chunk_0155_ast"", ""companies_act_1967_c8232023ef_chunk_0156_ast"", ""companies_act_1967_c8232023ef_chunk_0231_ast"", ""companies_act_1967_c8232023ef_chunk_0244_ast"", ""companies_act_1967_c8232023ef_chunk_0291_ast"", ""companies_act_1967_c8232023ef_chunk_0333_ast"", ""companies_act_1967_c8232023ef_chunk_0334_ast"", ""companies_act_1967_c8232023ef_chunk_0336_ast"", ""companies_act_1967_c8232023ef_chunk_0371_ast"", ""companies_act_1967_c8232023ef_chunk_0374_ast"", ""companies_act_1967_c8232023ef_chunk_0383_ast"", ""companies_act_1967_c8232023ef_chunk_0388_ast"", ""companies_act_1967_c8232023ef_chunk_0389_ast"", ""companies_act_1967_c8232023ef_chunk_0390_ast"", ""companies_act_1967_c8232023ef_chunk_0392_ast"", ""companies_act_1967_c8232023ef_chunk_0393_ast"", ""companies_act_1967_c8232023ef_chunk_0394_ast"", ""companies_act_1967_c8232023ef_chunk_0395_ast"", ""companies_act_1967_c8232023ef_chunk_0396_ast"", ""companies_act_1967_c8232023ef_chunk_0397_ast"", ""companies_act_1967_c8232023ef_chunk_0398_ast"", ""companies_act_1967_c8232023ef_chunk_0399_ast"", ""companies_act_1967_c8232023ef_chunk_0400_ast"", ""companies_act_1967_c8232023ef_chunk_0401_ast"", ""companies_act_1967_c8232023ef_chunk_0402_ast"", ""companies_act_1967_c8232023ef_chunk_0403_ast"", ""companies_act_1967_c8232023ef_chunk_0404_ast"", ""companies_act_1967_c8232023ef_chunk_0504_ast"", ""companies_act_1967_c8232023ef_chunk_0534_ast"", ""companies_act_1967_c8232023ef_chunk_0536_ast"", ""companies_act_1967_c8232023ef_chunk_0537_ast"", ""companies_act_1967_c8232023ef_chunk_0650_ast"", ""companies_act_1967_c8232023ef_chunk_0760_ast"", ""companies_act_1967_c8232023ef_chunk_0764_ast"", ""companies_act_1967_c8232023ef_chunk_0765_ast"", ""companies_act_1967_c8232023ef_chunk_0766_ast"", ""companies_act_1967_c8232023ef_chunk_0767_ast"", ""companies_act_1967_c8232023ef_chunk_0768_ast"", ""companies_act_1967_c8232023ef_chunk_0769_ast"", ""companies_act_1967_c8232023ef_chunk_0770_ast"", ""companies_act_1967_c8232023ef_chunk_0771_ast"", ""companies_act_1967_c8232023ef_chunk_0772_ast"", ""companies_act_1967_c8232023ef_chunk_0773_ast"", ""companies_act_1967_c8232023ef_chunk_0774_ast"", ""companies_act_1967_c8232023ef_chunk_0775_ast"", ""companies_act_1967_c8232023ef_chunk_0776_ast"", ""companies_act_1967_c8232023ef_chunk_0777_ast"", ""companies_act_1967_c8232023ef_chunk_0778_ast"", ""companies_act_1967_c8232023ef_chunk_0779_ast"", ""companies_act_1967_c8232023ef_chunk_0780_ast"", ""companies_act_1967_c8232023ef_chunk_0781_ast"", ""companies_act_1967_c8232023ef_chunk_0783_ast"", ""companies_act_1967_c8232023ef_chunk_0784_ast"", ""companies_act_1967_c8232023ef_chunk_0787_ast"", ""companies_act_1967_c8232023ef_chunk_0800_ast"", ""companies_act_1967_c8232023ef_chunk_0807_ast"", ""companies_act_1967_c8232023ef_chunk_0837_ast"", ""companies_act_1967_c8232023ef_chunk_0847_ast"", ""companies_act_1967_c8232023ef_chunk_0848_ast"", ""companies_act_1967_c8232023ef_chunk_0849_ast"", ""companies_act_1967_c8232023ef_chunk_0872_ast"", ""companies_act_1967_c8232023ef_chunk_0873_ast""]",high,pending
synonym_f26312a74a89,transfer,同意,related_term,"[""companies_act_1967_c8232023ef_chunk_0837_ast"", ""entranslation_of_the_personal_data_protection_act_0_1c77b4099e_chunk_0038_ast"", ""entranslation_of_the_personal_data_protection_act_0_1c77b4099e_chunk_0044_ast"", ""entranslation_of_the_personal_data_protection_act_0_1c77b4099e_chunk_0107_ast""]",high,pending
synonym_ea4e388df89f,transfer,自然人,related_term,"[""personal_data_protection_act_2012_e857c5e9da_chunk_0172_ast""]",high,pending
synonym_8be8509540b0,transfer,转移,synonym,"[""companies_act_1967_c8232023ef_chunk_0011_ast"", ""companies_act_1967_c8232023ef_chunk_0012_ast"", ""companies_act_1967_c8232023ef_chunk_0024_ast"", ""companies_act_1967_c8232023ef_chunk_0025_ast"", ""companies_act_1967_c8232023ef_chunk_0031_ast"", ""companies_act_1967_c8232023ef_chunk_0039_ast"", ""companies_act_1967_c8232023ef_chunk_0040_ast"", ""companies_act_1967_c8232023ef_chunk_0042_ast"", ""companies_act_1967_c8232023ef_chunk_0081_ast"", ""companies_act_1967_c8232023ef_chunk_0109_ast"", ""companies_act_1967_c8232023ef_chunk_0110_ast"", ""companies_act_1967_c8232023ef_chunk_0132_ast"", ""companies_act_1967_c8232023ef_chunk_0133_ast"", ""companies_act_1967_c8232023ef_chunk_0134_ast"", ""companies_act_1967_c8232023ef_chunk_0139_ast"", ""companies_act_1967_c8232023ef_chunk_0140_ast"", ""companies_act_1967_c8232023ef_chunk_0144_ast"", ""companies_act_1967_c8232023ef_chunk_0145_ast"", ""companies_act_1967_c8232023ef_chunk_0155_ast"", ""companies_act_1967_c8232023ef_chunk_0156_ast"", ""companies_act_1967_c8232023ef_chunk_0231_ast"", ""companies_act_1967_c8232023ef_chunk_0244_ast"", ""companies_act_1967_c8232023ef_chunk_0291_ast"", ""companies_act_1967_c8232023ef_chunk_0333_ast"", ""companies_act_1967_c8232023ef_chunk_0334_ast"", ""companies_act_1967_c8232023ef_chunk_0336_ast"", ""companies_act_1967_c8232023ef_chunk_0371_ast"", ""companies_act_1967_c8232023ef_chunk_0374_ast"", ""companies_act_1967_c8232023ef_chunk_0383_ast"", ""companies_act_1967_c8232023ef_chunk_0388_ast"", ""companies_act_1967_c8232023ef_chunk_0389_ast"", ""companies_act_1967_c8232023ef_chunk_0390_ast"", ""companies_act_1967_c8232023ef_chunk_0392_ast"", ""companies_act_1967_c8232023ef_chunk_0393_ast"", ""companies_act_1967_c8232023ef_chunk_0394_ast"", ""companies_act_1967_c8232023ef_chunk_0395_ast"", ""companies_act_1967_c8232023ef_chunk_0396_ast"", ""companies_act_1967_c8232023ef_chunk_0397_ast"", ""companies_act_1967_c8232023ef_chunk_0398_ast"", ""companies_act_1967_c8232023ef_chunk_0399_ast"", ""companies_act_1967_c8232023ef_chunk_0400_ast"", ""companies_act_1967_c8232023ef_chunk_0401_ast"", ""companies_act_1967_c8232023ef_chunk_0402_ast"", ""companies_act_1967_c8232023ef_chunk_0403_ast"", ""companies_act_1967_c8232023ef_chunk_0404_ast"", ""companies_act_1967_c8232023ef_chunk_0504_ast"", ""companies_act_1967_c8232023ef_chunk_0534_ast"", ""companies_act_1967_c8232023ef_chunk_0536_ast"", ""companies_act_1967_c8232023ef_chunk_0537_ast"", ""companies_act_1967_c8232023ef_chunk_0650_ast"", ""companies_act_1967_c8232023ef_chunk_0760_ast"", ""companies_act_1967_c8232023ef_chunk_0764_ast"", ""companies_act_1967_c8232023ef_chunk_0765_ast"", ""companies_act_1967_c8232023ef_chunk_0766_ast"", ""companies_act_1967_c8232023ef_chunk_0767_ast"", ""companies_act_1967_c8232023ef_chunk_0768_ast"", ""companies_act_1967_c8232023ef_chunk_0769_ast"", ""companies_act_1967_c8232023ef_chunk_0770_ast"", ""companies_act_1967_c8232023ef_chunk_0771_ast"", ""companies_act_1967_c8232023ef_chunk_0772_ast"", ""companies_act_1967_c8232023ef_chunk_0773_ast"", ""companies_act_1967_c8232023ef_chunk_0774_ast"", ""companies_act_1967_c8232023ef_chunk_0775_ast"", ""companies_act_1967_c8232023ef_chunk_0776_ast"", ""companies_act_1967_c8232023ef_chunk_0777_ast"", ""companies_act_1967_c8232023ef_chunk_0778_ast"", ""companies_act_1967_c8232023ef_chunk_0779_ast"", ""companies_act_1967_c8232023ef_chunk_0780_ast"", ""companies_act_1967_c8232023ef_chunk_0781_ast"", ""companies_act_1967_c8232023ef_chunk_0783_ast"", ""companies_act_1967_c8232023ef_chunk_0784_ast"", ""companies_act_1967_c8232023ef_chunk_0787_ast"", ""companies_act_1967_c8232023ef_chunk_0800_ast"", ""companies_act_1967_c8232023ef_chunk_0807_ast"", ""companies_act_1967_c8232023ef_chunk_0837_ast"", ""companies_act_1967_c8232023ef_chunk_0847_ast"", ""companies_act_1967_c8232023ef_chunk_0848_ast"", ""companies_act_1967_c8232023ef_chunk_0849_ast"", ""companies_act_1967_c8232023ef_chunk_0872_ast"", ""companies_act_1967_c8232023ef_chunk_0873_ast""]",high,pending
synonym_c54a6fefeeca,“Government Technology Agency,data subject information,related_term,"[""personal_data_protection_amendment_act_2020_d7cc5937b1_chunk_0166_ast""]",high,pending
synonym_5bca123d09e6,“Government Technology Agency,personal information,related_term,"[""personal_data_protection_amendment_act_2020_d7cc5937b1_chunk_0166_ast""]",high,pending
synonym_84188a2ceba9,“Government Technology Agency,个人信息,related_term,"[""personal_data_protection_amendment_act_2020_d7cc5937b1_chunk_0166_ast""]",high,pending
synonym_07aedda87ebe,“specified purpose,data subject information,related_term,"[""personal_data_protection_amendment_act_2020_d7cc5937b1_chunk_0167_ast""]",high,pending
synonym_bb243f9b07f8,“specified purpose,personal information,related_term,"[""personal_data_protection_amendment_act_2020_d7cc5937b1_chunk_0167_ast""]",high,pending
synonym_0f1b0f693201,“specified purpose,个人信息,related_term,"[""personal_data_protection_amendment_act_2020_d7cc5937b1_chunk_0167_ast""]",high,pending
synonym_32b0bb4cbd65,个人信息,cybersecurity,related_term,"[""document_ba5049f6a2_chunk_0003_ast"", ""document_ba5049f6a2_chunk_0004_ast"", ""document_ba5049f6a2_chunk_0005_ast"", ""document_ba5049f6a2_chunk_0008_ast"", ""document_ba5049f6a2_chunk_0009_ast"", ""document_318a65d5a2_chunk_0005_ast""]",high,pending
synonym_11949cc36b1f,个人信息,network security,related_term,"[""document_ba5049f6a2_chunk_0003_ast"", ""document_ba5049f6a2_chunk_0004_ast"", ""document_ba5049f6a2_chunk_0005_ast"", ""document_ba5049f6a2_chunk_0008_ast"", ""document_ba5049f6a2_chunk_0009_ast"", ""document_318a65d5a2_chunk_0005_ast""]",high,pending
synonym_e4ba9afea571,个人信息,personal data,related_term,"[""document_0e841274ea_chunk_0001_ast"", ""document_0e841274ea_chunk_0002_ast"", ""document_0e841274ea_chunk_0003_ast"", ""document_0e841274ea_chunk_0004_ast"", ""document_0e841274ea_chunk_0005_ast"", ""document_0e841274ea_chunk_0006_ast"", ""document_0e841274ea_chunk_0007_ast"", ""document_0e841274ea_chunk_0008_ast"", ""document_0e841274ea_chunk_0009_ast"", ""document_ba5049f6a2_chunk_0003_ast"", ""document_ba5049f6a2_chunk_0004_ast"", ""document_ba5049f6a2_chunk_0005_ast"", ""document_ba5049f6a2_chunk_0008_ast"", ""document_ba5049f6a2_chunk_0009_ast"", ""document_318a65d5a2_chunk_0004_ast"", ""document_318a65d5a2_chunk_0005_ast"", ""document_318a65d5a2_chunk_0006_ast""]",high,pending
synonym_002840ae261b,个人信息,personal information,related_term,"[""document_0e841274ea_chunk_0001_ast"", ""document_0e841274ea_chunk_0002_ast"", ""document_0e841274ea_chunk_0003_ast"", ""document_0e841274ea_chunk_0004_ast"", ""document_0e841274ea_chunk_0005_ast"", ""document_0e841274ea_chunk_0006_ast"", ""document_0e841274ea_chunk_0007_ast"", ""document_0e841274ea_chunk_0008_ast"", ""document_0e841274ea_chunk_0009_ast"", ""document_ba5049f6a2_chunk_0003_ast"", ""document_ba5049f6a2_chunk_0004_ast"", ""document_ba5049f6a2_chunk_0005_ast"", ""document_ba5049f6a2_chunk_0008_ast"", ""document_ba5049f6a2_chunk_0009_ast"", ""document_318a65d5a2_chunk_0004_ast"", ""document_318a65d5a2_chunk_0005_ast"", ""document_318a65d5a2_chunk_0006_ast""]",high,pending
synonym_abda4b9f4519,个人信息处理者,personal data,related_term,"[""document_0e841274ea_chunk_0001_ast"", ""document_0e841274ea_chunk_0002_ast"", ""document_0e841274ea_chunk_0003_ast"", ""document_0e841274ea_chunk_0004_ast"", ""document_0e841274ea_chunk_0005_ast"", ""document_0e841274ea_chunk_0006_ast"", ""document_0e841274ea_chunk_0007_ast"", ""document_0e841274ea_chunk_0008_ast"", ""document_0e841274ea_chunk_0009_ast""]",high,pending
synonym_6a586e8597a7,个人信息处理者,personal information,related_term,"[""document_0e841274ea_chunk_0001_ast"", ""document_0e841274ea_chunk_0002_ast"", ""document_0e841274ea_chunk_0003_ast"", ""document_0e841274ea_chunk_0004_ast"", ""document_0e841274ea_chunk_0005_ast"", ""document_0e841274ea_chunk_0006_ast"", ""document_0e841274ea_chunk_0007_ast"", ""document_0e841274ea_chunk_0008_ast"", ""document_0e841274ea_chunk_0009_ast""]",high,pending
synonym_96f4470394aa,关键信息基础设施,cybersecurity,related_term,"[""document_ba5049f6a2_chunk_0001_ast"", ""document_ba5049f6a2_chunk_0004_ast"", ""document_ba5049f6a2_chunk_0005_ast"", ""document_ba5049f6a2_chunk_0006_ast"", ""document_ba5049f6a2_chunk_0007_ast"", ""document_ba5049f6a2_chunk_0008_ast"", ""document_ba5049f6a2_chunk_0009_ast""]",high,pending
synonym_80eccfd293dc,关键信息基础设施,network security,related_term,"[""document_ba5049f6a2_chunk_0001_ast"", ""document_ba5049f6a2_chunk_0004_ast"", ""document_ba5049f6a2_chunk_0005_ast"", ""document_ba5049f6a2_chunk_0006_ast"", ""document_ba5049f6a2_chunk_0007_ast"", ""document_ba5049f6a2_chunk_0008_ast"", ""document_ba5049f6a2_chunk_0009_ast""]",high,pending
synonym_b779fda1b919,关键信息基础设施,personal data,related_term,"[""document_0e841274ea_chunk_0004_ast"", ""document_ba5049f6a2_chunk_0004_ast"", ""document_ba5049f6a2_chunk_0005_ast"", ""document_ba5049f6a2_chunk_0008_ast"", ""document_ba5049f6a2_chunk_0009_ast""]",high,pending
synonym_797f1045ce83,关键信息基础设施,personal information,related_term,"[""document_0e841274ea_chunk_0004_ast"", ""document_ba5049f6a2_chunk_0004_ast"", ""document_ba5049f6a2_chunk_0005_ast"", ""document_ba5049f6a2_chunk_0008_ast"", ""document_ba5049f6a2_chunk_0009_ast""]",high,pending
synonym_5018392373c6,法律责任,cybersecurity,related_term,"[""document_ba5049f6a2_chunk_0001_ast"", ""document_ba5049f6a2_chunk_0006_ast"", ""document_ba5049f6a2_chunk_0009_ast"", ""document_318a65d5a2_chunk_0005_ast""]",high,pending
synonym_e3b9668a2182,法律责任,network security,related_term,"[""document_ba5049f6a2_chunk_0001_ast"", ""document_ba5049f6a2_chunk_0006_ast"", ""document_ba5049f6a2_chunk_0009_ast"", ""document_318a65d5a2_chunk_0005_ast""]",high,pending
synonym_312cc75268dc,法律责任,personal data,related_term,"[""document_0e841274ea_chunk_0001_ast"", ""document_0e841274ea_chunk_0008_ast"", ""document_ba5049f6a2_chunk_0009_ast"", ""document_318a65d5a2_chunk_0005_ast""]",high,pending
synonym_d06377055826,法律责任,personal information,related_term,"[""document_0e841274ea_chunk_0001_ast"", ""document_0e841274ea_chunk_0008_ast"", ""document_ba5049f6a2_chunk_0009_ast"", ""document_318a65d5a2_chunk_0005_ast""]",high,pending
synonym_c739fbb37c81,网络安全,cybersecurity,related_term,"[""document_ba5049f6a2_chunk_0001_ast"", ""document_ba5049f6a2_chunk_0002_ast"", ""document_ba5049f6a2_chunk_0003_ast"", ""document_ba5049f6a2_chunk_0004_ast"", ""document_ba5049f6a2_chunk_0005_ast"", ""document_ba5049f6a2_chunk_0006_ast"", ""document_ba5049f6a2_chunk_0007_ast"", ""document_ba5049f6a2_chunk_0008_ast"", ""document_ba5049f6a2_chunk_0009_ast"", ""document_318a65d5a2_chunk_0001_ast"", ""document_318a65d5a2_chunk_0002_ast"", ""document_318a65d5a2_chunk_0005_ast""]",high,pending
synonym_33b7b707a000,网络安全,network security,related_term,"[""document_ba5049f6a2_chunk_0001_ast"", ""document_ba5049f6a2_chunk_0002_ast"", ""document_ba5049f6a2_chunk_0003_ast"", ""document_ba5049f6a2_chunk_0004_ast"", ""document_ba5049f6a2_chunk_0005_ast"", ""document_ba5049f6a2_chunk_0006_ast"", ""document_ba5049f6a2_chunk_0007_ast"", ""document_ba5049f6a2_chunk_0008_ast"", ""document_ba5049f6a2_chunk_0009_ast"", ""document_318a65d5a2_chunk_0001_ast"", ""document_318a65d5a2_chunk_0002_ast"", ""document_318a65d5a2_chunk_0005_ast""]",high,pending
synonym_7969fd34da33,网络安全,personal data,related_term,"[""document_ba5049f6a2_chunk_0003_ast"", ""document_ba5049f6a2_chunk_0004_ast"", ""document_ba5049f6a2_chunk_0005_ast"", ""document_ba5049f6a2_chunk_0008_ast"", ""document_ba5049f6a2_chunk_0009_ast"", ""document_318a65d5a2_chunk_0005_ast""]",high,pending
synonym_096383c9f51a,网络安全,personal information,related_term,"[""document_ba5049f6a2_chunk_0003_ast"", ""document_ba5049f6a2_chunk_0004_ast"", ""document_ba5049f6a2_chunk_0005_ast"", ""document_ba5049f6a2_chunk_0008_ast"", ""document_ba5049f6a2_chunk_0009_ast"", ""document_318a65d5a2_chunk_0005_ast""]",high,pending
synonym_78af9036e40b,网络运营者,cybersecurity,related_term,"[""document_ba5049f6a2_chunk_0001_ast"", ""document_ba5049f6a2_chunk_0002_ast"", ""document_ba5049f6a2_chunk_0003_ast"", ""document_ba5049f6a2_chunk_0004_ast"", ""document_ba5049f6a2_chunk_0005_ast"", ""document_ba5049f6a2_chunk_0006_ast"", ""document_ba5049f6a2_chunk_0007_ast"", ""document_ba5049f6a2_chunk_0008_ast"", ""document_ba5049f6a2_chunk_0009_ast""]",high,pending
synonym_2020757e6b35,网络运营者,network security,related_term,"[""document_ba5049f6a2_chunk_0001_ast"", ""document_ba5049f6a2_chunk_0002_ast"", ""document_ba5049f6a2_chunk_0003_ast"", ""document_ba5049f6a2_chunk_0004_ast"", ""document_ba5049f6a2_chunk_0005_ast"", ""document_ba5049f6a2_chunk_0006_ast"", ""document_ba5049f6a2_chunk_0007_ast"", ""document_ba5049f6a2_chunk_0008_ast"", ""document_ba5049f6a2_chunk_0009_ast""]",high,pending
synonym_2b064ca8a97e,网络运营者,personal data,related_term,"[""document_ba5049f6a2_chunk_0003_ast"", ""document_ba5049f6a2_chunk_0004_ast"", ""document_ba5049f6a2_chunk_0005_ast"", ""document_ba5049f6a2_chunk_0008_ast"", ""document_ba5049f6a2_chunk_0009_ast""]",high,pending
synonym_f349693742c8,网络运营者,personal information,related_term,"[""document_ba5049f6a2_chunk_0003_ast"", ""document_ba5049f6a2_chunk_0004_ast"", ""document_ba5049f6a2_chunk_0005_ast"", ""document_ba5049f6a2_chunk_0008_ast"", ""document_ba5049f6a2_chunk_0009_ast""]",high,pending
synonym_78bb48388ec5,自动化决策,personal data,related_term,"[""document_0e841274ea_chunk_0003_ast"", ""document_0e841274ea_chunk_0006_ast"", ""document_0e841274ea_chunk_0009_ast""]",high,pending
synonym_1b9999590c4e,自动化决策,personal information,related_term,"[""document_0e841274ea_chunk_0003_ast"", ""document_0e841274ea_chunk_0006_ast"", ""document_0e841274ea_chunk_0009_ast""]",high,pending
synonym_da63402313a8,行政处罚,cybersecurity,related_term,"[""document_318a65d5a2_chunk_0005_ast""]",high,pending
synonym_b7aa1bf48306,行政处罚,network security,related_term,"[""document_318a65d5a2_chunk_0005_ast""]",high,pending
synonym_c0c9a40776ce,行政处罚,personal data,related_term,"[""document_318a65d5a2_chunk_0005_ast"", ""document_318a65d5a2_chunk_0006_ast""]",high,pending
synonym_19483637eb9c,行政处罚,personal information,related_term,"[""document_318a65d5a2_chunk_0005_ast"", ""document_318a65d5a2_chunk_0006_ast""]",high,pending
